사고번호,사고일시,요일,시군구,사고내용,사망자수,중상자수,경상자수,부상신고자수,사고유형,법규위반,노면상태,기상상태,도로형태,가해운전자 차종,가해운전자 성별,가해운전자 연령,가해운전자 상해정도,피해운전자 차종,피해운전자 성별,피해운전자 연령,피해운전자 상해정도,lat(위도),lon(경도)
2017050400100359.0,2017년 5월 4일 15시,목요일,서울특별시 양천구 신정동,경상사고,0.0,0.0,1.0,0.0,차대사람 - 횡단중,보행자보호의무위반,건조,맑음,단일로 - 기타,승용,남,61세,상해없음,보행자,여,9세,경상,37.65413679199711,127.05026905928192
2017050500100174.0,2017년 5월 5일 11시,금요일,서울특별시 동대문구 제기동,경상사고,0.0,0.0,1.0,0.0,차대사람 - 기타,안전운전불이행,건조,맑음,단일로 - 기타,승용,남,42세,상해없음,보행자,여,11세,경상,37.52099847998973,126.8740110311661
2017050500100367.0,2017년 5월 5일 17시,금요일,서울특별시 종로구 안국동,중상사고,0.0,1.0,0.0,0.0,차대사람 - 기타,신호위반,건조,맑음,단일로 - 기타,자전거,남,33세,상해없음,보행자,남,3세,중상,37.587437394171225,127.03855119532268
2017050500100512.0,2017년 5월 5일 21시,금요일,서울특별시 영등포구 문래동1가,경상사고,0.0,0.0,2.0,1.0,차대차 - 측면충돌,안전거리미확보,젖음/습기,맑음,기타 - 기타,승용,남,62세,상해없음,승용,남,53세,경상,37.5769812917051,126.98400649450171
2017050600100121.0,2017년 5월 6일 09시,토요일,서울특별시 강남구 대치동,부상신고사고,0.0,0.0,0.0,1.0,차대사람 - 횡단중,보행자보호의무위반,건조,맑음,교차로 - 교차로안,승용,남,72세,상해없음,보행자,남,10세,부상신고,37.51428816584018,126.9009979160624
2017050600100376.0,2017년 5월 6일 17시,토요일,서울특별시 송파구 송파동,중상사고,0.0,1.0,0.0,0.0,차대사람 - 횡단중,안전운전불이행,건조,맑음,단일로 - 기타,승용,남,68세,상해없음,보행자,여,11세,중상,37.49948424459532,127.06245499113275
2017050800100377.0,2017년 5월 8일 16시,월요일,서울특별시 강서구 화곡동,경상사고,0.0,0.0,1.0,0.0,차대사람 - 보도통행중,신호위반,건조,맑음,교차로 - 교차로횡단보도내,승합,남,55세,상해없음,보행자,남,9세,경상,37.50259540100996,127.1118781520136
2017050800100502.0,2017년 5월 8일 19시,월요일,서울특별시 용산구 보광동,경상사고,0.0,0.0,2.0,0.0,차대사람 - 횡단중,보행자보호의무위반,건조,맑음,단일로 - 기타,승용,남,35세,상해없음,보행자,남,14세,경상,37.54746656922647,126.84331503781166
2017050900100203.0,2017년 5월 9일 12시,화요일,서울특별시 성북구 동선동1가,중상사고,0.0,1.0,0.0,0.0,차대사람 - 횡단중,보행자보호의무위반,건조,맑음,단일로 - 기타,화물,남,55세,상해없음,보행자,여,6세,중상,37.52505013640508,127.00187202678802
2017050900100349.0,2017년 5월 9일 17시,화요일,서울특별시 양천구 신정동,경상사고,0.0,0.0,2.0,0.0,차대사람 - 횡단중,보행자보호의무위반,젖음/습기,흐림,교차로 - 교차로부근,승용,여,58세,상해없음,보행자,남,40세,경상,37.59135284213984,127.01692604656556
2017050900100447.0,2017년 5월 9일 20시,화요일,서울특별시 서대문구 홍제동,경상사고,0.0,0.0,1.0,0.0,차대사람 - 횡단중,안전운전불이행,건조,맑음,단일로 - 기타,승용,남,27세,상해없음,보행자,여,6세,경상,37.52582539489314,126.86141991623104
2017051000100285.0,2017년 5월 10일 15시,수요일,서울특별시 송파구 방이동,중상사고,0.0,1.0,0.0,0.0,차대사람 - 횡단중,안전운전불이행,건조,맑음,교차로 - 교차로부근,승용,남,67세,상해없음,보행자,남,8세,중상,37.59666122583455,126.94891248042236
2017051000100286.0,2017년 5월 10일 15시,수요일,서울특별시 구로구 신도림동,경상사고,0.0,0.0,1.0,0.0,차대사람 - 횡단중,보행자보호의무위반,건조,맑음,교차로 - 교차로안,승용,남,57세,상해없음,보행자,여,10세,경상,37.506574574887104,127.12149743211891
2017051100100418.0,2017년 5월 11일 18시,목요일,서울특별시 중구 흥인동,부상신고사고,0.0,0.0,0.0,1.0,차대사람 - 횡단중,안전운전불이행,건조,맑음,단일로 - 기타,승용,남,53세,상해없음,보행자,남,2세,부상신고,37.50945537564807,126.8849130212925
2017051100100420.0,2017년 5월 11일 18시,목요일,서울특별시 성북구 삼선동2가,경상사고,0.0,0.0,1.0,0.0,차대사람 - 횡단중,안전운전불이행,건조,맑음,교차로 - 교차로안,승용,남,19세,상해없음,보행자,남,10세,경상,37.56650389069124,127.01721112153471
2017051200100300.0,2017년 5월 12일 14시,금요일,서울특별시 서초구 서초동,부상신고사고,0.0,0.0,0.0,2.0,차대사람 - 길가장자리구역통행중,안전운전불이행,건조,흐림,단일로 - 기타,승용,남,31세,부상신고,보행자,남,12세,부상신고,37.58866699943693,127.0147686621954
2017051200100366.0,2017년 5월 12일 16시,금요일,서울특별시 광진구 광장동,부상신고사고,0.0,0.0,0.0,1.0,차대사람 - 기타,안전운전불이행,건조,맑음,교차로 - 교차로횡단보도내,기타불명,기타불명,미분류,기타불명,보행자,남,11세,부상신고,37.48576245093853,127.00891973991207
2017051300100303.0,2017년 5월 13일 13시,토요일,서울특별시 종로구 신교동,중상사고,0.0,1.0,0.0,1.0,차대사람 - 횡단중,보행자보호의무위반,건조,맑음,교차로 - 교차로안,승용,남,52세,상해없음,보행자,여,37세,중상,37.54492527489633,127.10436859024917
2017051300100344.0,2017년 5월 13일 14시,토요일,서울특별시 마포구 대흥동,경상사고,0.0,0.0,1.0,0.0,차대사람 - 횡단중,신호위반,젖음/습기,맑음,교차로 - 교차로횡단보도내,승용,남,47세,상해없음,보행자,남,11세,경상,37.577231380644974,126.96925956688706
2017051300100460.0,2017년 5월 13일 17시,토요일,서울특별시 구로구 구로동,경상사고,0.0,0.0,2.0,0.0,차대사람 - 횡단중,신호위반,젖음/습기,흐림,교차로 - 교차로안,이륜,남,17세,경상,보행자,여,9세,경상,37.54675232052279,126.94093697085636
2017051400100244.0,2017년 5월 14일 14시,일요일,서울특별시 강동구 천호동,중상사고,0.0,1.0,0.0,0.0,차대사람 - 기타,안전운전불이행,건조,맑음,단일로 - 기타,승용,남,39세,상해없음,보행자,여,5세,중상,37.49770482774158,126.88377630224184
2017051600100089.0,2017년 5월 16일 07시,화요일,서울특별시 서대문구 남가좌동,중상사고,0.0,1.0,0.0,0.0,차대사람 - 기타,기타,건조,맑음,단일로 - 기타,승합,남,63세,상해없음,보행자,남,2세,중상,37.54323730784665,127.12290827016284
2017051600100309.0,2017년 5월 16일 14시,화요일,서울특별시 강동구 성내동,경상사고,0.0,0.0,1.0,0.0,차대사람 - 기타,안전운전불이행,건조,맑음,교차로 - 교차로부근,자전거,남,70세,기타불명,보행자,남,8세,경상,37.57485398797486,126.92174682271174
2017051600100340.0,2017년 5월 16일 15시,화요일,서울특별시 영등포구 양평동3가,경상사고,0.0,0.0,1.0,0.0,차대사람 - 차도통행중,안전운전불이행,건조,맑음,기타 - 기타,기타불명,기타불명,미분류,기타불명,보행자,여,8세,경상,37.52881718275492,127.1319785072688
2017051600100412.0,2017년 5월 16일 17시,화요일,서울특별시 성북구 길음동,중상사고,0.0,1.0,1.0,0.0,차대사람 - 기타,안전운전불이행,건조,맑음,단일로 - 기타,승용,남,32세,상해없음,보행자,남,8세,중상,37.531744416334114,126.89336574078872
2017051700100107.0,2017년 5월 17일 08시,수요일,서울특별시 동대문구 장안동,경상사고,0.0,0.0,1.0,0.0,차대사람 - 보도통행중,보행자보호의무위반,건조,맑음,단일로 - 기타,승용,여,36세,상해없음,보행자,남,11세,경상,37.60844573991527,127.02219716690811
2017051700100110.0,2017년 5월 17일 08시,수요일,서울특별시 강동구 고덕동,경상사고,0.0,0.0,1.0,0.0,차대사람 - 기타,보행자보호의무위반,건조,맑음,단일로 - 기타,화물,남,57세,상해없음,보행자,여,7세,경상,37.56628964965039,127.07146297342511
2017051700100404.0,2017년 5월 17일 17시,수요일,서울특별시 강동구 고덕동,경상사고,0.0,0.0,1.0,0.0,차대사람 - 횡단중,안전운전불이행,건조,맑음,단일로 - 기타,승용,여,53세,상해없음,보행자,여,11세,경상,37.55743249459952,127.14884362347436
2017051800100381.0,2017년 5월 18일 16시,목요일,서울특별시 노원구 월계동,중상사고,0.0,1.0,0.0,0.0,차대사람 - 횡단중,신호위반,건조,맑음,단일로 - 기타,승용,남,53세,상해없음,보행자,남,6세,중상,37.55894882073428,127.15258420191674
2017051800100510.0,2017년 5월 18일 19시,목요일,서울특별시 성북구 석관동,경상사고,0.0,0.0,1.0,0.0,차대사람 - 보도통행중,보행자보호의무위반,건조,맑음,단일로 - 기타,기타불명,기타불명,미분류,기타불명,보행자,여,12세,경상,37.63220018267536,127.06035202700949
2017051900100392.0,2017년 5월 19일 15시,금요일,서울특별시 광진구 구의동,중상사고,0.0,1.0,0.0,0.0,차대사람 - 횡단중,신호위반,건조,맑음,교차로 - 교차로부근,승합,남,54세,상해없음,보행자,남,11세,중상,37.61006364165236,127.05804640780458
2017051900100394.0,2017년 5월 19일 15시,금요일,서울특별시 관악구 봉천동,경상사고,0.0,0.0,1.0,0.0,차대사람 - 기타,안전운전불이행,건조,맑음,교차로 - 교차로횡단보도내,이륜,남,32세,상해없음,보행자,남,10세,경상,37.549844559143466,127.09053103759204
2017052000100286.0,2017년 5월 20일 13시,토요일,서울특별시 양천구 목동,경상사고,0.0,0.0,1.0,0.0,차대사람 - 차도통행중,안전운전불이행,건조,맑음,기타 - 기타,자전거,남,38세,상해없음,보행자,남,4세,경상,37.485441212655154,126.95615523073796
2017052000100361.0,2017년 5월 20일 15시,토요일,서울특별시 노원구 상계동,경상사고,0.0,0.0,1.0,0.0,차대사람 - 횡단중,안전운전불이행,건조,맑음,기타 - 기타,승용,남,51세,상해없음,보행자,여,4세,경상,37.535160289675225,126.87772968394113
2017052000100400.0,2017년 5월 20일 16시,토요일,서울특별시 강서구 염창동,경상사고,0.0,0.0,1.0,0.0,차대사람 - 길가장자리구역통행중,안전운전불이행,건조,맑음,단일로 - 기타,승용,남,77세,상해없음,보행자,남,12세,경상,37.65990580142162,127.06972363492464
2017052000100514.0,2017년 5월 20일 19시,토요일,서울특별시 송파구 오금동,부상신고사고,0.0,0.0,0.0,1.0,차대사람 - 횡단중,안전운전불이행,건조,맑음,단일로 - 기타,자전거,남,37세,상해없음,보행자,남,5세,부상신고,37.55025960301074,126.86956632890394
2017052200100331.0,2017년 5월 22일 14시,월요일,서울특별시 강남구 일원동,중상사고,0.0,1.0,0.0,0.0,차대사람 - 횡단중,보행자보호의무위반,건조,맑음,단일로 - 기타,승용,남,77세,상해없음,보행자,여,10세,중상,37.502243370401885,127.13724542981456
2017052200100405.0,2017년 5월 22일 16시,월요일,서울특별시 중구 태평로1가,경상사고,0.0,0.0,1.0,0.0,차대사람 - 횡단중,기타,건조,맑음,교차로 - 교차로안,승용,여,31세,상해없음,보행자,여,11세,경상,37.481160680189305,127.0826946649249
2017052200100406.0,2017년 5월 22일 16시,월요일,서울특별시 강남구 일원동,중상사고,0.0,1.0,0.0,0.0,차대사람 - 횡단중,안전운전불이행,건조,맑음,교차로 - 교차로부근,화물,남,25세,상해없음,보행자,여,10세,중상,37.56660917177395,126.97839368638668
2017052300100353.0,2017년 5월 23일 15시,화요일,서울특별시 강남구 도곡동,경상사고,0.0,0.0,1.0,0.0,차대사람 - 횡단중,안전운전불이행,건조,맑음,단일로 - 기타,승용,여,73세,상해없음,보행자,남,8세,경상,37.49096046264553,127.0807057914106
2017052300100385.0,2017년 5월 23일 16시,화요일,서울특별시 관악구 신림동,경상사고,0.0,0.0,1.0,0.0,차대사람 - 기타,안전운전불이행,건조,맑음,기타 - 기타,승용,남,72세,상해없음,보행자,여,7세,경상,37.48640666522449,127.03675271733962
2017052300100414.0,2017년 5월 23일 17시,화요일,서울특별시 서대문구 북가좌동,경상사고,0.0,0.0,1.0,0.0,차대사람 - 보도통행중,신호위반,젖음/습기,비,단일로 - 기타,원동기,남,33세,상해없음,보행자,여,8세,경상,37.46058540673344,126.9190547901958
2017052400100132.0,2017년 5월 24일 08시,수요일,서울특별시 서초구 방배동,경상사고,0.0,0.0,1.0,0.0,차대사람 - 횡단중,안전운전불이행,건조,맑음,교차로 - 교차로부근,이륜,남,54세,상해없음,보행자,남,6세,경상,37.57919816133763,126.91075032892148
2017052400100428.0,2017년 5월 24일 17시,수요일,서울특별시 강동구 성내동,중상사고,0.0,1.0,0.0,0.0,차대사람 - 기타,기타,건조,맑음,단일로 - 기타,승합,남,33세,상해없음,보행자,남,11세,중상,37.48573629604072,126.98582239532024
2017052400100512.0,2017년 5월 24일 19시,수요일,서울특별시 동대문구 답십리동,중상사고,0.0,1.0,0.0,0.0,차대사람 - 횡단중,보행자보호의무위반,건조,맑음,단일로 - 기타,승용,남,42세,상해없음,보행자,여,10세,중상,37.5321090692831,127.12118733658284
2017052500100330.0,2017년 5월 25일 14시,목요일,서울특별시 서초구 방배동,경상사고,0.0,0.0,1.0,0.0,차대사람 - 횡단중,안전운전불이행,건조,맑음,단일로 - 기타,승용,여,60세,상해없음,보행자,남,11세,경상,37.56800160773779,127.0566531163968
2017052500100433.0,2017년 5월 25일 17시,목요일,서울특별시 도봉구 쌍문동,중상사고,0.0,1.0,1.0,0.0,차대사람 - 횡단중,신호위반,건조,맑음,교차로 - 교차로횡단보도내,승용,남,52세,상해없음,보행자,여,8세,경상,37.4958615146231,126.98858116968997
2017052500100519.0,2017년 5월 25일 19시,목요일,서울특별시 송파구 방이동,중상사고,0.0,1.0,0.0,0.0,차대사람 - 횡단중,보행자보호의무위반,건조,맑음,교차로 - 교차로부근,승합,남,57세,상해없음,보행자,남,11세,중상,37.64730745271094,127.02566643133886
2017052600100655.0,2017년 5월 26일 21시,금요일,서울특별시 은평구 응암동,경상사고,0.0,0.0,1.0,0.0,차대사람 - 횡단중,보행자보호의무위반,건조,맑음,교차로 - 교차로횡단보도내,승용,남,59세,상해없음,보행자,여,3세,경상,37.51182189173469,127.12193485890502
2017052700100396.0,2017년 5월 27일 15시,토요일,서울특별시 서대문구 홍제동,중상사고,0.0,1.0,0.0,0.0,차대사람 - 차도통행중,안전운전불이행,건조,맑음,단일로 - 기타,이륜,남,38세,기타불명,보행자,남,6세,중상,37.59995278035605,126.91918497349612
2017052700100398.0,2017년 5월 27일 15시,토요일,서울특별시 광진구 구의동,중상사고,0.0,1.0,0.0,0.0,차대사람 - 기타,안전운전불이행,건조,맑음,단일로 - 기타,승용,남,72세,상해없음,보행자,남,5세,중상,37.59058316159324,126.94634075238746
2017052700100604.0,2017년 5월 27일 20시,토요일,서울특별시 성북구 정릉동,경상사고,0.0,0.0,1.0,0.0,차대사람 - 횡단중,보행자보호의무위반,건조,맑음,교차로 - 교차로횡단보도내,승용,남,69세,상해없음,보행자,남,8세,경상,37.54418901643289,127.08421140430926
2017052700100606.0,2017년 5월 27일 20시,토요일,서울특별시 금천구 시흥동,경상사고,0.0,0.0,1.0,0.0,차대사람 - 횡단중,안전운전불이행,건조,맑음,단일로 - 기타,승용,남,54세,상해없음,보행자,남,12세,경상,37.61323464971751,127.00752750242508
2017052800100214.0,2017년 5월 28일 13시,일요일,서울특별시 종로구 구기동,중상사고,0.0,1.0,0.0,0.0,차대사람 - 차도통행중,안전운전불이행,건조,맑음,단일로 - 기타,승용,여,59세,상해없음,보행자,남,8세,중상,37.45207609236454,126.90626556298004
2017052800100218.0,2017년 5월 28일 13시,일요일,서울특별시 양천구 신월동,경상사고,0.0,0.0,1.0,0.0,차대사람 - 기타,안전운전불이행,건조,맑음,단일로 - 기타,승용,남,61세,상해없음,보행자,여,3세,경상,37.60889660909567,126.9556427710433
2017052800100339.0,2017년 5월 28일 17시,일요일,서울특별시 강북구 수유동,중상사고,0.0,1.0,0.0,0.0,차대사람 - 기타,안전운전불이행,건조,맑음,단일로 - 기타,원동기,남,69세,상해없음,보행자,남,4세,중상,37.5247606386135,126.84151100786238
2017052800100442.0,2017년 5월 28일 20시,일요일,서울특별시 서초구 내곡동,중상사고,0.0,1.0,0.0,0.0,차대사람 - 횡단중,신호위반,건조,맑음,교차로 - 교차로부근,승용,여,70세,상해없음,보행자,남,7세,중상,37.64351490871184,127.0172912271816
2017052900100112.0,2017년 5월 29일 08시,월요일,서울특별시 금천구 시흥동,중상사고,0.0,1.0,0.0,0.0,차대사람 - 횡단중,안전운전불이행,건조,맑음,교차로 - 교차로부근,승용,남,58세,상해없음,보행자,남,7세,중상,37.45447372407844,127.06341834120336
2017052900100348.0,2017년 5월 29일 15시,월요일,서울특별시 성북구 종암동,경상사고,0.0,0.0,1.0,0.0,차대사람 - 횡단중,보행자보호의무위반,건조,맑음,단일로 - 기타,승용,남,52세,상해없음,보행자,남,12세,경상,37.449154911414645,126.91880402789664
2017052900100419.0,2017년 5월 29일 17시,월요일,서울특별시 은평구 진관동,부상신고사고,0.0,0.0,0.0,1.0,차대사람 - 횡단중,안전운전불이행,건조,맑음,교차로 - 교차로부근,승용,여,29세,상해없음,보행자,남,6세,부상신고,37.59904249106694,127.03289464408164
2017052900100603.0,2017년 5월 29일 23시,월요일,서울특별시 종로구 공평동,중상사고,0.0,1.0,0.0,1.0,차대사람 - 보도통행중,보행자보호의무위반,건조,맑음,교차로 - 교차로횡단보도내,승용,남,57세,상해없음,보행자,남,25세,중상,37.64322829289871,126.92150058361614
2017053000100448.0,2017년 5월 30일 18시,화요일,서울특별시 강동구 천호동,경상사고,0.0,0.0,1.0,0.0,차대사람 - 기타,안전운전불이행,건조,맑음,단일로 - 기타,기타불명,기타불명,미분류,기타불명,보행자,남,10세,경상,37.57055835258964,126.98278251797404
2017053100100111.0,2017년 5월 31일 08시,수요일,서울특별시 노원구 상계동,경상사고,0.0,0.0,1.0,0.0,차대사람 - 보도통행중,안전운전불이행,건조,맑음,단일로 - 기타,승용,남,57세,상해없음,보행자,남,7세,경상,37.54661575943405,127.1309514242984
2017053100100273.0,2017년 5월 31일 14시,수요일,서울특별시 도봉구 창동,경상사고,0.0,0.0,1.0,0.0,차대사람 - 횡단중,안전운전불이행,건조,맑음,교차로 - 교차로횡단보도내,이륜,남,37세,상해없음,보행자,남,7세,경상,37.67096593543565,127.08247320636023
2017060100100265.0,2017년 6월 1일 13시,목요일,서울특별시 강남구 도곡동,중상사고,0.0,1.0,0.0,0.0,차대사람 - 횡단중,보행자보호의무위반,건조,맑음,단일로 - 기타,승용,남,36세,상해없음,보행자,여,8세,중상,37.64828860882319,127.0436161731887
2017060400100195.0,2017년 6월 4일 12시,일요일,서울특별시 양천구 목동,경상사고,0.0,0.0,1.0,0.0,차대사람 - 차도통행중,안전운전불이행,건조,맑음,단일로 - 기타,이륜,남,39세,상해없음,보행자,여,5세,경상,37.48751890135085,127.0376620814155
2017060400100290.0,2017년 6월 4일 15시,일요일,서울특별시 은평구 역촌동,경상사고,0.0,0.0,1.0,0.0,차대사람 - 기타,안전운전불이행,건조,맑음,단일로 - 기타,승용,남,51세,상해없음,보행자,남,6세,경상,37.52802523403437,126.86822563824758
2017060400100497.0,2017년 6월 4일 23시,일요일,서울특별시 중랑구 면목동,경상사고,0.0,0.0,1.0,0.0,차대사람 - 길가장자리구역통행중,안전운전불이행,건조,맑음,단일로 - 기타,자전거,남,45세,상해없음,보행자,남,8세,경상,37.60695769506719,126.91402089595474
2017060500100265.0,2017년 6월 5일 13시,월요일,서울특별시 서초구 방배동,중상사고,0.0,1.0,0.0,0.0,차대사람 - 횡단중,안전운전불이행,건조,맑음,교차로 - 교차로부근,승용,남,41세,상해없음,보행자,여,6세,중상,37.58456732306425,127.07599063050591
2017060500100294.0,2017년 6월 5일 14시,월요일,서울특별시 동작구 신대방동,경상사고,0.0,0.0,1.0,0.0,차대사람 - 기타,안전운전불이행,건조,맑음,교차로 - 교차로부근,승용,남,59세,상해없음,보행자,남,9세,경상,37.48058784486015,126.9833693794863
2017060500100359.0,2017년 6월 5일 16시,월요일,서울특별시 성북구 동소문동7가,중상사고,0.0,1.0,0.0,0.0,차대사람 - 횡단중,안전운전불이행,건조,맑음,교차로 - 교차로부근,승용,남,60세,상해없음,보행자,남,9세,중상,37.492914665705335,126.924075988499
2017060500100361.0,2017년 6월 5일 16시,월요일,서울특별시 금천구 시흥동,중상사고,0.0,1.0,0.0,0.0,차대사람 - 보도통행중,기타,건조,맑음,단일로 - 기타,이륜,남,62세,기타불명,보행자,남,7세,중상,37.59648330680168,127.0151710283754
2017060500100415.0,2017년 6월 5일 17시,월요일,서울특별시 강남구 자곡동,부상신고사고,0.0,0.0,0.0,1.0,차대사람 - 기타,안전운전불이행,건조,맑음,기타 - 기타,화물,남,58세,상해없음,보행자,남,7세,부상신고,37.45611073246727,126.9055778787374
2017060500100452.0,2017년 6월 5일 18시,월요일,서울특별시 강동구 성내동,부상신고사고,0.0,0.0,0.0,1.0,차대사람 - 횡단중,안전운전불이행,건조,맑음,기타 - 기타,기타불명,기타불명,미분류,기타불명,보행자,남,5세,부상신고,37.47473593203746,127.11238417416104
2017060600100240.0,2017년 6월 6일 14시,화요일,서울특별시 강북구 수유동,중상사고,0.0,1.0,0.0,0.0,차대사람 - 차도통행중,안전운전불이행,젖음/습기,맑음,단일로 - 기타,승용,남,61세,상해없음,보행자,여,10세,중상,37.53141562793304,127.12990583319952
2017060600100270.0,2017년 6월 6일 15시,화요일,서울특별시 강북구 미아동,경상사고,0.0,0.0,2.0,0.0,차대사람 - 횡단중,안전운전불이행,건조,맑음,교차로 - 교차로안,화물,남,57세,상해없음,보행자,여,7세,경상,37.632479293967,127.02314267325058
2017060700100307.0,2017년 6월 7일 14시,수요일,서울특별시 구로구 구로동,경상사고,0.0,0.0,1.0,0.0,차대사람 - 횡단중,보행자보호의무위반,건조,맑음,단일로 - 기타,승용,남,52세,상해없음,보행자,여,8세,경상,37.62471803373129,127.01852336694144
2017060700100340.0,2017년 6월 7일 15시,수요일,서울특별시 동대문구 답십리동,경상사고,0.0,0.0,1.0,0.0,차대사람 - 기타,안전운전불이행,건조,맑음,단일로 - 기타,승용,남,59세,상해없음,보행자,여,11세,경상,37.49600203400748,126.8891298956746
2017060800100286.0,2017년 6월 8일 14시,목요일,서울특별시 서초구 서초동,부상신고사고,0.0,0.0,0.0,1.0,차대사람 - 횡단중,안전운전불이행,건조,맑음,단일로 - 기타,승합,남,45세,상해없음,보행자,여,8세,부상신고,37.574079556652286,127.0455529572554
2017060800100435.0,2017년 6월 8일 18시,목요일,서울특별시 양천구 신월동,경상사고,0.0,0.0,1.0,0.0,차대사람 - 차도통행중,안전운전불이행,건조,맑음,교차로 - 교차로안,승용,남,43세,상해없음,보행자,남,8세,경상,37.49165913572962,127.02478598257429
2017060800100436.0,2017년 6월 8일 18시,목요일,서울특별시 양천구 신정동,경상사고,0.0,0.0,1.0,0.0,차대사람 - 횡단중,보행자보호의무위반,건조,맑음,교차로 - 교차로안,승용,남,64세,상해없음,보행자,남,6세,경상,37.52656129652767,126.84764047622691
2017060900100360.0,2017년 6월 9일 16시,금요일,서울특별시 노원구 하계동,경상사고,0.0,0.0,1.0,0.0,차대사람 - 횡단중,안전운전불이행,건조,맑음,교차로 - 교차로안,승용,남,65세,상해없음,보행자,여,6세,경상,37.50857183292429,126.86444083614728
2017060900100523.0,2017년 6월 9일 20시,금요일,서울특별시 노원구 월계동,경상사고,0.0,0.0,1.0,0.0,차대사람 - 횡단중,보행자보호의무위반,건조,맑음,교차로 - 교차로횡단보도내,화물,남,65세,상해없음,보행자,남,6세,경상,37.63508164637992,127.07183891077445
2017061000100154.0,2017년 6월 10일 09시,토요일,서울특별시 강북구 미아동,중상사고,0.0,1.0,0.0,0.0,차대사람 - 횡단중,보행자보호의무위반,건조,맑음,교차로 - 교차로횡단보도내,승용,남,43세,상해없음,보행자,남,12세,중상,37.6315525745397,127.04175787899248
2017061000100217.0,2017년 6월 10일 11시,토요일,서울특별시 영등포구 여의도동,경상사고,0.0,0.0,1.0,0.0,차대사람 - 기타,안전운전불이행,건조,맑음,단일로 - 기타,자전거,남,38세,상해없음,보행자,여,5세,경상,37.62609940348303,127.01909241259018
2017061000100408.0,2017년 6월 10일 16시,토요일,서울특별시 양천구 목동,부상신고사고,0.0,0.0,0.0,1.0,차대사람 - 보도통행중,기타,건조,맑음,단일로 - 기타,이륜,남,25세,상해없음,보행자,여,7세,부상신고,37.5264296944623,126.9339587513321
2017061100100174.0,2017년 6월 11일 10시,일요일,서울특별시 강북구 미아동,경상사고,0.0,0.0,1.0,0.0,차대차 - 기타,안전운전불이행,건조,맑음,단일로 - 기타,승합,남,62세,상해없음,자전거,남,12세,상해없음,37.52475453569061,126.87182940816746
2017061100100232.0,2017년 6월 11일 13시,일요일,서울특별시 강북구 수유동,경상사고,0.0,0.0,1.0,0.0,차대사람 - 기타,안전운전불이행,건조,맑음,단일로 - 기타,승용,남,76세,기타불명,보행자,여,10세,경상,37.62551063649897,127.01838226590252
2017061100100235.0,2017년 6월 11일 13시,일요일,서울특별시 관악구 신림동,경상사고,0.0,0.0,1.0,0.0,차대사람 - 기타,안전운전불이행,건조,맑음,단일로 - 기타,승용,남,26세,상해없음,보행자,남,6세,경상,37.6306727252697,127.01554966354816
2017061100100294.0,2017년 6월 11일 15시,일요일,서울특별시 강동구 고덕동,중상사고,0.0,1.0,0.0,0.0,차대사람 - 횡단중,보행자보호의무위반,건조,맑음,교차로 - 교차로횡단보도내,승용,여,26세,상해없음,보행자,남,5세,중상,37.47404070942231,126.93349457756403
2017061100100365.0,2017년 6월 11일 17시,일요일,서울특별시 관악구 남현동,경상사고,0.0,0.0,1.0,0.0,차대사람 - 기타,안전운전불이행,건조,맑음,기타 - 기타,기타불명,기타불명,미분류,기타불명,보행자,남,5세,경상,37.55641718387602,127.152980902217
2017061300100091.0,2017년 6월 13일 08시,화요일,서울특별시 동작구 신대방동,중상사고,0.0,1.0,0.0,0.0,차대사람 - 횡단중,보행자보호의무위반,건조,맑음,단일로 - 기타,승용,여,48세,상해없음,보행자,여,12세,중상,37.47469085415127,126.9767486499905
2017061300100303.0,2017년 6월 13일 15시,화요일,서울특별시 마포구 서교동,부상신고사고,0.0,0.0,0.0,1.0,차대사람 - 차도통행중,안전운전불이행,건조,맑음,단일로 - 기타,이륜,남,28세,상해없음,보행자,남,5세,부상신고,37.49367556866847,126.91566504600678
2017061300100375.0,2017년 6월 13일 17시,화요일,서울특별시 마포구 상수동,중상사고,0.0,1.0,0.0,0.0,차대사람 - 횡단중,신호위반,건조,맑음,단일로 - 기타,승용,남,35세,상해없음,보행자,여,12세,중상,37.553126347942765,126.92068071663658
2017061400100409.0,2017년 6월 14일 16시,수요일,서울특별시 도봉구 도봉동,중상사고,0.0,1.0,0.0,0.0,차대사람 - 횡단중,안전운전불이행,건조,맑음,단일로 - 기타,승용,남,60세,상해없음,보행자,여,7세,중상,37.54688276605031,126.92678546468716