사고번호,사고일시,요일,시군구,사고내용,사망자수,중상자수,경상자수,부상신고자수,사고유형,법규위반,노면상태,기상상태,도로형태,가해운전자 차종,가해운전자 성별,가해운전자 연령,가해운전자 상해정도,피해운전자 차종,피해운전자 성별,피해운전자 연령,피해운전자 상해정도,lat(위도),lon(경도)
2017112300100489.0,2017년 11월 23일 18시,목요일,서울특별시 서대문구 홍제동,경상사고,0.0,0.0,1.0,0.0,차대사람 - 보도통행중,신호위반,건조,흐림,단일로 - 기타,승용,남,71세,상해없음,보행자,여,10세,경상,37.54260160095923,127.08648418920195
2017112400100702.0,2017년 11월 24일 20시,금요일,서울특별시 강동구 성내동,경상사고,0.0,0.0,1.0,0.0,차대사람 - 기타,안전운전불이행,건조,맑음,단일로 - 기타,승용,여,55세,상해없음,보행자,여,10세,경상,37.58981108829541,126.94316360432632
2017112400100704.0,2017년 11월 24일 20시,금요일,서울특별시 노원구 중계동,경상사고,0.0,0.0,1.0,0.0,차대사람 - 기타,안전운전불이행,젖음/습기,맑음,교차로 - 교차로부근,승용,여,44세,상해없음,보행자,남,11세,경상,37.52270184172497,127.13354763991217
2017112500100311.0,2017년 11월 25일 13시,토요일,서울특별시 성북구 길음동,경상사고,0.0,0.0,1.0,0.0,차대사람 - 기타,보행자보호의무위반,젖음/습기,비,단일로 - 기타,이륜,남,37세,상해없음,보행자,여,11세,경상,37.65059848793684,127.07817747432956
2017112600100388.0,2017년 11월 26일 19시,일요일,서울특별시 서초구 서초동,중상사고,0.0,1.0,0.0,0.0,차대사람 - 기타,안전운전불이행,건조,맑음,단일로 - 기타,승용,남,25세,상해없음,보행자,남,10세,중상,37.60852395487431,127.01926224758157
2017112700100119.0,2017년 11월 27일 08시,월요일,서울특별시 광진구 자양동,부상신고사고,0.0,0.0,0.0,1.0,차대사람 - 기타,안전운전불이행,건조,맑음,단일로 - 기타,승용,여,40세,상해없음,보행자,남,5세,부상신고,37.498804125963495,127.0263358687838
2017112800100291.0,2017년 11월 28일 14시,화요일,서울특별시 동대문구 이문동,경상사고,0.0,0.0,1.0,0.0,차대사람 - 차도통행중,안전운전불이행,건조,맑음,기타 - 기타,승용,남,34세,상해없음,보행자,남,8세,경상,37.528334094332365,127.08418624891684
2017112800100292.0,2017년 11월 28일 14시,화요일,서울특별시 구로구 구로동,중상사고,0.0,1.0,0.0,0.0,차대사람 - 기타,안전운전불이행,건조,맑음,단일로 - 기타,이륜,남,58세,상해없음,보행자,여,11세,중상,37.60227763456011,127.06576211905418
2017112800100349.0,2017년 11월 28일 16시,화요일,서울특별시 동작구 사당동,중상사고,0.0,1.0,0.0,0.0,차대사람 - 횡단중,안전운전불이행,건조,흐림,단일로 - 기타,승합,남,35세,상해없음,보행자,남,5세,중상,37.48790969672033,126.8947384328406
2017112800100353.0,2017년 11월 28일 16시,화요일,서울특별시 양천구 신월동,중상사고,0.0,1.0,0.0,0.0,차대사람 - 횡단중,신호위반,건조,맑음,단일로 - 기타,승용,여,40세,상해없음,보행자,남,7세,중상,37.48288771828916,126.97753980041612
2017113000100378.0,2017년 11월 30일 16시,목요일,서울특별시 관악구 신림동,경상사고,0.0,0.0,1.0,0.0,차대사람 - 기타,안전운전불이행,건조,맑음,단일로 - 기타,이륜,남,55세,기타불명,보행자,여,10세,경상,37.51986876995039,126.83551110212775
2017120100100398.0,2017년 12월 1일 15시,금요일,서울특별시 구로구 온수동,경상사고,0.0,0.0,1.0,0.0,차대사람 - 차도통행중,기타,건조,흐림,단일로 - 기타,승용,여,67세,상해없음,보행자,여,12세,경상,37.48699427334069,126.9318358027534
2017120100100490.0,2017년 12월 1일 17시,금요일,서울특별시 구로구 구로동,부상신고사고,0.0,0.0,0.0,1.0,차대사람 - 횡단중,보행자보호의무위반,젖음/습기,눈,단일로 - 기타,화물,남,57세,상해없음,보행자,남,10세,부상신고,37.49748261222319,126.82182858473764
2017120200100225.0,2017년 12월 2일 11시,토요일,서울특별시 성북구 정릉동,경상사고,0.0,0.0,1.0,0.0,차대사람 - 횡단중,신호위반,건조,맑음,교차로 - 교차로횡단보도내,승용,남,26세,상해없음,보행자,남,5세,경상,37.486328303677695,126.87663056082708
2017120200100338.0,2017년 12월 2일 14시,토요일,서울특별시 은평구 역촌동,경상사고,0.0,0.0,1.0,0.0,차대사람 - 길가장자리구역통행중,안전운전불이행,건조,맑음,단일로 - 기타,승용,남,24세,상해없음,보행자,남,11세,경상,37.602988647244544,127.01679416970812
2017120400100305.0,2017년 12월 4일 14시,월요일,서울특별시 성북구 삼선동4가,경상사고,0.0,0.0,1.0,0.0,차대사람 - 횡단중,신호위반,건조,맑음,단일로 - 기타,승용,남,61세,상해없음,보행자,여,12세,경상,37.60424032632041,126.9167838556349
2017120400100403.0,2017년 12월 4일 17시,월요일,서울특별시 송파구 풍납동,중상사고,0.0,1.0,0.0,0.0,차대사람 - 기타,안전운전불이행,건조,맑음,단일로 - 기타,승용,여,54세,상해없음,보행자,여,12세,중상,37.58936368680622,127.01322368156906
2017120400100443.0,2017년 12월 4일 18시,월요일,서울특별시 구로구 구로동,경상사고,0.0,0.0,1.0,1.0,차대사람 - 기타,안전운전불이행,건조,맑음,단일로 - 기타,승합,남,53세,상해없음,보행자,여,35세,부상신고,37.52943329647944,127.11599465057796
2017120600100406.0,2017년 12월 6일 15시,수요일,서울특별시 영등포구 신길동,경상사고,0.0,0.0,1.0,0.0,차대사람 - 차도통행중,안전운전불이행,건조,맑음,교차로 - 교차로안,승용,남,61세,상해없음,보행자,남,9세,경상,37.4853424492396,126.90035814613373
2017120600100448.0,2017년 12월 6일 16시,수요일,서울특별시 송파구 풍납동,부상신고사고,0.0,0.0,0.0,1.0,차대사람 - 횡단중,안전운전불이행,건조,맑음,단일로 - 기타,화물,남,61세,상해없음,보행자,남,8세,부상신고,37.50545021688389,126.916263445676
2017120800100387.0,2017년 12월 8일 15시,금요일,서울특별시 영등포구 문래동3가,경상사고,0.0,0.0,1.0,0.0,차대사람 - 보도통행중,기타,건조,맑음,교차로 - 교차로횡단보도내,자전거,남,68세,상해없음,보행자,여,9세,경상,37.53954587823669,127.1185802135842
2017120800100518.0,2017년 12월 8일 18시,금요일,서울특별시 광진구 중곡동,경상사고,0.0,0.0,1.0,0.0,차대사람 - 기타,안전운전불이행,건조,맑음,단일로 - 기타,승용,여,39세,상해없음,보행자,여,10세,경상,37.5192252490122,126.89347842553777
2017120800100583.0,2017년 12월 8일 19시,금요일,서울특별시 도봉구 쌍문동,경상사고,0.0,0.0,1.0,0.0,차대사람 - 횡단중,신호위반,건조,맑음,교차로 - 교차로횡단보도내,승용,남,44세,상해없음,보행자,남,8세,경상,37.55623734255119,127.091164052529
2017120900100234.0,2017년 12월 9일 11시,토요일,서울특별시 강동구 천호동,중상사고,0.0,1.0,0.0,0.0,차대사람 - 기타,안전운전불이행,건조,맑음,교차로 - 교차로안,화물,남,47세,상해없음,보행자,남,6세,중상,37.6582059132222,127.03505245505616
2017120900100309.0,2017년 12월 9일 13시,토요일,서울특별시 양천구 신정동,중상사고,0.0,1.0,0.0,0.0,차대사람 - 횡단중,보행자보호의무위반,건조,맑음,교차로 - 교차로횡단보도내,승합,남,45세,상해없음,보행자,여,8세,중상,37.54431355053795,127.13263815117932
2017120900100349.0,2017년 12월 9일 14시,토요일,서울특별시 노원구 공릉동,중상사고,0.0,1.0,0.0,0.0,차대사람 - 횡단중,안전운전불이행,건조,맑음,단일로 - 기타,승용,남,59세,기타불명,보행자,남,9세,중상,37.52392021924838,126.85088879344134
2017120900100398.0,2017년 12월 9일 16시,토요일,서울특별시 종로구 재동,경상사고,0.0,0.0,1.0,0.0,차대사람 - 차도통행중,보행자보호의무위반,건조,맑음,단일로 - 기타,승용,여,40세,상해없음,보행자,남,10세,경상,37.621407116228056,127.07902237460384
2017121100100148.0,2017년 12월 11일 10시,월요일,서울특별시 용산구 청파동2가,경상사고,0.0,0.0,1.0,0.0,차대사람 - 기타,기타,건조,맑음,단일로 - 기타,승용,남,33세,상해없음,보행자,남,2세,경상,37.57770995679758,126.9857455340662
2017121100100240.0,2017년 12월 11일 14시,월요일,서울특별시 송파구 삼전동,경상사고,0.0,0.0,1.0,0.0,차대사람 - 기타,안전운전불이행,건조,맑음,단일로 - 기타,승용,여,58세,상해없음,보행자,남,4세,경상,37.548344161213805,126.96348714868428
2017121200100198.0,2017년 12월 12일 11시,화요일,서울특별시 강남구 역삼동,경상사고,0.0,0.0,1.0,0.0,차대사람 - 횡단중,안전운전불이행,건조,맑음,단일로 - 기타,승용,남,53세,상해없음,보행자,남,1세,경상,37.49965299803745,127.09459524828893
2017121200100289.0,2017년 12월 12일 14시,화요일,서울특별시 마포구 대흥동,중상사고,0.0,1.0,0.0,0.0,차대사람 - 기타,안전운전불이행,기타,맑음,교차로 - 교차로안,이륜,남,32세,상해없음,보행자,남,7세,중상,37.495717932112846,127.0460961007294
2017121400100376.0,2017년 12월 14일 16시,목요일,서울특별시 은평구 응암동,중상사고,0.0,1.0,0.0,0.0,차대사람 - 횡단중,안전운전불이행,건조,맑음,단일로 - 기타,화물,남,40세,상해없음,보행자,여,8세,중상,37.54327076020726,126.94425705661018
2017121400100445.0,2017년 12월 14일 18시,목요일,서울특별시 송파구 거여동,경상사고,0.0,0.0,1.0,0.0,차대사람 - 기타,안전운전불이행,적설,눈,단일로 - 기타,기타불명,기타불명,미분류,기타불명,보행자,남,10세,경상,37.59835938685431,126.92326418908074
2017121600100368.0,2017년 12월 16일 15시,토요일,서울특별시 서초구 방배동,중상사고,0.0,1.0,0.0,0.0,차대사람 - 횡단중,안전운전불이행,건조,맑음,단일로 - 기타,승용,남,42세,상해없음,보행자,여,11세,중상,37.49580144791906,127.14409820736527
2017121800100122.0,2017년 12월 18일 08시,월요일,서울특별시 송파구 가락동,경상사고,0.0,0.0,1.0,0.0,차대사람 - 횡단중,안전운전불이행,적설,눈,교차로 - 교차로부근,기타불명,기타불명,미분류,기타불명,보행자,남,12세,경상,37.491793274933706,126.98786230894524
2017121900100104.0,2017년 12월 19일 08시,화요일,서울특별시 중구 신당동,경상사고,0.0,0.0,1.0,0.0,차대사람 - 횡단중,안전운전불이행,건조,맑음,단일로 - 기타,기타불명,기타불명,미분류,기타불명,보행자,남,5세,경상,37.50216862418334,127.12485723144825
2017121900100236.0,2017년 12월 19일 13시,화요일,서울특별시 영등포구 여의도동,부상신고사고,0.0,0.0,0.0,1.0,차대사람 - 기타,안전운전불이행,건조,맑음,단일로 - 기타,기타불명,기타불명,미분류,기타불명,보행자,남,8세,부상신고,37.567319274097606,127.01602820897578
2017121900100237.0,2017년 12월 19일 13시,화요일,서울특별시 영등포구 신길동,부상신고사고,0.0,0.0,0.0,1.0,차대사람 - 횡단중,안전운전불이행,건조,맑음,단일로 - 기타,승용,남,67세,상해없음,보행자,남,10세,부상신고,37.52143268394276,126.93510552934266
2017121900100460.0,2017년 12월 19일 19시,화요일,서울특별시 마포구 대흥동,부상신고사고,0.0,0.0,0.0,1.0,차대사람 - 횡단중,안전운전불이행,건조,맑음,단일로 - 기타,승용,여,43세,상해없음,보행자,여,9세,부상신고,37.49716720179173,126.91635055320832
2017122100100226.0,2017년 12월 21일 10시,목요일,서울특별시 노원구 상계동,경상사고,0.0,0.0,1.0,0.0,차대사람 - 기타,보행자보호의무위반,적설,맑음,단일로 - 기타,승용,남,71세,상해없음,보행자,여,8세,경상,37.54426715054181,126.9414762516128
2017122100100431.0,2017년 12월 21일 17시,목요일,서울특별시 서초구 방배동,중상사고,0.0,1.0,1.0,0.0,차대사람 - 길가장자리구역통행중,안전운전불이행,건조,맑음,단일로 - 기타,승용,여,37세,상해없음,보행자,여,59세,중상,37.66726148636828,127.0577528150464
2017122300100615.0,2017년 12월 23일 20시,토요일,서울특별시 중랑구 묵동,경상사고,0.0,0.0,1.0,0.0,차대사람 - 보도통행중,보행자보호의무위반,건조,맑음,단일로 - 기타,승용,남,51세,상해없음,보행자,남,12세,경상,37.48283319157784,126.99190486908743
2017122500100229.0,2017년 12월 25일 16시,월요일,서울특별시 광진구 자양동,부상신고사고,0.0,0.0,0.0,1.0,차대사람 - 기타,안전운전불이행,건조,맑음,단일로 - 기타,승용,남,31세,상해없음,보행자,남,9세,부상신고,37.58075060276965,127.0799082885662
2017122600100367.0,2017년 12월 26일 16시,화요일,서울특별시 송파구 신천동,부상신고사고,0.0,0.0,0.0,1.0,차대사람 - 횡단중,안전운전불이행,건조,맑음,단일로 - 기타,승용,여,57세,상해없음,보행자,남,6세,부상신고,37.5361214208796,127.0764688237942
2017122700100384.0,2017년 12월 27일 18시,수요일,서울특별시 종로구 숭인동,경상사고,0.0,0.0,1.0,0.0,차대사람 - 기타,안전운전불이행,건조,맑음,단일로 - 기타,화물,남,60세,상해없음,보행자,남,9세,경상,37.52051097299399,127.11357338064508
2018010400100271.0,2018년 1월 4일 16시,목요일,서울특별시 영등포구 당산동4가,경상사고,0.0,0.0,1.0,0.0,차대사람 - 횡단중,안전운전불이행,건조,맑음,교차로 - 교차로횡단보도내,승용,여,42세,상해없음,보행자,남,4세,경상,37.57152995386178,127.0185715548886
2018010400100393.0,2018년 1월 4일 20시,목요일,서울특별시 양천구 신정동,중상사고,0.0,1.0,0.0,0.0,차대사람 - 횡단중,신호위반,건조,맑음,교차로 - 교차로횡단보도내,이륜,남,16세,상해없음,보행자,남,7세,중상,37.52788483037527,126.903628050534
2018010500100203.0,2018년 1월 5일 13시,금요일,서울특별시 강서구 방화동,경상사고,0.0,0.0,1.0,0.0,차대사람 - 보도통행중,신호위반,건조,맑음,단일로 - 기타,승용,남,62세,상해없음,보행자,남,5세,경상,37.52132950447582,126.8735442877381
2018010800100412.0,2018년 1월 8일 18시,월요일,서울특별시 동작구 상도동,경상사고,0.0,0.0,1.0,0.0,차대사람 - 기타,안전운전불이행,건조,맑음,단일로 - 기타,승용,남,52세,상해없음,보행자,여,11세,경상,37.56454507036116,126.81133608402752
2018011000100281.0,2018년 1월 10일 13시,수요일,서울특별시 양천구 신정동,경상사고,0.0,0.0,1.0,0.0,차대사람 - 기타,안전운전불이행,건조,맑음,단일로 - 기타,승합,남,54세,상해없음,보행자,남,8세,경상,37.4978290051761,126.95293169581164
2018011000100433.0,2018년 1월 10일 17시,수요일,서울특별시 구로구 궁동,중상사고,0.0,1.0,0.0,0.0,차대사람 - 기타,안전운전불이행,건조,맑음,기타 - 기타,승용,남,46세,상해없음,보행자,남,11세,중상,37.525620124702606,126.8601315084168
2018011000100439.0,2018년 1월 10일 17시,수요일,서울특별시 강남구 수서동,중상사고,0.0,1.0,0.0,0.0,차대사람 - 횡단중,신호위반,건조,흐림,교차로 - 교차로안,승용,남,60세,상해없음,보행자,남,10세,중상,37.49708158024495,126.83053178743872
2018011100100218.0,2018년 1월 11일 11시,목요일,서울특별시 광진구 중곡동,경상사고,0.0,0.0,1.0,0.0,차대사람 - 횡단중,안전운전불이행,건조,맑음,단일로 - 기타,승용,남,60세,상해없음,보행자,남,9세,경상,37.48457682842801,127.09302530730676
2018011100100288.0,2018년 1월 11일 13시,목요일,서울특별시 강남구 대치동,중상사고,0.0,1.0,0.0,0.0,차대사람 - 보도통행중,기타,건조,맑음,기타 - 기타,승용,남,56세,상해없음,보행자,남,9세,중상,37.56564075076852,127.08665127352756
2018011100100478.0,2018년 1월 11일 19시,목요일,서울특별시 종로구 평창동,중상사고,0.0,1.0,0.0,0.0,차대사람 - 횡단중,보행자보호의무위반,건조,맑음,교차로 - 교차로횡단보도내,승용,남,66세,상해없음,보행자,남,6세,중상,37.49750835354115,127.0571041464249
2018011400100219.0,2018년 1월 14일 14시,일요일,서울특별시 서초구 잠원동,경상사고,0.0,0.0,1.0,0.0,차대사람 - 횡단중,보행자보호의무위반,건조,맑음,교차로 - 교차로횡단보도내,승용,남,57세,상해없음,보행자,여,8세,경상,37.60488581553129,126.9655397542648
2018011400100257.0,2018년 1월 14일 16시,일요일,서울특별시 중랑구 중화동,경상사고,0.0,0.0,1.0,0.0,차대사람 - 횡단중,보행자보호의무위반,건조,맑음,단일로 - 기타,승용,남,59세,상해없음,보행자,남,10세,경상,37.50660994976592,127.00438191509863
2018011600100309.0,2018년 1월 16일 16시,화요일,서울특별시 영등포구 대림동,부상신고사고,0.0,0.0,0.0,1.0,차대사람 - 보도통행중,기타,건조,맑음,교차로 - 교차로안,화물,남,44세,상해없음,보행자,남,5세,부상신고,37.60324989335213,127.08038223777729
2018011700100412.0,2018년 1월 17일 17시,수요일,서울특별시 은평구 불광동,경상사고,0.0,0.0,1.0,0.0,차대사람 - 길가장자리구역통행중,안전운전불이행,젖음/습기,흐림,단일로 - 기타,기타불명,기타불명,미분류,기타불명,보행자,남,10세,경상,37.49181050182983,126.90497833396194
2018011900100234.0,2018년 1월 19일 13시,금요일,서울특별시 구로구 개봉동,중상사고,0.0,1.0,0.0,0.0,차대사람 - 길가장자리구역통행중,안전운전불이행,건조,맑음,단일로 - 기타,화물,여,58세,상해없음,보행자,여,7세,중상,37.62187616095011,126.93086749458
2018011900100400.0,2018년 1월 19일 18시,금요일,서울특별시 관악구 봉천동,경상사고,0.0,0.0,1.0,0.0,차대사람 - 횡단중,안전운전불이행,건조,맑음,교차로 - 교차로부근,원동기,남,24세,상해없음,보행자,남,9세,경상,37.48738138846205,126.85453064071538
2018011900100401.0,2018년 1월 19일 18시,금요일,서울특별시 관악구 봉천동,경상사고,0.0,0.0,1.0,0.0,차대사람 - 차도통행중,안전운전불이행,건조,맑음,단일로 - 기타,이륜,남,24세,상해없음,보행자,남,9세,경상,37.47389810463432,126.96676795371644
2018012000100346.0,2018년 1월 20일 17시,토요일,서울특별시 영등포구 당산동4가,중상사고,0.0,1.0,1.0,0.0,차대사람 - 기타,보행자보호의무위반,건조,맑음,단일로 - 기타,승용,남,34세,상해없음,보행자,남,70세,중상,37.47387111572433,126.96677945488014
2018012400100296.0,2018년 1월 24일 15시,수요일,서울특별시 성북구 동선동2가,경상사고,0.0,0.0,1.0,0.0,차대사람 - 보도통행중,기타,건조,맑음,단일로 - 기타,이륜,남,65세,상해없음,보행자,남,8세,경상,37.5302938919486,126.9005530365148
2018012500100127.0,2018년 1월 25일 10시,목요일,서울특별시 중랑구 묵동,경상사고,0.0,0.0,1.0,0.0,차대사람 - 기타,안전운전불이행,건조,맑음,교차로 - 교차로안,화물,남,45세,상해없음,보행자,여,5세,경상,37.59006627003722,127.01750071245095
2018012500100192.0,2018년 1월 25일 12시,목요일,서울특별시 양천구 신월동,경상사고,0.0,0.0,1.0,0.0,차대사람 - 횡단중,보행자보호의무위반,건조,맑음,단일로 - 기타,승합,남,69세,상해없음,보행자,여,7세,경상,37.61696094830266,127.0808377583476
2018012500100353.0,2018년 1월 25일 17시,목요일,서울특별시 노원구 월계동,경상사고,0.0,0.0,1.0,0.0,차대사람 - 횡단중,안전운전불이행,건조,맑음,단일로 - 기타,승용,여,75세,상해없음,보행자,남,11세,경상,37.52304106266458,126.83223505514955
2018012900100088.0,2018년 1월 29일 08시,월요일,서울특별시 성북구 돈암동,경상사고,0.0,0.0,1.0,0.0,차대사람 - 횡단중,안전운전불이행,건조,맑음,단일로 - 기타,승용,남,40세,상해없음,보행자,남,9세,경상,37.63331969847784,127.03957098131656
2018012900100271.0,2018년 1월 29일 14시,월요일,서울특별시 강서구 마곡동,경상사고,0.0,0.0,1.0,0.0,차대사람 - 보도통행중,보행자보호의무위반,건조,맑음,교차로 - 교차로횡단보도내,승용,남,55세,상해없음,보행자,여,10세,경상,37.59705007475903,127.0127204899592
2018012900100272.0,2018년 1월 29일 14시,월요일,서울특별시 강동구 성내동,경상사고,0.0,0.0,1.0,0.0,차대사람 - 보도통행중,안전운전불이행,건조,맑음,교차로 - 교차로횡단보도내,승용,남,58세,상해없음,보행자,여,10세,경상,37.55837686548818,126.82328106320216
2018012900100370.0,2018년 1월 29일 17시,월요일,서울특별시 중랑구 중화동,중상사고,0.0,1.0,1.0,0.0,차대사람 - 횡단중,신호위반,건조,맑음,단일로 - 기타,원동기,남,25세,상해없음,보행자,남,5세,중상,37.529157292572,127.13120722391096
2018013000100298.0,2018년 1월 30일 14시,화요일,서울특별시 노원구 상계동,경상사고,0.0,0.0,1.0,0.0,차대사람 - 차도통행중,안전운전불이행,건조,흐림,교차로 - 교차로안,승용,여,35세,상해없음,보행자,남,10세,경상,37.60359733687969,127.0792360491476
2018013000100299.0,2018년 1월 30일 14시,화요일,서울특별시 노원구 중계동,경상사고,0.0,0.0,1.0,0.0,차대사람 - 차도통행중,안전운전불이행,젖음/습기,흐림,교차로 - 교차로안,화물,남,74세,상해없음,보행자,남,9세,경상,37.66168557160597,127.05624394273669
2018013000100353.0,2018년 1월 30일 16시,화요일,서울특별시 강북구 번동,경상사고,0.0,0.0,1.0,0.0,차대사람 - 횡단중,보행자보호의무위반,젖음/습기,눈,교차로 - 교차로횡단보도내,화물,남,50세,상해없음,보행자,남,9세,경상,37.64046834524037,127.06355635672736
2018020100100363.0,2018년 2월 1일 15시,목요일,서울특별시 도봉구 창동,경상사고,0.0,0.0,1.0,0.0,차대사람 - 횡단중,보행자보호의무위반,건조,맑음,교차로 - 교차로안,승용,남,72세,상해없음,보행자,남,12세,경상,37.6367421314976,127.03202402515616
2018020200100334.0,2018년 2월 2일 15시,금요일,서울특별시 동대문구 회기동,경상사고,0.0,0.0,1.0,0.0,차대사람 - 기타,보행자보호의무위반,건조,맑음,교차로 - 교차로안,승용,남,60세,상해없음,보행자,남,9세,경상,37.65176719911474,127.04114622741804
2018020200100338.0,2018년 2월 2일 15시,금요일,서울특별시 중랑구 면목동,경상사고,0.0,0.0,1.0,0.0,차대사람 - 보도통행중,보행자보호의무위반,건조,맑음,단일로 - 기타,승용,남,28세,상해없음,보행자,남,7세,경상,37.59261992027324,127.05254252028368
2018020200100344.0,2018년 2월 2일 15시,금요일,서울특별시 노원구 하계동,경상사고,0.0,0.0,1.0,0.0,차대사람 - 횡단중,안전운전불이행,건조,맑음,기타 - 기타,승용,남,28세,상해없음,보행자,남,8세,경상,37.57525842888952,127.0841632886214
2018020500100103.0,2018년 2월 5일 08시,월요일,서울특별시 동작구 노량진동,경상사고,0.0,0.0,1.0,0.0,차대사람 - 횡단중,보행자보호의무위반,건조,맑음,단일로 - 기타,승용,여,61세,상해없음,보행자,남,8세,경상,37.63916826764248,127.06054899253937
2018020500100104.0,2018년 2월 5일 08시,월요일,서울특별시 구로구 고척동,경상사고,0.0,0.0,1.0,1.0,차대사람 - 횡단중,보행자보호의무위반,건조,맑음,교차로 - 교차로횡단보도내,승용,남,53세,상해없음,보행자,남,9세,경상,37.50774401634542,126.94714551295904
2018020500100331.0,2018년 2월 5일 14시,월요일,서울특별시 동작구 흑석동,중상사고,0.0,1.0,0.0,0.0,차대사람 - 횡단중,보행자보호의무위반,건조,맑음,단일로 - 기타,승용,남,72세,상해없음,보행자,여,12세,중상,37.503850667793664,126.8564706305882
2018020500100405.0,2018년 2월 5일 16시,월요일,서울특별시 노원구 공릉동,경상사고,0.0,0.0,1.0,0.0,차대사람 - 기타,보행자보호의무위반,건조,맑음,교차로 - 교차로횡단보도내,승용,여,40세,상해없음,보행자,남,8세,경상,37.5076820939575,126.96105150566588
2018020500100514.0,2018년 2월 5일 19시,월요일,서울특별시 마포구 염리동,중상사고,0.0,1.0,0.0,0.0,차대사람 - 차도통행중,안전운전불이행,건조,맑음,단일로 - 기타,승용,남,43세,상해없음,보행자,남,8세,중상,37.6287566934984,127.06756869805228
2018020600100114.0,2018년 2월 6일 08시,화요일,서울특별시 은평구 불광동,경상사고,0.0,0.0,1.0,0.0,차대사람 - 길가장자리구역통행중,안전운전불이행,건조,맑음,단일로 - 기타,승용,남,66세,상해없음,보행자,남,12세,경상,37.54428794939927,126.94589091129264
2018020600100457.0,2018년 2월 6일 18시,화요일,서울특별시 영등포구 당산동3가,경상사고,0.0,0.0,3.0,0.0,차대사람 - 기타,안전운전불이행,건조,맑음,교차로 - 교차로안,승합,남,66세,상해없음,보행자,남,39세,경상,37.61996221406113,126.92464976282824
2018020700100296.0,2018년 2월 7일 13시,수요일,서울특별시 중랑구 망우동,경상사고,0.0,0.0,1.0,0.0,차대사람 - 보도통행중,보행자보호의무위반,건조,맑음,단일로 - 기타,승용,남,47세,상해없음,보행자,여,12세,경상,37.52591262368621,126.89511055424748
2018020800100132.0,2018년 2월 8일 08시,목요일,서울특별시 은평구 대조동,경상사고,0.0,0.0,1.0,0.0,차대사람 - 횡단중,기타,건조,맑음,단일로 - 기타,승용,남,57세,상해없음,보행자,남,11세,경상,37.60292484588647,127.10909170605154
2018020900100160.0,2018년 2월 9일 09시,금요일,서울특별시 성북구 정릉동,경상사고,0.0,0.0,1.0,0.0,차대사람 - 기타,안전운전불이행,건조,맑음,단일로 - 기타,승용,남,50세,상해없음,보행자,남,2세,경상,37.61220066493912,126.91891977466604
2018020900100348.0,2018년 2월 9일 14시,금요일,서울특별시 구로구 개봉동,경상사고,0.0,0.0,1.0,0.0,차대사람 - 횡단중,안전운전불이행,건조,맑음,교차로 - 교차로횡단보도내,승용,여,60세,상해없음,보행자,남,10세,경상,37.61002581993153,127.00967870677638
2018020900100411.0,2018년 2월 9일 16시,금요일,서울특별시 강남구 개포동,경상사고,0.0,0.0,1.0,0.0,차대사람 - 횡단중,안전운전불이행,건조,맑음,교차로 - 교차로부근,승용,여,58세,상해없음,보행자,남,7세,경상,37.49663707118691,126.86260750887186
2018021000100325.0,2018년 2월 10일 15시,토요일,서울특별시 강남구 논현동,중상사고,0.0,2.0,0.0,0.0,차대사람 - 횡단중,신호위반,건조,맑음,단일로 - 기타,승용,여,35세,상해없음,보행자,남,10세,중상,37.49433725835727,127.07724789766397
2018021000100535.0,2018년 2월 10일 22시,토요일,서울특별시 금천구 가산동,부상신고사고,0.0,0.0,0.0,1.0,차대사람 - 기타,안전운전불이행,건조,맑음,단일로 - 기타,승용,남,31세,상해없음,보행자,남,3세,부상신고,37.51039129697904,127.03661584218244
2018021100100172.0,2018년 2월 11일 12시,일요일,서울특별시 구로구 오류동,경상사고,0.0,0.0,1.0,0.0,차대사람 - 횡단중,보행자보호의무위반,건조,맑음,교차로 - 교차로횡단보도내,이륜,남,24세,상해없음,보행자,남,12세,경상,37.477393686462456,126.89002785563916
2018021100100265.0,2018년 2월 11일 16시,일요일,서울특별시 광진구 자양동,경상사고,0.0,0.0,1.0,0.0,차대사람 - 길가장자리구역통행중,안전운전불이행,건조,맑음,단일로 - 기타,승용,남,58세,상해없음,보행자,남,10세,경상,37.490947423224014,126.84086907901602
2018021200100423.0,2018년 2월 12일 16시,월요일,서울특별시 강서구 화곡동,경상사고,0.0,0.0,1.0,0.0,차대사람 - 차도통행중,안전운전불이행,건조,맑음,단일로 - 기타,승용,남,67세,상해없음,보행자,남,2세,경상,37.53343914875538,127.06266416079704