사고번호,사고일시,요일,시군구,사고내용,사망자수,중상자수,경상자수,부상신고자수,사고유형,법규위반,노면상태,기상상태,도로형태,가해운전자 차종,가해운전자 성별,가해운전자 연령,가해운전자 상해정도,피해운전자 차종,피해운전자 성별,피해운전자 연령,피해운전자 상해정도,lat(위도),lon(경도)
2018021300100646.0,2018년 2월 13일 19시,화요일,서울특별시 마포구 상암동,경상사고,0.0,0.0,1.0,0.0,차대사람 - 횡단중,보행자보호의무위반,건조,맑음,교차로 - 교차로부근,승용,남,45세,상해없음,보행자,남,9세,경상,37.531221880263615,126.83964332494276
2018021300100651.0,2018년 2월 13일 19시,화요일,서울특별시 노원구 중계동,경상사고,0.0,0.0,1.0,0.0,차대사람 - 보도통행중,신호위반,건조,맑음,교차로 - 교차로부근,승용,여,52세,상해없음,보행자,여,7세,경상,37.58132747434515,126.88467329385196
2018021400100366.0,2018년 2월 14일 15시,수요일,서울특별시 중구 신당동,경상사고,0.0,0.0,1.0,0.0,차대사람 - 횡단중,보행자보호의무위반,건조,맑음,단일로 - 기타,화물,남,33세,상해없음,보행자,여,11세,경상,37.64565277112625,127.06402478337095
2018021400100499.0,2018년 2월 14일 18시,수요일,서울특별시 강동구 성내동,중상사고,0.0,1.0,0.0,0.0,차대사람 - 기타,안전운전불이행,건조,맑음,단일로 - 기타,승용,남,76세,상해없음,보행자,남,12세,중상,37.561177629275385,127.01081424147527
2018021400100502.0,2018년 2월 14일 18시,수요일,서울특별시 노원구 공릉동,경상사고,0.0,0.0,1.0,0.0,차대사람 - 횡단중,보행자보호의무위반,건조,맑음,교차로 - 교차로횡단보도내,승용,여,59세,상해없음,보행자,남,7세,경상,37.52825440346475,127.13361101996898
2018021700100119.0,2018년 2월 17일 12시,토요일,서울특별시 노원구 월계동,부상신고사고,0.0,0.0,0.0,1.0,차대사람 - 기타,안전운전불이행,건조,맑음,주차장 - 주차장,기타불명,기타불명,미분류,기타불명,보행자,남,8세,부상신고,37.62248951291282,127.07924290979388
2018021700100296.0,2018년 2월 17일 20시,토요일,서울특별시 송파구 방이동,중상사고,0.0,1.0,0.0,0.0,차대사람 - 기타,안전운전불이행,건조,맑음,단일로 - 기타,승용,남,37세,상해없음,보행자,여,12세,중상,37.632311673831126,127.06124671115175
2018021800100221.0,2018년 2월 18일 17시,일요일,서울특별시 서대문구 홍은동,경상사고,0.0,0.0,1.0,0.0,차대사람 - 횡단중,보행자보호의무위반,건조,맑음,단일로 - 기타,승용,남,71세,상해없음,보행자,여,11세,경상,37.51579659770192,127.1107461082564
2018021800100277.0,2018년 2월 18일 20시,일요일,서울특별시 강남구 청담동,경상사고,0.0,0.0,1.0,1.0,차대사람 - 기타,기타,건조,맑음,기타 - 기타,승용,남,50세,상해없음,보행자,여,33세,경상,37.59898025003096,126.947535977466
2018022000100348.0,2018년 2월 20일 17시,화요일,서울특별시 중랑구 묵동,경상사고,0.0,0.0,2.0,0.0,차대사람 - 기타,안전운전불이행,건조,맑음,주차장 - 주차장,승용,남,65세,상해없음,보행자,여,31세,경상,37.52392886318298,127.0551599178533
2018022100100366.0,2018년 2월 21일 19시,수요일,서울특별시 영등포구 영등포동8가,경상사고,0.0,0.0,1.0,0.0,차대사람 - 기타,기타,건조,맑음,기타 - 기타,승용,남,69세,상해없음,보행자,남,4세,경상,37.614245947083006,127.08028646379432
2018022200100193.0,2018년 2월 22일 11시,목요일,서울특별시 강서구 가양동,경상사고,0.0,0.0,1.0,0.0,차대사람 - 횡단중,신호위반,건조,맑음,단일로 - 기타,승용,여,62세,상해없음,보행자,남,11세,경상,37.527257557858015,126.90614551695492
2018022200100229.0,2018년 2월 22일 12시,목요일,서울특별시 성동구 성수동2가,경상사고,0.0,0.0,1.0,0.0,차대사람 - 기타,안전운전불이행,건조,맑음,단일로 - 기타,승용,남,62세,상해없음,보행자,남,8세,경상,37.56821582690004,126.84989310593456
2018022300100302.0,2018년 2월 23일 13시,금요일,서울특별시 강남구 세곡동,중상사고,0.0,1.0,0.0,0.0,차대사람 - 횡단중,보행자보호의무위반,건조,맑음,교차로 - 교차로횡단보도내,승용,남,63세,상해없음,보행자,여,6세,중상,37.54814796133317,127.0550839528486
2018022300100423.0,2018년 2월 23일 18시,금요일,서울특별시 관악구 신림동,부상신고사고,0.0,0.0,0.0,1.0,차대사람 - 차도통행중,안전운전불이행,건조,맑음,교차로 - 교차로안,화물,남,58세,상해없음,보행자,남,8세,부상신고,37.47183074352445,127.10608865931076
2018022400100323.0,2018년 2월 24일 16시,토요일,서울특별시 구로구 신도림동,중상사고,0.0,1.0,0.0,0.0,차대사람 - 차도통행중,보행자보호의무위반,건조,맑음,단일로 - 기타,승용,남,28세,상해없음,보행자,여,8세,중상,37.46680531442745,126.93026976231644
2018022500100150.0,2018년 2월 25일 12시,일요일,서울특별시 성북구 삼선동2가,경상사고,0.0,0.0,1.0,0.0,차대사람 - 횡단중,안전운전불이행,건조,맑음,단일로 - 기타,승용,남,57세,상해없음,보행자,남,10세,경상,37.50831201647546,126.88000056517686
2018022600100219.0,2018년 2월 26일 12시,월요일,서울특별시 성동구 성수동2가,중상사고,0.0,1.0,1.0,0.0,차대사람 - 기타,신호위반,건조,맑음,교차로 - 교차로부근,이륜,남,20세,경상,보행자,남,9세,중상,37.58444479897209,127.01163607397696
2018022600100362.0,2018년 2월 26일 16시,월요일,서울특별시 강북구 미아동,경상사고,0.0,0.0,1.0,0.0,차대사람 - 기타,보행자보호의무위반,건조,맑음,교차로 - 교차로횡단보도내,기타불명,기타불명,미분류,기타불명,보행자,남,7세,경상,37.54828422718485,127.05536616022118
2018022800100246.0,2018년 2월 28일 14시,수요일,서울특별시 관악구 봉천동,경상사고,0.0,0.0,1.0,0.0,차대사람 - 기타,안전운전불이행,기타,비,단일로 - 기타,승용,여,32세,기타불명,보행자,여,10세,경상,37.61659729376589,127.02978212419848
2018030100100250.0,2018년 3월 1일 14시,목요일,서울특별시 성동구 성수동2가,경상사고,0.0,0.0,1.0,0.0,차대사람 - 횡단중,안전운전불이행,건조,맑음,단일로 - 기타,화물,남,65세,상해없음,보행자,남,5세,경상,37.47389294443825,126.9656257387129
2018030200100174.0,2018년 3월 2일 11시,금요일,서울특별시 강서구 공항동,부상신고사고,0.0,0.0,0.0,1.0,차대사람 - 횡단중,중앙선침범,건조,맑음,단일로 - 기타,승용,남,49세,상해없음,보행자,남,4세,부상신고,37.53778455377105,127.05326656370896
2018030200100201.0,2018년 3월 2일 12시,금요일,서울특별시 중랑구 묵동,부상신고사고,0.0,0.0,0.0,1.0,차대사람 - 횡단중,기타,건조,맑음,교차로 - 교차로횡단보도내,기타불명,기타불명,미분류,기타불명,보행자,남,8세,부상신고,37.55681633957123,126.81215446265593
2018030400100159.0,2018년 3월 4일 12시,일요일,서울특별시 구로구 궁동,경상사고,0.0,0.0,1.0,0.0,차대사람 - 횡단중,보행자보호의무위반,젖음/습기,흐림,교차로 - 교차로안,이륜,남,21세,상해없음,보행자,여,9세,경상,37.6063500815596,127.0752212313817
2018030400100174.0,2018년 3월 4일 13시,일요일,서울특별시 양천구 신정동,중상사고,0.0,1.0,0.0,0.0,차대사람 - 횡단중,안전운전불이행,건조,흐림,교차로 - 교차로횡단보도내,승용,남,47세,상해없음,보행자,남,12세,중상,37.49457723246755,126.83078039263523
2018030400100275.0,2018년 3월 4일 18시,일요일,서울특별시 서초구 서초동,중상사고,0.0,1.0,0.0,0.0,차대사람 - 횡단중,신호위반,건조,맑음,교차로 - 교차로횡단보도내,이륜,남,30세,상해없음,보행자,여,7세,중상,37.51074995790018,126.84246010442612
2018030500100338.0,2018년 3월 5일 16시,월요일,서울특별시 강동구 암사동,중상사고,0.0,1.0,0.0,0.0,차대사람 - 기타,안전운전불이행,건조,맑음,단일로 - 기타,승용,남,66세,상해없음,보행자,남,11세,중상,37.48082274719096,127.01321612378148
2018030600100095.0,2018년 3월 6일 08시,화요일,서울특별시 성북구 동선동5가,경상사고,0.0,0.0,1.0,0.0,차대사람 - 횡단중,안전운전불이행,건조,맑음,교차로 - 교차로횡단보도내,승용,여,52세,상해없음,보행자,남,9세,경상,37.55258744271285,127.1353712789058
2018030600100102.0,2018년 3월 6일 08시,화요일,서울특별시 양천구 신정동,경상사고,0.0,0.0,1.0,0.0,차대사람 - 횡단중,보행자보호의무위반,건조,맑음,단일로 - 기타,승용,남,39세,상해없음,보행자,남,12세,경상,37.59840882356832,127.01435422736829
2018030600100273.0,2018년 3월 6일 15시,화요일,서울특별시 중랑구 면목동,경상사고,0.0,0.0,1.0,0.0,차대사람 - 횡단중,안전운전불이행,건조,맑음,단일로 - 기타,승용,여,51세,상해없음,보행자,여,3세,경상,37.51932805372816,126.87176174095218
2018030700100278.0,2018년 3월 7일 16시,수요일,서울특별시 노원구 상계동,경상사고,0.0,0.0,1.0,0.0,차대사람 - 기타,안전운전불이행,건조,맑음,기타 - 기타,승용,여,35세,상해없음,보행자,여,11세,경상,37.58811174054209,127.076582168354
2018030800100268.0,2018년 3월 8일 13시,목요일,서울특별시 광진구 자양동,경상사고,0.0,0.0,1.0,0.0,차대사람 - 기타,안전운전불이행,건조,맑음,단일로 - 기타,화물,남,63세,상해없음,보행자,남,12세,경상,37.6654085232211,127.06605222465606
2018030900100276.0,2018년 3월 9일 16시,금요일,서울특별시 양천구 신정동,중상사고,0.0,1.0,0.0,0.0,차대사람 - 횡단중,보행자보호의무위반,건조,맑음,단일로 - 기타,화물,남,24세,상해없음,보행자,남,11세,중상,37.5359378531466,127.07806581761744
2018031100100113.0,2018년 3월 11일 10시,일요일,서울특별시 동대문구 전농동,중상사고,0.0,1.0,0.0,0.0,차대사람 - 기타,안전운전불이행,건조,맑음,단일로 - 기타,승용,여,41세,상해없음,보행자,남,7세,중상,37.52103117191429,126.87337703481874
2018031200100499.0,2018년 3월 12일 21시,월요일,서울특별시 노원구 상계동,부상신고사고,0.0,0.0,0.0,1.0,차대사람 - 보도통행중,안전운전불이행,건조,맑음,기타 - 기타,자전거,남,64세,상해없음,보행자,여,7세,부상신고,37.57882785349268,127.05934098289664
2018031300100076.0,2018년 3월 13일 08시,화요일,서울특별시 영등포구 문래동3가,부상신고사고,0.0,0.0,0.0,1.0,차대사람 - 횡단중,보행자보호의무위반,건조,맑음,교차로 - 교차로횡단보도내,기타불명,기타불명,미분류,기타불명,보행자,남,12세,부상신고,37.66150624672966,127.05649444324676
2018031300100363.0,2018년 3월 13일 17시,화요일,서울특별시 양천구 목동,중상사고,0.0,1.0,0.0,0.0,차대사람 - 기타,안전운전불이행,건조,맑음,단일로 - 기타,승용,남,24세,상해없음,보행자,남,6세,중상,37.51943563122165,126.89232246453868
2018031400100283.0,2018년 3월 14일 14시,수요일,서울특별시 마포구 아현동,중상사고,0.0,1.0,0.0,0.0,차대사람 - 차도통행중,안전운전불이행,건조,맑음,단일로 - 기타,승용,여,64세,상해없음,보행자,남,10세,중상,37.53246562758024,126.864260764585
2018031400100316.0,2018년 3월 14일 15시,수요일,서울특별시 구로구 오류동,경상사고,0.0,0.0,1.0,0.0,차대사람 - 횡단중,보행자보호의무위반,건조,맑음,교차로 - 교차로횡단보도내,승합,남,53세,상해없음,보행자,남,8세,경상,37.55486717564005,126.9589343713394
2018031400100317.0,2018년 3월 14일 15시,수요일,서울특별시 양천구 신정동,경상사고,0.0,0.0,1.0,0.0,차대사람 - 횡단중,기타,건조,맑음,단일로 - 기타,승용,남,39세,상해없음,보행자,여,6세,경상,37.48915208393214,126.82461870160525
2018031400100441.0,2018년 3월 14일 18시,수요일,서울특별시 송파구 삼전동,경상사고,0.0,0.0,1.0,0.0,차대사람 - 기타,안전운전불이행,건조,맑음,단일로 - 기타,승용,여,36세,기타불명,보행자,여,5세,경상,37.51224699351612,126.83776250305496
2018031500100109.0,2018년 3월 15일 08시,목요일,서울특별시 마포구 상암동,경상사고,0.0,0.0,1.0,0.0,차대사람 - 기타,기타,건조,맑음,교차로 - 교차로안,승용,남,42세,상해없음,보행자,남,12세,경상,37.50261051481091,127.09228255470993
2018031600100383.0,2018년 3월 16일 17시,금요일,서울특별시 구로구 개봉동,중상사고,0.0,1.0,0.0,0.0,차대사람 - 기타,안전운전불이행,건조,맑음,단일로 - 기타,승합,남,69세,상해없음,보행자,여,4세,중상,37.58348541089996,126.88193730662924
2018031600100453.0,2018년 3월 16일 19시,금요일,서울특별시 은평구 녹번동,경상사고,0.0,0.0,1.0,0.0,차대사람 - 기타,안전운전불이행,건조,맑음,교차로 - 교차로안,승용,남,33세,상해없음,보행자,남,12세,경상,37.50453401780962,126.84631612285348
2018031700100319.0,2018년 3월 17일 15시,토요일,서울특별시 도봉구 창동,경상사고,0.0,0.0,1.0,0.0,차대사람 - 횡단중,안전운전불이행,건조,맑음,단일로 - 기타,원동기,남,19세,상해없음,보행자,여,7세,경상,37.60561913865234,126.9259271773592
2018031700100394.0,2018년 3월 17일 17시,토요일,서울특별시 송파구 잠실동,경상사고,0.0,0.0,1.0,0.0,차대사람 - 차도통행중,안전운전불이행,건조,맑음,단일로 - 기타,자전거,남,55세,상해없음,보행자,여,8세,경상,37.64041049367351,127.04118208222302
2018031800100149.0,2018년 3월 18일 12시,일요일,서울특별시 송파구 송파동,경상사고,0.0,0.0,1.0,0.0,차대사람 - 기타,보행자보호의무위반,건조,흐림,교차로 - 교차로부근,승용,남,57세,상해없음,보행자,남,10세,경상,37.51764353694552,127.08662195199692
2018032200100127.0,2018년 3월 22일 08시,목요일,서울특별시 도봉구 창동,중상사고,0.0,1.0,0.0,0.0,차대사람 - 횡단중,신호위반,건조,맑음,단일로 - 기타,승용,남,67세,상해없음,보행자,남,8세,중상,37.50341981369182,127.1159129596586
2018032200100357.0,2018년 3월 22일 16시,목요일,서울특별시 영등포구 대림동,경상사고,0.0,0.0,1.0,0.0,차대사람 - 횡단중,기타,건조,맑음,교차로 - 교차로부근,승용,남,30세,상해없음,보행자,남,6세,경상,37.64695552114548,127.04853266637214
2018032300100144.0,2018년 3월 23일 09시,금요일,서울특별시 강서구 방화동,경상사고,0.0,0.0,1.0,0.0,차대사람 - 기타,기타,건조,맑음,기타 - 기타,승용,남,40세,상해없음,보행자,남,4세,경상,37.499723322312896,126.89588754852886
2018032300100376.0,2018년 3월 23일 17시,금요일,서울특별시 성북구 길음동,경상사고,0.0,0.0,1.0,0.0,차대사람 - 기타,보행자보호의무위반,건조,맑음,단일로 - 기타,이륜,여,43세,상해없음,보행자,여,8세,경상,37.578067228434925,126.81479028399986
2018032400100261.0,2018년 3월 24일 14시,토요일,서울특별시 강북구 수유동,경상사고,0.0,0.0,1.0,0.0,차대사람 - 보도통행중,신호위반,건조,맑음,교차로 - 교차로횡단보도내,승용,남,73세,상해없음,보행자,남,8세,경상,37.60342338383255,127.02396263318812
2018032500100163.0,2018년 3월 25일 13시,일요일,서울특별시 강남구 논현동,중상사고,0.0,1.0,1.0,0.0,차대차 - 측면충돌,중앙선침범,건조,맑음,단일로 - 기타,승용,남,78세,상해없음,승용,남,64세,경상,37.64565191044771,127.00659941643728
2018032500100167.0,2018년 3월 25일 13시,일요일,서울특별시 강남구 세곡동,경상사고,0.0,0.0,1.0,0.0,차대사람 - 횡단중,보행자보호의무위반,건조,맑음,교차로 - 교차로안,승용,여,28세,상해없음,보행자,남,3세,경상,37.51618463553309,127.04061977518214
2018032500100212.0,2018년 3월 25일 15시,일요일,서울특별시 동작구 사당동,부상신고사고,0.0,0.0,0.0,1.0,차대사람 - 기타,안전운전불이행,건조,맑음,단일로 - 기타,승용,여,67세,기타불명,보행자,남,5세,부상신고,37.46681589313437,127.09446730808888
2018032600100292.0,2018년 3월 26일 15시,월요일,서울특별시 서초구 방배동,경상사고,0.0,0.0,1.0,0.0,차대사람 - 차도통행중,기타,건조,맑음,단일로 - 기타,승용,남,62세,상해없음,보행자,남,9세,경상,37.487198114783766,126.96587032038956
2018032600100325.0,2018년 3월 26일 16시,월요일,서울특별시 강서구 방화동,중상사고,0.0,1.0,0.0,0.0,차대사람 - 횡단중,보행자보호의무위반,건조,맑음,단일로 - 기타,승용,여,57세,상해없음,보행자,남,9세,중상,37.48587896192238,126.99803755811595
2018032600100377.0,2018년 3월 26일 17시,월요일,서울특별시 송파구 방이동,경상사고,0.0,0.0,1.0,0.0,차대사람 - 횡단중,안전운전불이행,건조,맑음,단일로 - 기타,승용,여,42세,상해없음,보행자,남,12세,경상,37.56965522031264,126.81280642446
2018032700100225.0,2018년 3월 27일 13시,화요일,서울특별시 종로구 숭인동,경상사고,0.0,0.0,1.0,0.0,차대사람 - 기타,안전운전불이행,건조,맑음,단일로 - 기타,승합,남,42세,상해없음,보행자,남,9세,경상,37.51573508901116,127.1167437992909
2018032700100254.0,2018년 3월 27일 14시,화요일,서울특별시 서초구 서초동,경상사고,0.0,0.0,1.0,0.0,차대사람 - 기타,기타,건조,맑음,단일로 - 기타,승용,남,50세,기타불명,보행자,여,8세,경상,37.57623178356637,127.01558548479647
2018032700100344.0,2018년 3월 27일 17시,화요일,서울특별시 관악구 봉천동,중상사고,0.0,1.0,0.0,0.0,차대사람 - 차도통행중,보행자보호의무위반,건조,맑음,단일로 - 기타,이륜,남,68세,상해없음,보행자,여,9세,중상,37.50155330099901,127.02410103266205
2018032800100353.0,2018년 3월 28일 16시,수요일,서울특별시 중랑구 신내동,경상사고,0.0,0.0,1.0,0.0,차대사람 - 보도통행중,기타,건조,맑음,단일로 - 기타,승용,여,51세,상해없음,보행자,남,6세,경상,37.49060314082438,126.9288108083628
2018032800100441.0,2018년 3월 28일 18시,수요일,서울특별시 노원구 상계동,경상사고,0.0,0.0,1.0,0.0,차대사람 - 기타,신호위반,건조,맑음,단일로 - 기타,승용,남,64세,상해없음,보행자,남,7세,경상,37.60604914438938,127.0947322610238
2018032800100503.0,2018년 3월 28일 20시,수요일,서울특별시 영등포구 도림동,경상사고,0.0,0.0,1.0,0.0,차대사람 - 횡단중,신호위반,건조,맑음,교차로 - 교차로횡단보도내,승합,남,58세,상해없음,보행자,여,7세,경상,37.67478881487671,127.05807101828913
2018032800100504.0,2018년 3월 28일 20시,수요일,서울특별시 영등포구 대림동,부상신고사고,0.0,0.0,0.0,1.0,차대사람 - 횡단중,보행자보호의무위반,건조,맑음,교차로 - 교차로안,이륜,남,61세,상해없음,보행자,남,10세,부상신고,37.508703551084565,126.89642617313557
2018032900100314.0,2018년 3월 29일 15시,목요일,서울특별시 성동구 하왕십리동,중상사고,0.0,1.0,0.0,0.0,차대사람 - 횡단중,안전운전불이행,건조,맑음,단일로 - 기타,기타불명,기타불명,미분류,기타불명,보행자,남,12세,중상,37.49959592283807,126.89565099642248
2018032900100426.0,2018년 3월 29일 18시,목요일,서울특별시 동대문구 답십리동,중상사고,0.0,1.0,0.0,0.0,차대사람 - 보도통행중,기타,건조,맑음,단일로 - 기타,이륜,남,48세,상해없음,보행자,남,7세,중상,37.56148393639998,127.03076279261778
2018032900100466.0,2018년 3월 29일 19시,목요일,서울특별시 관악구 신림동,경상사고,0.0,0.0,1.0,0.0,차대사람 - 기타,안전운전불이행,건조,맑음,단일로 - 기타,승용,여,59세,상해없음,보행자,여,1세,경상,37.56915492832006,127.0638029552781
2018033000100197.0,2018년 3월 30일 11시,금요일,서울특별시 동작구 본동,중상사고,0.0,2.0,0.0,0.0,차대사람 - 횡단중,보행자보호의무위반,건조,맑음,기타 - 기타,승용,남,62세,상해없음,보행자,여,2세,중상,37.47375276711685,126.9187493177994
2018033000100297.0,2018년 3월 30일 14시,금요일,서울특별시 강서구 화곡동,경상사고,0.0,0.0,1.0,0.0,차대사람 - 기타,안전운전불이행,건조,맑음,교차로 - 교차로안,화물,남,51세,상해없음,보행자,남,3세,경상,37.51003313662565,126.95094173911065
2018033000100326.0,2018년 3월 30일 15시,금요일,서울특별시 성동구 행당동,경상사고,0.0,0.0,1.0,0.0,차대사람 - 기타,안전운전불이행,건조,맑음,단일로 - 기타,화물,남,46세,상해없음,보행자,남,5세,경상,37.53614127250815,126.85560466508268
2018033000100361.0,2018년 3월 30일 16시,금요일,서울특별시 영등포구 양평동2가,경상사고,0.0,0.0,1.0,0.0,차대사람 - 기타,안전운전불이행,건조,맑음,단일로 - 기타,원동기,여,20세,상해없음,보행자,남,6세,경상,37.557020323640096,127.02801689336876
2018033000100454.0,2018년 3월 30일 18시,금요일,서울특별시 양천구 신정동,경상사고,0.0,0.0,1.0,0.0,차대사람 - 횡단중,신호위반,건조,맑음,교차로 - 교차로부근,승용,남,73세,상해없음,보행자,남,7세,경상,37.52450610661423,126.88456313134034
2018033100100241.0,2018년 3월 31일 13시,토요일,서울특별시 강북구 미아동,경상사고,0.0,0.0,1.0,0.0,차대사람 - 기타,안전운전불이행,건조,맑음,단일로 - 기타,승용,남,62세,상해없음,보행자,남,5세,경상,37.511442312146144,126.83411486275376
2018033100100359.0,2018년 3월 31일 16시,토요일,서울특별시 서대문구 홍은동,중상사고,0.0,1.0,0.0,1.0,차대사람 - 횡단중,안전운전불이행,건조,맑음,단일로 - 기타,승용,남,51세,상해없음,보행자,남,5세,중상,37.61380395561207,127.03453590834016
2018040100100199.0,2018년 4월 1일 13시,일요일,서울특별시 양천구 목동,중상사고,0.0,1.0,0.0,0.0,차대사람 - 횡단중,안전운전불이행,건조,맑음,단일로 - 기타,승용,남,67세,상해없음,보행자,남,6세,중상,37.5920447870876,126.9428184708812
2018040200100291.0,2018년 4월 2일 14시,월요일,서울특별시 강북구 수유동,경상사고,0.0,0.0,1.0,0.0,차대사람 - 횡단중,안전운전불이행,건조,흐림,단일로 - 기타,이륜,남,54세,상해없음,보행자,남,7세,경상,37.54181070099832,126.86390975026698
2018040200100294.0,2018년 4월 2일 14시,월요일,서울특별시 송파구 풍납동,부상신고사고,0.0,0.0,0.0,1.0,차대사람 - 횡단중,신호위반,건조,맑음,교차로 - 교차로안,승용,여,37세,상해없음,보행자,남,7세,부상신고,37.630211936296256,127.0174792804758
2018040200100329.0,2018년 4월 2일 15시,월요일,서울특별시 은평구 갈현동,경상사고,0.0,0.0,1.0,0.0,차대사람 - 차도통행중,안전운전불이행,건조,맑음,교차로 - 교차로안,이륜,남,30세,상해없음,보행자,남,12세,경상,37.53021100705678,127.11401001658288
2018040200100402.0,2018년 4월 2일 17시,월요일,서울특별시 양천구 신정동,중상사고,0.0,1.0,0.0,0.0,차대사람 - 기타,안전운전불이행,건조,맑음,단일로 - 기타,승용,여,40세,상해없음,보행자,여,10세,중상,37.62340789221291,126.91782399764011
2018040200100468.0,2018년 4월 2일 19시,월요일,서울특별시 은평구 응암동,경상사고,0.0,0.0,1.0,0.0,차대사람 - 차도통행중,안전운전불이행,건조,맑음,교차로 - 교차로안,승용,남,23세,상해없음,보행자,여,12세,경상,37.52426904313313,126.85698561458324
2018040300100265.0,2018년 4월 3일 13시,화요일,서울특별시 성북구 석관동,경상사고,0.0,0.0,1.0,0.0,차대사람 - 횡단중,신호위반,건조,맑음,단일로 - 기타,이륜,남,70세,상해없음,보행자,여,7세,경상,37.58795787959697,126.91774909836344
2018040300100410.0,2018년 4월 3일 17시,화요일,서울특별시 종로구 명륜1가,경상사고,0.0,0.0,1.0,0.0,차대사람 - 횡단중,보행자보호의무위반,건조,맑음,교차로 - 교차로횡단보도내,승용,남,68세,상해없음,보행자,여,7세,경상,37.61030179995999,127.05906470643674
2018040300100414.0,2018년 4월 3일 17시,화요일,서울특별시 송파구 방이동,경상사고,0.0,0.0,1.0,0.0,차대사람 - 기타,안전운전불이행,건조,흐림,단일로 - 기타,자전거,남,67세,상해없음,보행자,남,4세,경상,37.589251677133184,126.99725351867644
2018040400100269.0,2018년 4월 4일 13시,수요일,서울특별시 강남구 역삼동,경상사고,0.0,0.0,1.0,0.0,차대사람 - 횡단중,보행자보호의무위반,건조,맑음,단일로 - 기타,승용,여,39세,상해없음,보행자,남,9세,경상,37.52395279648407,127.1271700265314
2018040400100361.0,2018년 4월 4일 16시,수요일,서울특별시 성북구 동선동1가,경상사고,0.0,0.0,1.0,0.0,차대사람 - 기타,안전운전불이행,건조,흐림,단일로 - 기타,자전거,여,52세,상해없음,보행자,남,7세,경상,37.49996609438546,127.04917025550787
2018040400100367.0,2018년 4월 4일 16시,수요일,서울특별시 송파구 장지동,경상사고,0.0,0.0,1.0,0.0,차대사람 - 횡단중,신호위반,건조,맑음,교차로 - 교차로횡단보도내,이륜,남,52세,상해없음,보행자,남,5세,경상,37.59268009990205,127.0174838372335
2018040500100331.0,2018년 4월 5일 16시,목요일,서울특별시 광진구 중곡동,경상사고,0.0,0.0,1.0,0.0,차대사람 - 기타,안전운전불이행,젖음/습기,비,단일로 - 기타,승용,남,52세,상해없음,보행자,남,7세,경상,37.47821865329126,127.13033799575824
2018040600100417.0,2018년 4월 6일 17시,금요일,서울특별시 강동구 암사동,경상사고,0.0,0.0,1.0,0.0,차대사람 - 기타,안전운전불이행,건조,맑음,교차로 - 교차로안,승용,여,45세,상해없음,보행자,남,6세,경상,37.55735040352269,127.0898332882205
2018040600100481.0,2018년 4월 6일 19시,금요일,서울특별시 중랑구 상봉동,중상사고,0.0,1.0,0.0,0.0,차대사람 - 횡단중,기타,건조,맑음,기타 - 기타,승용,남,56세,상해없음,보행자,여,9세,중상,37.5520239598889,127.13678918506623
2018040700100477.0,2018년 4월 7일 18시,토요일,서울특별시 용산구 용문동,중상사고,0.0,1.0,0.0,0.0,차대사람 - 횡단중,안전운전불이행,건조,맑음,단일로 - 기타,이륜,남,26세,상해없음,보행자,남,8세,중상,37.602043976074086,127.09380236547346
2018040800100200.0,2018년 4월 8일 13시,일요일,서울특별시 동작구 대방동,부상신고사고,0.0,0.0,0.0,1.0,차대사람 - 횡단중,보행자보호의무위반,건조,맑음,교차로 - 교차로횡단보도내,기타불명,기타불명,미분류,기타불명,보행자,남,6세,부상신고,37.53767657934398,126.9604961274907
2018040900100288.0,2018년 4월 9일 13시,월요일,서울특별시 노원구 상계동,경상사고,0.0,0.0,1.0,0.0,차대사람 - 횡단중,보행자보호의무위반,건조,맑음,교차로 - 교차로횡단보도내,승용,남,37세,상해없음,보행자,남,8세,경상,37.49796285021472,126.92235157862746
2018040900100384.0,2018년 4월 9일 16시,월요일,서울특별시 광진구 구의동,경상사고,0.0,0.0,1.0,1.0,차대사람 - 기타,안전운전불이행,건조,맑음,교차로 - 교차로안,이륜,남,23세,부상신고,보행자,여,12세,경상,37.66951734868049,127.0781271102679
2018041000100354.0,2018년 4월 10일 16시,화요일,서울특별시 서대문구 홍제동,경상사고,0.0,0.0,1.0,0.0,차대사람 - 횡단중,보행자보호의무위반,건조,맑음,교차로 - 교차로횡단보도내,승합,남,64세,상해없음,보행자,남,7세,경상,37.541534729937474,127.0855505478292
2018041000100359.0,2018년 4월 10일 16시,화요일,서울특별시 양천구 목동,부상신고사고,0.0,0.0,0.0,1.0,차대사람 - 횡단중,안전운전불이행,건조,맑음,단일로 - 기타,승용,남,56세,상해없음,보행자,여,7세,부상신고,37.59182117210992,126.9450969122326