사고번호,사고일시,요일,시군구,사고내용,사망자수,중상자수,경상자수,부상신고자수,사고유형,법규위반,노면상태,기상상태,도로형태,가해운전자 차종,가해운전자 성별,가해운전자 연령,가해운전자 상해정도,피해운전자 차종,피해운전자 성별,피해운전자 연령,피해운전자 상해정도,lat(위도),lon(경도)
2018041000100448.0,2018년 4월 10일 18시,화요일,서울특별시 노원구 월계동,경상사고,0.0,0.0,1.0,0.0,차대사람 - 기타,기타,건조,맑음,주차장 - 주차장,승용,남,66세,상해없음,보행자,여,12세,경상,37.54277593146049,126.86909732311184
2018041500100112.0,2018년 4월 15일 10시,일요일,서울특별시 영등포구 신길동,중상사고,0.0,1.0,0.0,0.0,차대사람 - 차도통행중,안전운전불이행,건조,맑음,단일로 - 기타,승용,여,41세,상해없음,보행자,여,8세,중상,37.63343688501866,127.04421703157676
2018041500100355.0,2018년 4월 15일 18시,일요일,서울특별시 관악구 봉천동,경상사고,0.0,0.0,1.0,0.0,차대사람 - 횡단중,안전운전불이행,건조,맑음,단일로 - 기타,화물,남,49세,상해없음,보행자,남,9세,경상,37.50455472254731,126.91562551900026
2018041600100104.0,2018년 4월 16일 08시,월요일,서울특별시 마포구 서교동,경상사고,0.0,0.0,1.0,0.0,차대사람 - 기타,안전운전불이행,건조,맑음,단일로 - 기타,기타불명,기타불명,미분류,기타불명,보행자,남,7세,경상,37.48023933165171,126.94622849695038
2018041600100335.0,2018년 4월 16일 15시,월요일,서울특별시 영등포구 양평동3가,중상사고,0.0,1.0,0.0,0.0,차대사람 - 횡단중,보행자보호의무위반,건조,맑음,단일로 - 기타,화물,남,70세,상해없음,보행자,남,7세,중상,37.55580839970032,126.92540377563397
2018041600100369.0,2018년 4월 16일 16시,월요일,서울특별시 강북구 미아동,경상사고,0.0,0.0,2.0,0.0,차대사람 - 기타,안전운전불이행,건조,맑음,교차로 - 교차로안,승용,여,35세,상해없음,보행자,여,12세,경상,37.53242824978114,126.89313383755469
2018041700100407.0,2018년 4월 17일 17시,화요일,서울특별시 동작구 상도1동,사망사고,1.0,0.0,0.0,0.0,차대사람 - 차도통행중,안전운전불이행,건조,맑음,단일로 - 기타,승합,남,63세,상해없음,보행자,여,6세,사망,37.62067261846877,127.01232838502442
2018041900100103.0,2018년 4월 19일 08시,목요일,서울특별시 성북구 동소문동3가,경상사고,0.0,0.0,1.0,0.0,차대사람 - 횡단중,신호위반,건조,맑음,단일로 - 기타,승용,남,38세,상해없음,보행자,남,7세,경상,37.50680639710191,126.9509653731768
2018041900100281.0,2018년 4월 19일 14시,목요일,서울특별시 용산구 후암동,경상사고,0.0,0.0,1.0,0.0,차대사람 - 횡단중,안전운전불이행,건조,맑음,단일로 - 기타,이륜,남,41세,상해없음,보행자,남,7세,경상,37.591580046736375,127.0129940287538
2018041900100358.0,2018년 4월 19일 16시,목요일,서울특별시 구로구 고척동,부상신고사고,0.0,0.0,0.0,1.0,차대사람 - 기타,안전운전불이행,건조,맑음,단일로 - 기타,승용,여,63세,상해없음,보행자,남,5세,부상신고,37.55010664537696,126.9766181161894
2018041900100489.0,2018년 4월 19일 19시,목요일,서울특별시 강북구 수유동,경상사고,0.0,0.0,2.0,0.0,차대사람 - 횡단중,신호위반,건조,흐림,교차로 - 교차로횡단보도내,승용,여,46세,상해없음,보행자,여,37세,경상,37.50652275658327,126.85888026456614
2018041900100553.0,2018년 4월 19일 21시,목요일,서울특별시 용산구 이촌동,경상사고,0.0,0.0,1.0,0.0,차대사람 - 차도통행중,안전운전불이행,건조,맑음,단일로 - 기타,승용,남,67세,상해없음,보행자,남,8세,경상,37.64000566271768,127.01216803431606
2018042000100261.0,2018년 4월 20일 13시,금요일,서울특별시 강남구 대치동,중상사고,0.0,1.0,0.0,0.0,차대사람 - 차도통행중,기타,건조,맑음,단일로 - 기타,승용,여,61세,상해없음,보행자,남,7세,중상,37.51816002494537,126.97804083666324
2018042000100290.0,2018년 4월 20일 14시,금요일,서울특별시 강동구 천호동,부상신고사고,0.0,0.0,0.0,1.0,차대사람 - 보도통행중,안전운전불이행,건조,맑음,단일로 - 기타,화물,남,42세,상해없음,보행자,남,10세,부상신고,37.49197702461729,127.06032684719914
2018042000100293.0,2018년 4월 20일 14시,금요일,서울특별시 송파구 장지동,경상사고,0.0,0.0,1.0,0.0,차대사람 - 횡단중,신호위반,건조,맑음,교차로 - 교차로횡단보도내,승용,여,52세,상해없음,보행자,남,8세,경상,37.54829833671922,127.12429786562184
2018042000100473.0,2018년 4월 20일 18시,금요일,서울특별시 구로구 개봉동,중상사고,0.0,1.0,0.0,0.0,차대사람 - 횡단중,안전운전불이행,건조,맑음,단일로 - 기타,승용,남,59세,상해없음,보행자,여,9세,중상,37.48144928008239,127.1432840631328
2018042000100515.0,2018년 4월 20일 19시,금요일,서울특별시 송파구 신천동,부상신고사고,0.0,0.0,0.0,1.0,차대사람 - 횡단중,안전운전불이행,건조,맑음,교차로 - 교차로횡단보도내,이륜,남,38세,상해없음,보행자,여,3세,부상신고,37.49055851203326,126.85532906859916
2018042200100002.0,2018년 4월 22일 00시,일요일,서울특별시 성북구 정릉동,경상사고,0.0,0.0,1.0,0.0,차대사람 - 기타,안전운전불이행,건조,맑음,단일로 - 기타,승용,남,24세,상해없음,보행자,여,12세,경상,37.5187722251476,127.10836555470996
2018042200100245.0,2018년 4월 22일 15시,일요일,서울특별시 노원구 상계동,중상사고,0.0,1.0,0.0,0.0,차대사람 - 횡단중,안전운전불이행,젖음/습기,비,교차로 - 교차로횡단보도내,이륜,남,60세,상해없음,보행자,여,11세,중상,37.61277587673794,127.00774580626005
2018042300100098.0,2018년 4월 23일 08시,월요일,서울특별시 광진구 자양동,부상신고사고,0.0,0.0,0.0,1.0,차대사람 - 길가장자리구역통행중,안전운전불이행,건조,맑음,교차로 - 교차로부근,화물,남,53세,상해없음,보행자,남,12세,부상신고,37.67653588893893,127.05527097836934
2018042400100331.0,2018년 4월 24일 15시,화요일,서울특별시 동작구 대방동,중상사고,0.0,1.0,0.0,1.0,차대사람 - 횡단중,신호위반,건조,맑음,교차로 - 교차로안,승용,남,68세,상해없음,보행자,여,6세,부상신고,37.52979299632631,127.078734236878
2018042500100364.0,2018년 4월 25일 16시,수요일,서울특별시 중구 필동2가,중상사고,0.0,1.0,0.0,0.0,차대사람 - 횡단중,안전운전불이행,건조,맑음,단일로 - 기타,승용,남,26세,상해없음,보행자,남,10세,중상,37.4998070986868,126.9253240850758
2018042600100383.0,2018년 4월 26일 17시,목요일,서울특별시 용산구 이촌동,부상신고사고,0.0,0.0,0.0,1.0,차대사람 - 횡단중,신호위반,건조,맑음,교차로 - 교차로부근,이륜,남,19세,상해없음,보행자,남,4세,부상신고,37.5570852657649,126.99576008928766
2018042600100386.0,2018년 4월 26일 17시,목요일,서울특별시 중랑구 면목동,중상사고,0.0,1.0,0.0,0.0,차대사람 - 횡단중,안전운전불이행,건조,맑음,단일로 - 기타,승용,남,58세,상해없음,보행자,남,11세,중상,37.52163498240997,126.96699423360486
2018042600100426.0,2018년 4월 26일 18시,목요일,서울특별시 성동구 성수동1가,경상사고,0.0,0.0,1.0,0.0,차대사람 - 길가장자리구역통행중,안전운전불이행,건조,맑음,단일로 - 기타,화물,남,58세,상해없음,보행자,남,11세,경상,37.59151698244092,127.0811164302364
2018042700100276.0,2018년 4월 27일 14시,금요일,서울특별시 은평구 증산동,경상사고,0.0,0.0,1.0,0.0,차대사람 - 횡단중,신호위반,건조,맑음,교차로 - 교차로횡단보도내,이륜,남,17세,상해없음,보행자,여,8세,경상,37.55011244817019,127.0502042595294
2018042700100277.0,2018년 4월 27일 14시,금요일,서울특별시 영등포구 당산동5가,경상사고,0.0,0.0,1.0,0.0,차대사람 - 횡단중,보행자보호의무위반,건조,맑음,교차로 - 교차로횡단보도내,화물,남,36세,상해없음,보행자,남,9세,경상,37.58322266617173,126.90625619874072
2018042700100313.0,2018년 4월 27일 15시,금요일,서울특별시 노원구 중계동,중상사고,0.0,1.0,0.0,0.0,차대사람 - 횡단중,안전운전불이행,건조,맑음,단일로 - 기타,승용,여,46세,상해없음,보행자,남,8세,중상,37.53193519966892,126.90072099065615
2018042800100242.0,2018년 4월 28일 11시,토요일,서울특별시 서초구 방배동,경상사고,0.0,0.0,1.0,0.0,차대사람 - 보도통행중,보행자보호의무위반,건조,맑음,교차로 - 교차로횡단보도내,승용,남,70세,상해없음,보행자,여,11세,경상,37.65696347825173,127.07359525678946
2018042900100140.0,2018년 4월 29일 10시,일요일,서울특별시 강동구 성내동,경상사고,0.0,0.0,1.0,0.0,차대사람 - 차도통행중,안전운전불이행,건조,맑음,기타 - 기타,승용,남,35세,상해없음,보행자,여,4세,경상,37.49292203029692,126.9904224942625
2018042900100286.0,2018년 4월 29일 15시,일요일,서울특별시 영등포구 여의도동,경상사고,0.0,0.0,1.0,1.0,차대사람 - 기타,안전운전불이행,건조,맑음,단일로 - 기타,자전거,남,67세,경상,보행자,남,5세,부상신고,37.52243580748511,127.13205512166128
2018050100100298.0,2018년 5월 1일 15시,화요일,서울특별시 구로구 천왕동,경상사고,0.0,0.0,1.0,1.0,차대사람 - 기타,신호위반,건조,맑음,교차로 - 교차로횡단보도내,이륜,남,30세,부상신고,보행자,남,9세,경상,37.52384191380482,126.93754314089854
2018050100100366.0,2018년 5월 1일 17시,화요일,서울특별시 성북구 석관동,경상사고,0.0,0.0,1.0,0.0,차대사람 - 횡단중,안전운전불이행,건조,맑음,단일로 - 기타,승용,남,44세,상해없음,보행자,남,7세,경상,37.48198326609887,126.83841426602726
2018050300100517.0,2018년 5월 3일 19시,목요일,서울특별시 강북구 수유동,경상사고,0.0,0.0,1.0,0.0,차대사람 - 기타,안전운전불이행,건조,맑음,교차로 - 교차로부근,이륜,남,17세,상해없음,보행자,남,12세,경상,37.610180049710095,127.05784177770958
2018050300100582.0,2018년 5월 3일 21시,목요일,서울특별시 성북구 돈암동,중상사고,0.0,1.0,0.0,0.0,차대사람 - 횡단중,신호위반,건조,맑음,단일로 - 기타,이륜,남,39세,상해없음,보행자,남,11세,중상,37.64274269621127,127.02244231320418
2018050400100103.0,2018년 5월 4일 08시,금요일,서울특별시 동대문구 청량리동,부상신고사고,0.0,0.0,0.0,1.0,차대사람 - 기타,안전운전불이행,건조,맑음,단일로 - 기타,승용,남,43세,상해없음,보행자,남,11세,부상신고,37.60178179345355,127.0236785451902
2018050400100175.0,2018년 5월 4일 10시,금요일,서울특별시 마포구 성산동,경상사고,0.0,0.0,1.0,0.0,차대사람 - 횡단중,신호위반,건조,맑음,단일로 - 기타,승용,남,62세,상해없음,보행자,남,1세,경상,37.58802836929485,127.04450539324915
2018050400100296.0,2018년 5월 4일 14시,금요일,서울특별시 영등포구 양평동5가,경상사고,0.0,0.0,1.0,0.0,차대사람 - 차도통행중,안전운전불이행,건조,맑음,단일로 - 기타,화물,남,34세,상해없음,보행자,남,10세,경상,37.57637837476044,126.89148629173668
2018050400100301.0,2018년 5월 4일 14시,금요일,서울특별시 양천구 신정동,경상사고,0.0,0.0,1.0,0.0,차대사람 - 차도통행중,안전운전불이행,건조,맑음,단일로 - 기타,승용,남,66세,상해없음,보행자,남,12세,경상,37.53863600711251,126.8943965513808
2018050400100352.0,2018년 5월 4일 15시,금요일,서울특별시 양천구 신정동,경상사고,0.0,0.0,1.0,0.0,차대사람 - 횡단중,보행자보호의무위반,건조,맑음,교차로 - 교차로안,승용,남,25세,상해없음,보행자,남,8세,경상,37.5169444008698,126.86761748612672
2018050400100492.0,2018년 5월 4일 18시,금요일,서울특별시 성북구 길음동,경상사고,0.0,0.0,1.0,0.0,차대사람 - 횡단중,신호위반,건조,맑음,단일로 - 기타,개인형이동수단(PM),남,22세,상해없음,보행자,여,7세,경상,37.516919118098365,126.8679458594692
2018050500100312.0,2018년 5월 5일 14시,토요일,서울특별시 관악구 봉천동,경상사고,0.0,0.0,1.0,0.0,차대사람 - 보도통행중,기타,건조,맑음,단일로 - 기타,이륜,남,61세,상해없음,보행자,여,8세,경상,37.60809841650798,127.0210097661852
2018050500100541.0,2018년 5월 5일 20시,토요일,서울특별시 영등포구 신길동,중상사고,0.0,1.0,1.0,0.0,차대사람 - 길가장자리구역통행중,안전운전불이행,건조,맑음,단일로 - 기타,승용,여,47세,상해없음,보행자,여,2세,중상,37.48561631492879,126.95699098909787
2018050600100407.0,2018년 5월 6일 22시,일요일,서울특별시 구로구 구로동,경상사고,0.0,0.0,1.0,0.0,차대사람 - 길가장자리구역통행중,안전운전불이행,건조,맑음,단일로 - 기타,승용,남,34세,상해없음,보행자,여,11세,경상,37.50183290342639,126.9102388282182
2018050700100346.0,2018년 5월 7일 17시,월요일,서울특별시 양천구 목동,경상사고,0.0,0.0,1.0,0.0,차대사람 - 기타,안전운전불이행,건조,맑음,교차로 - 교차로부근,승용,남,46세,상해없음,보행자,여,5세,경상,37.49420864493597,126.88225522497102
2018050800100395.0,2018년 5월 8일 17시,화요일,서울특별시 강서구 화곡동,경상사고,0.0,0.0,1.0,0.0,차대사람 - 기타,보행자보호의무위반,건조,맑음,교차로 - 교차로횡단보도내,승용,여,38세,상해없음,보행자,여,8세,경상,37.53571860563089,126.86577249292873
2018050900100086.0,2018년 5월 9일 08시,수요일,서울특별시 관악구 신림동,중상사고,0.0,1.0,0.0,0.0,차대사람 - 차도통행중,안전운전불이행,건조,맑음,교차로 - 교차로안,승용,남,29세,상해없음,보행자,남,10세,중상,37.54182894613468,126.83132042611852
2018050900100375.0,2018년 5월 9일 16시,수요일,서울특별시 도봉구 창동,경상사고,0.0,0.0,1.0,0.0,차대사람 - 차도통행중,안전운전불이행,건조,맑음,교차로 - 교차로안,승용,여,49세,상해없음,보행자,남,11세,경상,37.48375258961757,126.92135253634638
2018051000100282.0,2018년 5월 10일 13시,목요일,서울특별시 마포구 아현동,경상사고,0.0,0.0,1.0,0.0,차대사람 - 횡단중,보행자보호의무위반,건조,맑음,교차로 - 교차로부근,승용,여,38세,상해없음,보행자,여,6세,경상,37.63824750970323,127.03662765179772
2018051000100284.0,2018년 5월 10일 13시,목요일,서울특별시 강남구 청담동,경상사고,0.0,0.0,2.0,0.0,차대사람 - 기타,안전운전불이행,건조,맑음,교차로 - 교차로부근,승용,여,40세,상해없음,보행자,남,49세,경상,37.55539376221076,126.95583973314902
2018051300100229.0,2018년 5월 13일 14시,일요일,서울특별시 중랑구 면목동,경상사고,0.0,0.0,1.0,0.0,차대사람 - 기타,안전운전불이행,건조,맑음,교차로 - 교차로안,화물,남,49세,상해없음,보행자,여,6세,경상,37.52024749188433,127.044691422477
2018051400100351.0,2018년 5월 14일 16시,월요일,서울특별시 강북구 미아동,경상사고,0.0,0.0,1.0,0.0,차대사람 - 횡단중,안전운전불이행,건조,맑음,단일로 - 기타,승합,남,44세,상해없음,보행자,남,10세,경상,37.583601454125926,127.08831885022197
2018051400100489.0,2018년 5월 14일 20시,월요일,서울특별시 송파구 문정동,경상사고,0.0,0.0,1.0,0.0,차대사람 - 보도통행중,기타,건조,맑음,기타 - 기타,기타불명,기타불명,미분류,기타불명,보행자,남,12세,경상,37.61193081895793,127.0349554750256
2018051500100090.0,2018년 5월 15일 08시,화요일,서울특별시 용산구 원효로1가,경상사고,0.0,0.0,1.0,0.0,차대사람 - 기타,안전운전불이행,건조,맑음,교차로 - 교차로안,승용,남,62세,상해없음,보행자,남,7세,경상,37.48598859764339,127.12467799234832
2018051600100268.0,2018년 5월 16일 15시,수요일,서울특별시 송파구 잠실동,경상사고,0.0,0.0,1.0,0.0,차대사람 - 기타,안전운전불이행,건조,맑음,단일로 - 기타,승용,남,64세,상해없음,보행자,남,10세,경상,37.53950409924972,126.9699572352902
2018051700100347.0,2018년 5월 17일 16시,목요일,서울특별시 강남구 대치동,경상사고,0.0,0.0,1.0,0.0,차대사람 - 횡단중,신호위반,건조,맑음,교차로 - 교차로안,화물,남,68세,상해없음,보행자,남,8세,경상,37.50833238296544,127.08146855692654
2018051700100379.0,2018년 5월 17일 17시,목요일,서울특별시 노원구 상계동,경상사고,0.0,0.0,2.0,0.0,차대사람 - 보도통행중,기타,젖음/습기,비,기타 - 기타,승용,남,45세,상해없음,보행자,여,35세,경상,37.50086161176411,127.06688185849144
2018051800100388.0,2018년 5월 18일 16시,금요일,서울특별시 광진구 광장동,중상사고,0.0,1.0,0.0,0.0,차대사람 - 횡단중,보행자보호의무위반,건조,맑음,교차로 - 교차로횡단보도내,승용,남,62세,상해없음,보행자,여,7세,중상,37.67243858880983,127.05627063208304
2018051800100425.0,2018년 5월 18일 17시,금요일,서울특별시 중랑구 망우동,부상신고사고,0.0,0.0,0.0,1.0,차대사람 - 횡단중,기타,건조,맑음,단일로 - 기타,승용,여,29세,상해없음,보행자,남,7세,부상신고,37.54802529606236,127.10687671607326
2018051900100424.0,2018년 5월 19일 15시,토요일,서울특별시 성동구 행당동,부상신고사고,0.0,0.0,0.0,1.0,차대사람 - 기타,안전운전불이행,기타,맑음,단일로 - 기타,이륜,남,54세,상해없음,보행자,남,6세,부상신고,37.59142602878424,127.09904795744686
2018051900100546.0,2018년 5월 19일 18시,토요일,서울특별시 관악구 신림동,경상사고,0.0,0.0,1.0,0.0,차대사람 - 기타,안전운전불이행,건조,맑음,단일로 - 기타,이륜,남,46세,상해없음,보행자,남,10세,경상,37.56020428531419,127.03310325022262
2018052100100404.0,2018년 5월 21일 17시,월요일,서울특별시 송파구 신천동,경상사고,0.0,0.0,1.0,0.0,차대사람 - 기타,안전운전불이행,건조,맑음,단일로 - 기타,승합,남,46세,상해없음,보행자,남,8세,경상,37.47409506010263,126.93355071451036
2018052200100307.0,2018년 5월 22일 14시,화요일,서울특별시 송파구 풍납동,부상신고사고,0.0,0.0,0.0,1.0,차대사람 - 횡단중,안전운전불이행,건조,맑음,단일로 - 기타,승용,여,53세,기타불명,보행자,여,9세,부상신고,37.520748943644485,127.10378333692805
2018052300100071.0,2018년 5월 23일 07시,수요일,서울특별시 성북구 하월곡동,경상사고,0.0,0.0,1.0,0.0,차대사람 - 횡단중,신호위반,건조,흐림,기타 - 기타,승용,남,41세,상해없음,보행자,남,8세,경상,37.534757424051335,127.1151071335764
2018052300100491.0,2018년 5월 23일 18시,수요일,서울특별시 송파구 송파동,경상사고,0.0,0.0,1.0,0.0,차대사람 - 기타,안전운전불이행,건조,맑음,교차로 - 교차로부근,승용,여,64세,상해없음,보행자,여,10세,경상,37.604977167348224,127.03158865819913
2018052400100092.0,2018년 5월 24일 08시,목요일,서울특별시 서대문구 연희동,부상신고사고,0.0,0.0,0.0,1.0,차대사람 - 횡단중,안전운전불이행,건조,맑음,단일로 - 기타,이륜,남,61세,상해없음,보행자,남,9세,부상신고,37.5057782950355,127.10947435905838
2018052400100409.0,2018년 5월 24일 17시,목요일,서울특별시 강서구 화곡동,중상사고,0.0,1.0,0.0,0.0,차대사람 - 횡단중,안전운전불이행,건조,맑음,교차로 - 교차로부근,화물,남,59세,상해없음,보행자,여,11세,중상,37.57546935484324,126.93528646449612
2018052400100458.0,2018년 5월 24일 18시,목요일,서울특별시 송파구 방이동,경상사고,0.0,0.0,1.0,0.0,차대사람 - 횡단중,신호위반,건조,맑음,단일로 - 기타,승용,여,44세,상해없음,보행자,여,10세,경상,37.535111491152335,126.85025982768562
2018052500100109.0,2018년 5월 25일 08시,금요일,서울특별시 서초구 서초동,중상사고,0.0,1.0,0.0,0.0,차대사람 - 횡단중,과속,건조,맑음,단일로 - 기타,승용,여,36세,상해없음,보행자,여,7세,중상,37.510128810235855,127.12239599659296
2018052500100323.0,2018년 5월 25일 14시,금요일,서울특별시 송파구 가락동,경상사고,0.0,0.0,1.0,0.0,차대사람 - 횡단중,안전운전불이행,건조,맑음,단일로 - 기타,승용,남,27세,상해없음,보행자,여,7세,경상,37.49924182192337,127.0231088216798
2018052600100340.0,2018년 5월 26일 14시,토요일,서울특별시 구로구 온수동,부상신고사고,0.0,0.0,0.0,1.0,차대사람 - 차도통행중,안전운전불이행,건조,맑음,단일로 - 기타,승용,여,47세,상해없음,보행자,남,9세,부상신고,37.49743662680134,127.11926963819649
2018052700100142.0,2018년 5월 27일 11시,일요일,서울특별시 강서구 화곡동,중상사고,0.0,1.0,0.0,0.0,차대사람 - 기타,보행자보호의무위반,건조,맑음,교차로 - 교차로안,승용,남,39세,상해없음,보행자,여,7세,중상,37.49639553483023,126.82402177379862
2018052900100280.0,2018년 5월 29일 14시,화요일,서울특별시 중랑구 망우동,경상사고,0.0,0.0,1.0,0.0,차대사람 - 길가장자리구역통행중,안전운전불이행,건조,맑음,교차로 - 교차로부근,승용,여,57세,상해없음,보행자,여,8세,경상,37.53963690898347,126.84385912303225
2018052900100392.0,2018년 5월 29일 17시,화요일,서울특별시 서초구 우면동,부상신고사고,0.0,0.0,0.0,1.0,차대사람 - 횡단중,신호위반,젖음/습기,비,교차로 - 교차로부근,승합,남,48세,상해없음,보행자,남,8세,부상신고,37.59158672829239,127.09859400470113
2018053000100547.0,2018년 5월 30일 20시,수요일,서울특별시 영등포구 신길동,중상사고,0.0,1.0,0.0,0.0,차대사람 - 차도통행중,안전운전불이행,건조,맑음,단일로 - 기타,승용,남,21세,상해없음,보행자,남,8세,중상,37.46480988487979,127.0253630663032
2018053100100111.0,2018년 5월 31일 08시,목요일,서울특별시 중랑구 망우동,경상사고,0.0,0.0,1.0,0.0,차대사람 - 기타,안전운전불이행,건조,맑음,단일로 - 기타,승용,남,24세,상해없음,보행자,여,10세,경상,37.50344754395125,126.9033020516276
2018053100100464.0,2018년 5월 31일 17시,목요일,서울특별시 영등포구 여의도동,부상신고사고,0.0,0.0,0.0,2.0,차대사람 - 기타,안전운전불이행,건조,맑음,단일로 - 기타,자전거,남,68세,부상신고,보행자,남,1세,부상신고,37.590417606862346,127.10203239168636
2018053100100568.0,2018년 5월 31일 19시,목요일,서울특별시 구로구 개봉동,중상사고,0.0,1.0,0.0,0.0,차대사람 - 기타,안전운전불이행,건조,맑음,단일로 - 기타,승용,남,37세,상해없음,보행자,남,5세,중상,37.53027689744808,126.92802172779255
2018060100100327.0,2018년 6월 1일 14시,금요일,서울특별시 양천구 목동,부상신고사고,0.0,0.0,0.0,1.0,차대사람 - 차도통행중,안전운전불이행,건조,맑음,교차로 - 교차로부근,승용,남,24세,상해없음,보행자,남,9세,부상신고,37.50596670709386,126.85939415910056
2018060100100409.0,2018년 6월 1일 16시,금요일,서울특별시 은평구 응암동,경상사고,0.0,0.0,1.0,0.0,차대사람 - 횡단중,보행자보호의무위반,건조,맑음,교차로 - 교차로안,승용,남,71세,상해없음,보행자,여,12세,경상,37.52588822084082,126.86471268986575
2018060100100454.0,2018년 6월 1일 17시,금요일,서울특별시 은평구 역촌동,경상사고,0.0,0.0,1.0,0.0,차대사람 - 기타,안전운전불이행,건조,맑음,단일로 - 기타,승용,남,71세,상해없음,보행자,남,8세,경상,37.59375484212103,126.91802110482736
2018060100100665.0,2018년 6월 1일 22시,금요일,서울특별시 양천구 목동,경상사고,0.0,0.0,1.0,0.0,차대사람 - 기타,안전운전불이행,건조,맑음,단일로 - 기타,이륜,남,15세,상해없음,보행자,여,7세,경상,37.60368191463767,126.90961694721068
2018060200100143.0,2018년 6월 2일 09시,토요일,서울특별시 송파구 신천동,중상사고,0.0,1.0,0.0,0.0,차대사람 - 횡단중,중앙선침범,건조,맑음,단일로 - 기타,승용,남,65세,상해없음,보행자,남,2세,중상,37.5293617028003,126.87546903951902
2018060300100151.0,2018년 6월 3일 11시,일요일,서울특별시 광진구 구의동,경상사고,0.0,0.0,1.0,0.0,차대사람 - 기타,안전운전불이행,건조,맑음,단일로 - 기타,승용,여,25세,상해없음,보행자,남,12세,경상,37.51524806559857,127.10033849588564
2018060400100113.0,2018년 6월 4일 08시,월요일,서울특별시 송파구 송파동,경상사고,0.0,0.0,1.0,0.0,차대사람 - 횡단중,안전운전불이행,건조,맑음,교차로 - 교차로안,승용,남,43세,상해없음,보행자,남,10세,경상,37.55373472394116,127.09207212536832
2018060400100392.0,2018년 6월 4일 16시,월요일,서울특별시 마포구 대흥동,경상사고,0.0,0.0,1.0,0.0,차대사람 - 횡단중,안전운전불이행,건조,맑음,단일로 - 기타,승용,여,61세,상해없음,보행자,남,8세,경상,37.50862502771982,127.11173378784824
2018060500100341.0,2018년 6월 5일 15시,화요일,서울특별시 강북구 미아동,중상사고,0.0,1.0,0.0,0.0,차대사람 - 기타,안전운전불이행,건조,맑음,단일로 - 기타,승용,남,52세,상해없음,보행자,남,8세,중상,37.54820053002657,126.94221670627591
2018060500100480.0,2018년 6월 5일 18시,화요일,서울특별시 마포구 성산동,경상사고,0.0,0.0,1.0,0.0,차대사람 - 횡단중,보행자보호의무위반,건조,맑음,단일로 - 기타,승용,남,22세,상해없음,보행자,여,9세,경상,37.63269013836746,127.02625803099065
2018060600100162.0,2018년 6월 6일 10시,수요일,서울특별시 양천구 목동,경상사고,0.0,0.0,1.0,0.0,차대사람 - 기타,기타,건조,맑음,기타 - 기타,이륜,남,36세,상해없음,보행자,여,6세,경상,37.56839189992815,126.90552467025422
2018060600100330.0,2018년 6월 6일 15시,수요일,서울특별시 종로구 평창동,경상사고,0.0,0.0,1.0,0.0,차대사람 - 차도통행중,안전운전불이행,건조,맑음,단일로 - 지하차도(도로)내,승용,남,70세,상해없음,보행자,여,4세,경상,37.528748334175134,126.87538361238136
2018060600100336.0,2018년 6월 6일 15시,수요일,서울특별시 강동구 고덕동,경상사고,0.0,0.0,1.0,0.0,차대사람 - 길가장자리구역통행중,안전운전불이행,건조,맑음,교차로 - 교차로안,원동기,남,53세,상해없음,보행자,남,9세,경상,37.60912435599246,126.9740634778798
2018060800100325.0,2018년 6월 8일 14시,금요일,서울특별시 송파구 마천동,경상사고,0.0,0.0,1.0,0.0,차대사람 - 횡단중,보행자보호의무위반,건조,맑음,교차로 - 교차로부근,승용,남,65세,상해없음,보행자,여,8세,경상,37.56012033072076,127.15249950476952
2018060900100198.0,2018년 6월 9일 11시,토요일,서울특별시 동대문구 장안동,경상사고,0.0,0.0,1.0,0.0,차대사람 - 기타,안전운전불이행,건조,맑음,단일로 - 기타,승용,남,43세,상해없음,보행자,여,6세,경상,37.49465391617347,127.1522374304627
2018061000100186.0,2018년 6월 10일 12시,일요일,서울특별시 영등포구 양평동3가,경상사고,0.0,0.0,1.0,0.0,차대사람 - 횡단중,안전운전불이행,건조,맑음,단일로 - 기타,승용,여,50세,상해없음,보행자,남,3세,경상,37.56387822384266,127.06034622285274
2018061000100297.0,2018년 6월 10일 16시,일요일,서울특별시 중랑구 망우동,경상사고,0.0,0.0,1.0,0.0,차대사람 - 횡단중,중앙선침범,건조,흐림,단일로 - 기타,이륜,남,23세,상해없음,보행자,여,4세,경상,37.531729353708215,126.89394308657418