사고번호,사고일시,요일,시군구,사고내용,사망자수,중상자수,경상자수,부상신고자수,사고유형,법규위반,노면상태,기상상태,도로형태,가해운전자 차종,가해운전자 성별,가해운전자 연령,가해운전자 상해정도,피해운전자 차종,피해운전자 성별,피해운전자 연령,피해운전자 상해정도,lat(위도),lon(경도)
2018061100100085.0,2018년 6월 11일 08시,월요일,서울특별시 서대문구 북가좌동,경상사고,0.0,0.0,1.0,0.0,차대사람 - 횡단중,기타,건조,맑음,단일로 - 기타,사륜오토바이(ATV),남,78세,상해없음,보행자,여,8세,경상,37.6003603999278,127.09964574518466
2018061100100325.0,2018년 6월 11일 15시,월요일,서울특별시 동작구 대방동,중상사고,0.0,1.0,0.0,0.0,차대사람 - 기타,안전운전불이행,건조,맑음,단일로 - 기타,화물,남,60세,상해없음,보행자,남,3세,중상,37.578638503037055,126.9105848612178
2018061100100431.0,2018년 6월 11일 18시,월요일,서울특별시 동대문구 장안동,부상신고사고,0.0,0.0,0.0,1.0,차대사람 - 횡단중,보행자보호의무위반,건조,맑음,단일로 - 기타,이륜,남,21세,상해없음,보행자,남,8세,부상신고,37.49924470479838,126.92090492475018
2018061200100407.0,2018년 6월 12일 17시,화요일,서울특별시 동작구 상도1동,중상사고,0.0,1.0,0.0,0.0,차대사람 - 기타,안전운전불이행,건조,맑음,교차로 - 교차로안,이륜,남,17세,상해없음,보행자,남,5세,중상,37.56805429919474,127.07340053858056
2018061200100409.0,2018년 6월 12일 17시,화요일,서울특별시 양천구 신정동,경상사고,0.0,0.0,1.0,0.0,차대사람 - 횡단중,신호위반,건조,맑음,교차로 - 교차로횡단보도내,승합,남,61세,상해없음,보행자,여,7세,경상,37.503279285004695,126.94649960632572
2018061300100393.0,2018년 6월 13일 17시,수요일,서울특별시 용산구 보광동,경상사고,0.0,0.0,1.0,1.0,차대사람 - 기타,안전운전불이행,건조,맑음,단일로 - 기타,승용,여,61세,상해없음,보행자,여,29세,경상,37.52537008237482,126.85890007659094
2018061300100461.0,2018년 6월 13일 19시,수요일,서울특별시 강동구 길동,경상사고,0.0,0.0,1.0,0.0,차대사람 - 기타,안전운전불이행,건조,맑음,단일로 - 기타,이륜,남,53세,상해없음,보행자,남,7세,경상,37.52874675250221,126.99999133978623
2018061400100459.0,2018년 6월 14일 18시,목요일,서울특별시 강남구 신사동,경상사고,0.0,0.0,1.0,1.0,차대사람 - 기타,신호위반,건조,맑음,기타 - 기타,이륜,남,50세,상해없음,보행자,여,38세,부상신고,37.542767784134575,127.14593528521358
2018061500100272.0,2018년 6월 15일 14시,금요일,서울특별시 관악구 봉천동,경상사고,0.0,0.0,1.0,0.0,차대사람 - 기타,신호위반,건조,맑음,교차로 - 교차로부근,승용,여,60세,기타불명,보행자,남,11세,경상,37.52874481214102,127.03710216759382
2018061500100273.0,2018년 6월 15일 14시,금요일,서울특별시 강남구 청담동,경상사고,0.0,0.0,1.0,0.0,차대사람 - 기타,보행자보호의무위반,건조,기타,단일로 - 기타,승용,남,53세,상해없음,보행자,여,8세,경상,37.49052876265981,126.95504371351632
2018061800100278.0,2018년 6월 18일 13시,월요일,서울특별시 성북구 성북동,중상사고,0.0,2.0,0.0,0.0,차대사람 - 횡단중,신호위반,건조,맑음,단일로 - 기타,승용,남,62세,상해없음,보행자,남,7세,중상,37.5186355844466,127.0450859678862
2018061900100131.0,2018년 6월 19일 09시,화요일,서울특별시 강남구 삼성동,중상사고,0.0,2.0,0.0,0.0,차대사람 - 기타,안전운전불이행,기타,맑음,기타 - 기타,화물,남,50세,상해없음,보행자,여,7세,중상,37.59304463276226,126.99685419754768
2018061900100356.0,2018년 6월 19일 16시,화요일,서울특별시 구로구 고척동,중상사고,0.0,1.0,0.0,0.0,차대사람 - 기타,안전운전불이행,건조,맑음,단일로 - 기타,승합,여,56세,상해없음,보행자,남,9세,중상,37.51503159934885,127.0525422369932
2018061900100358.0,2018년 6월 19일 16시,화요일,서울특별시 양천구 신월동,경상사고,0.0,0.0,1.0,0.0,차대사람 - 기타,안전운전불이행,건조,맑음,교차로 - 교차로안,자전거,남,55세,상해없음,보행자,남,6세,경상,37.507432204642825,126.86204052556457
2018061900100359.0,2018년 6월 19일 16시,화요일,서울특별시 강남구 개포동,경상사고,0.0,0.0,1.0,0.0,차대사람 - 기타,안전운전불이행,건조,맑음,기타 - 기타,승용,여,44세,상해없음,보행자,남,4세,경상,37.5279300079286,126.8344776104909
2018061900100398.0,2018년 6월 19일 17시,화요일,서울특별시 영등포구 영등포동,중상사고,0.0,1.0,0.0,0.0,차대사람 - 횡단중,안전운전불이행,건조,맑음,교차로 - 교차로부근,승용,남,25세,상해없음,보행자,남,4세,중상,37.47612529216303,127.04922303047852
2018062000100090.0,2018년 6월 20일 08시,수요일,서울특별시 송파구 오금동,경상사고,0.0,0.0,1.0,0.0,차대사람 - 횡단중,보행자보호의무위반,건조,맑음,교차로 - 교차로횡단보도내,이륜,남,51세,상해없음,보행자,남,9세,경상,37.514349738617945,126.9114529410637
2018062000100468.0,2018년 6월 20일 19시,수요일,서울특별시 용산구 신창동,중상사고,0.0,1.0,0.0,0.0,차대사람 - 횡단중,안전운전불이행,건조,맑음,단일로 - 기타,이륜,남,37세,기타불명,보행자,남,8세,중상,37.50639060132944,127.12885271357824
2018062100100347.0,2018년 6월 21일 16시,목요일,서울특별시 영등포구 양평동4가,경상사고,0.0,0.0,1.0,0.0,차대사람 - 기타,안전운전불이행,건조,맑음,단일로 - 기타,승용,남,61세,상해없음,보행자,남,7세,경상,37.53738951891244,126.9549066087078
2018062100100456.0,2018년 6월 21일 18시,목요일,서울특별시 은평구 증산동,경상사고,0.0,0.0,1.0,0.0,차대사람 - 횡단중,안전운전불이행,건조,맑음,단일로 - 기타,승용,남,41세,상해없음,보행자,남,5세,경상,37.53717424125367,126.89761163284436
2018062100100464.0,2018년 6월 21일 18시,목요일,서울특별시 송파구 잠실동,중상사고,0.0,1.0,0.0,0.0,차대사람 - 기타,안전운전불이행,건조,맑음,단일로 - 기타,승용,남,31세,상해없음,보행자,여,10세,중상,37.58240330407104,126.90822206764682
2018062200100121.0,2018년 6월 22일 08시,금요일,서울특별시 영등포구 당산동1가,경상사고,0.0,0.0,1.0,0.0,차대사람 - 횡단중,보행자보호의무위반,건조,맑음,교차로 - 교차로안,화물,남,45세,상해없음,보행자,여,7세,경상,37.50770538105575,127.08771770166308
2018062200100124.0,2018년 6월 22일 08시,금요일,서울특별시 관악구 봉천동,경상사고,0.0,0.0,1.0,0.0,차대사람 - 횡단중,안전운전불이행,건조,맑음,교차로 - 교차로부근,승용,남,35세,상해없음,보행자,남,12세,경상,37.52288119185335,126.9016195443228
2018062200100375.0,2018년 6월 22일 15시,금요일,서울특별시 강서구 가양동,경상사고,0.0,0.0,2.0,0.0,차대사람 - 횡단중,보행자보호의무위반,건조,맑음,교차로 - 교차로횡단보도내,승용,여,34세,상해없음,보행자,남,51세,경상,37.47829343944838,126.9600863938253
2018062200100478.0,2018년 6월 22일 17시,금요일,서울특별시 강서구 화곡동,중상사고,0.0,1.0,0.0,0.0,차대사람 - 차도통행중,보행자보호의무위반,건조,맑음,교차로 - 교차로안,승합,남,48세,상해없음,보행자,남,12세,중상,37.56374518871435,126.85647661374009
2018062200100725.0,2018년 6월 22일 22시,금요일,서울특별시 관악구 남현동,경상사고,0.0,0.0,1.0,0.0,차대사람 - 차도통행중,안전운전불이행,건조,맑음,교차로 - 교차로안,승용,여,49세,상해없음,보행자,남,5세,경상,37.553268379625685,126.85095132449229
2018062300100326.0,2018년 6월 23일 14시,토요일,서울특별시 양천구 신정동,경상사고,0.0,0.0,1.0,0.0,차대사람 - 기타,안전운전불이행,건조,맑음,단일로 - 기타,화물,남,36세,상해없음,보행자,남,7세,경상,37.4748440807347,126.97674758172477
2018062400100322.0,2018년 6월 24일 18시,일요일,서울특별시 광진구 자양동,중상사고,0.0,1.0,0.0,0.0,차대사람 - 기타,안전운전불이행,건조,맑음,단일로 - 기타,기타불명,여,63세,상해없음,보행자,남,7세,중상,37.5240046486222,126.844957995657
2018062600100382.0,2018년 6월 26일 16시,화요일,서울특별시 성북구 동선동5가,경상사고,0.0,0.0,1.0,0.0,차대사람 - 횡단중,신호위반,젖음/습기,비,교차로 - 교차로횡단보도내,승용,여,50세,상해없음,보행자,남,7세,경상,37.529972392963806,127.06604582743203
2018062600100426.0,2018년 6월 26일 17시,화요일,서울특별시 양천구 목동,경상사고,0.0,0.0,1.0,0.0,차대사람 - 횡단중,보행자보호의무위반,젖음/습기,비,교차로 - 교차로횡단보도내,승합,남,73세,상해없음,보행자,여,5세,경상,37.59768958522434,127.01480070030212
2018062800100334.0,2018년 6월 28일 16시,목요일,서울특별시 성동구 금호동4가,경상사고,0.0,0.0,1.0,0.0,차대사람 - 기타,안전운전불이행,젖음/습기,비,기타 - 기타,승합,남,78세,상해없음,보행자,남,7세,경상,37.51408948629354,126.86974624751544
2018062900100286.0,2018년 6월 29일 14시,금요일,서울특별시 광진구 군자동,경상사고,0.0,0.0,1.0,0.0,차대사람 - 횡단중,보행자보호의무위반,건조,맑음,교차로 - 교차로횡단보도내,승용,남,48세,상해없음,보행자,남,11세,경상,37.54500783610934,127.02415321450022
2018062900100322.0,2018년 6월 29일 15시,금요일,서울특별시 은평구 역촌동,경상사고,0.0,0.0,1.0,0.0,차대사람 - 기타,안전운전불이행,건조,맑음,단일로 - 기타,자전거,남,12세,상해없음,보행자,남,7세,경상,37.55096539545713,127.0711092057168
2018063000100142.0,2018년 6월 30일 10시,토요일,서울특별시 성동구 금호동1가,경상사고,0.0,0.0,1.0,0.0,차대사람 - 횡단중,신호위반,건조,맑음,단일로 - 기타,승용,남,70세,상해없음,보행자,남,12세,경상,37.6042446302072,126.91039420790314
2018070200100106.0,2018년 7월 2일 08시,월요일,서울특별시 강서구 가양동,경상사고,0.0,0.0,1.0,0.0,차대사람 - 횡단중,신호위반,젖음/습기,비,교차로 - 교차로횡단보도내,기타불명,기타불명,미분류,기타불명,보행자,남,9세,경상,37.54945898867409,127.02601550171134
2018070200100509.0,2018년 7월 2일 20시,월요일,서울특별시 송파구 송파동,경상사고,0.0,0.0,1.0,0.0,차대사람 - 횡단중,보행자보호의무위반,젖음/습기,비,교차로 - 교차로횡단보도내,승용,남,44세,기타불명,보행자,남,9세,경상,37.57082953751314,126.84172843024004
2018070300100094.0,2018년 7월 3일 08시,화요일,서울특별시 송파구 방이동,경상사고,0.0,0.0,1.0,0.0,차대사람 - 차도통행중,안전운전불이행,건조,맑음,단일로 - 기타,기타불명,기타불명,미분류,기타불명,보행자,여,11세,경상,37.50364675923277,127.11919284890416
2018070300100417.0,2018년 7월 3일 18시,화요일,서울특별시 도봉구 방학동,부상신고사고,0.0,0.0,0.0,1.0,차대사람 - 기타,안전운전불이행,젖음/습기,비,단일로 - 기타,자전거,남,56세,상해없음,보행자,남,12세,부상신고,37.51255478572577,127.11999624276662
2018070400100079.0,2018년 7월 4일 08시,수요일,서울특별시 강서구 등촌동,경상사고,0.0,0.0,1.0,0.0,차대사람 - 기타,안전운전불이행,건조,맑음,단일로 - 기타,승용,남,57세,상해없음,보행자,여,11세,경상,37.664698598248464,127.03813000305394
2018070400100080.0,2018년 7월 4일 08시,수요일,서울특별시 강동구 명일동,부상신고사고,0.0,0.0,0.0,1.0,차대사람 - 기타,안전운전불이행,건조,맑음,단일로 - 기타,기타불명,기타불명,미분류,기타불명,보행자,남,11세,부상신고,37.54829946452219,126.86040182953153
2018070400100385.0,2018년 7월 4일 17시,수요일,서울특별시 영등포구 대림동,경상사고,0.0,0.0,1.0,0.0,차대사람 - 기타,안전운전불이행,건조,맑음,교차로 - 교차로안,승용,남,42세,상해없음,보행자,남,11세,경상,37.54773469034876,127.14608160282155
2018070600100269.0,2018년 7월 6일 14시,금요일,서울특별시 중랑구 신내동,부상신고사고,0.0,0.0,0.0,1.0,차대사람 - 길가장자리구역통행중,기타,건조,맑음,단일로 - 기타,승용,남,51세,상해없음,보행자,여,11세,부상신고,37.49969780670361,126.89972295552546
2018070600100272.0,2018년 7월 6일 14시,금요일,서울특별시 노원구 월계동,경상사고,0.0,0.0,1.0,0.0,차대사람 - 기타,안전운전불이행,건조,맑음,기타 - 기타,이륜,남,55세,기타불명,보행자,남,9세,경상,37.605752037267706,127.0974642612841
2018070600100475.0,2018년 7월 6일 19시,금요일,서울특별시 동작구 흑석동,경상사고,0.0,0.0,1.0,0.0,차대사람 - 차도통행중,안전운전불이행,건조,맑음,교차로 - 교차로부근,원동기,남,66세,상해없음,보행자,여,9세,경상,37.6188320211228,127.05759791143076
2018070600100513.0,2018년 7월 6일 20시,금요일,서울특별시 성동구 도선동,경상사고,0.0,0.0,1.0,0.0,차대사람 - 기타,안전운전불이행,건조,맑음,단일로 - 기타,승용,남,33세,기타불명,보행자,남,11세,경상,37.50756918102254,126.9600113835708
2018070700100238.0,2018년 7월 7일 12시,토요일,서울특별시 서초구 서초동,중상사고,0.0,1.0,0.0,0.0,차대사람 - 횡단중,신호위반,건조,맑음,기타 - 기타,승용,여,59세,상해없음,보행자,남,10세,중상,37.56481534351022,127.03441060890104
2018070800100137.0,2018년 7월 8일 12시,일요일,서울특별시 서초구 서초동,경상사고,0.0,0.0,1.0,0.0,차대사람 - 기타,안전운전불이행,건조,맑음,단일로 - 기타,승용,남,33세,상해없음,보행자,남,7세,경상,37.4999616567433,127.02279878242234
2018071100100407.0,2018년 7월 11일 17시,수요일,서울특별시 도봉구 도봉동,경상사고,0.0,0.0,1.0,0.0,차대사람 - 기타,안전운전불이행,건조,맑음,교차로 - 교차로안,승용,남,61세,상해없음,보행자,여,6세,경상,37.48847505561177,127.01534961856107
2018071200100103.0,2018년 7월 12일 08시,목요일,서울특별시 동작구 사당동,중상사고,0.0,1.0,0.0,0.0,차대사람 - 횡단중,안전운전불이행,건조,맑음,단일로 - 기타,승용,여,34세,상해없음,보행자,여,12세,중상,37.67116714755347,127.0443038673194
2018071200100295.0,2018년 7월 12일 14시,목요일,서울특별시 은평구 갈현동,경상사고,0.0,0.0,1.0,0.0,차대사람 - 길가장자리구역통행중,안전운전불이행,건조,맑음,단일로 - 기타,승용,남,35세,상해없음,보행자,남,12세,경상,37.48762513732376,126.97264286485462
2018071200100370.0,2018년 7월 12일 16시,목요일,서울특별시 도봉구 쌍문동,경상사고,0.0,0.0,1.0,0.0,차대사람 - 횡단중,신호위반,건조,맑음,교차로 - 교차로횡단보도내,화물,남,51세,상해없음,보행자,남,7세,경상,37.62054679506556,126.91704176724107
2018071200100395.0,2018년 7월 12일 17시,목요일,서울특별시 광진구 구의동,사망사고,2.0,1.0,3.0,2.0,차대사람 - 길가장자리구역통행중,안전운전불이행,건조,맑음,단일로 - 기타,승용,남,72세,상해없음,보행자,여,48세,사망,37.64900806453456,127.02718596930322
2018071200100438.0,2018년 7월 12일 18시,목요일,서울특별시 송파구 마천동,경상사고,0.0,0.0,1.0,1.0,차대사람 - 횡단중,기타,건조,맑음,교차로 - 교차로부근,승합,여,58세,상해없음,보행자,여,33세,경상,37.55196845796628,127.09218364379092
2018071200100515.0,2018년 7월 12일 20시,목요일,서울특별시 광진구 자양동,경상사고,0.0,0.0,1.0,0.0,차대사람 - 기타,안전운전불이행,건조,맑음,단일로 - 기타,승용,여,57세,상해없음,보행자,남,11세,경상,37.499701768723405,127.1462405529837
2018071300100319.0,2018년 7월 13일 15시,금요일,서울특별시 광진구 중곡동,경상사고,0.0,0.0,1.0,0.0,차대사람 - 기타,안전운전불이행,건조,맑음,단일로 - 기타,승용,남,20세,상해없음,보행자,남,8세,경상,37.53601086063942,127.08339658303946
2018071300100348.0,2018년 7월 13일 16시,금요일,서울특별시 성북구 삼선동5가,경상사고,0.0,0.0,2.0,0.0,차대사람 - 횡단중,보행자보호의무위반,건조,맑음,교차로 - 교차로횡단보도내,승용,남,38세,상해없음,보행자,여,38세,경상,37.555610596415264,127.09237891080298
2018071300100447.0,2018년 7월 13일 18시,금요일,서울특별시 마포구 성산동,중상사고,0.0,1.0,0.0,0.0,차대사람 - 기타,안전운전불이행,건조,맑음,기타 - 기타,승용,남,37세,상해없음,보행자,남,6세,중상,37.5899447411604,127.01643676048928
2018071300100453.0,2018년 7월 13일 18시,금요일,서울특별시 양천구 신정동,경상사고,0.0,0.0,3.0,0.0,차대사람 - 횡단중,신호위반,건조,맑음,단일로 - 기타,승용,남,70세,상해없음,보행자,여,34세,경상,37.569257251515886,126.90732960003965
2018071300100542.0,2018년 7월 13일 20시,금요일,서울특별시 강남구 논현동,경상사고,0.0,0.0,1.0,0.0,차대사람 - 기타,안전운전불이행,건조,맑음,단일로 - 기타,승용,여,29세,상해없음,보행자,남,11세,경상,37.52751831103676,126.8544905184166
2018071400100103.0,2018년 7월 14일 08시,토요일,서울특별시 양천구 신월동,부상신고사고,0.0,0.0,0.0,1.0,차대사람 - 횡단중,보행자보호의무위반,건조,맑음,교차로 - 교차로안,승용,여,60세,상해없음,보행자,남,7세,부상신고,37.50802514191724,127.02861973209087
2018071400100271.0,2018년 7월 14일 13시,토요일,서울특별시 송파구 가락동,중상사고,0.0,1.0,0.0,0.0,차대사람 - 횡단중,보행자보호의무위반,건조,맑음,교차로 - 교차로횡단보도내,승용,여,46세,상해없음,보행자,남,5세,중상,37.5166287725452,126.83959088947762
2018071400100378.0,2018년 7월 14일 16시,토요일,서울특별시 영등포구 대림동,경상사고,0.0,0.0,1.0,0.0,차대사람 - 보도통행중,기타,건조,맑음,단일로 - 기타,이륜,남,51세,상해없음,보행자,남,6세,경상,37.49218343072708,127.13118547454938
2018071500100167.0,2018년 7월 15일 12시,일요일,서울특별시 도봉구 쌍문동,경상사고,0.0,0.0,1.0,0.0,차대사람 - 횡단중,중앙선침범,건조,맑음,단일로 - 기타,이륜,남,41세,상해없음,보행자,남,9세,경상,37.50480206867476,126.89669517979765
2018071500100421.0,2018년 7월 15일 21시,일요일,서울특별시 종로구 부암동,경상사고,0.0,0.0,1.0,0.0,차대사람 - 횡단중,안전운전불이행,건조,맑음,단일로 - 기타,승용,여,27세,상해없음,보행자,남,10세,경상,37.6566542823169,127.02790840978112
2018071600100312.0,2018년 7월 16일 14시,월요일,서울특별시 은평구 진관동,중상사고,0.0,1.0,0.0,0.0,차대사람 - 기타,안전운전불이행,건조,맑음,기타 - 기타,승합,남,60세,상해없음,보행자,남,6세,중상,37.59508836877469,126.96358217062316
2018071700100420.0,2018년 7월 17일 16시,화요일,서울특별시 노원구 하계동,중상사고,0.0,1.0,0.0,0.0,차대사람 - 횡단중,보행자보호의무위반,건조,맑음,단일로 - 기타,승합,남,31세,상해없음,보행자,여,10세,중상,37.6322511552157,126.9254163652436
2018071700100509.0,2018년 7월 17일 18시,화요일,서울특별시 서대문구 북가좌동,중상사고,0.0,1.0,0.0,0.0,차대차 - 기타,교차로운행방법위반,건조,맑음,교차로 - 교차로안,승용,여,40세,상해없음,이륜,남,34세,상해없음,37.63513226692454,127.07088657585976
2018071800100366.0,2018년 7월 18일 16시,수요일,서울특별시 영등포구 신길동,부상신고사고,0.0,0.0,0.0,1.0,차대사람 - 기타,안전운전불이행,건조,맑음,단일로 - 기타,승합,남,65세,상해없음,보행자,남,7세,부상신고,37.581755914766674,126.91395799262176
2018071800100367.0,2018년 7월 18일 16시,수요일,서울특별시 동작구 신대방동,중상사고,0.0,1.0,0.0,0.0,차대사람 - 횡단중,보행자보호의무위반,건조,맑음,단일로 - 기타,승용,여,44세,상해없음,보행자,남,2세,중상,37.51290153073344,126.91750667335498
2018071800100453.0,2018년 7월 18일 18시,수요일,서울특별시 종로구 혜화동,부상신고사고,0.0,0.0,0.0,1.0,차대사람 - 보도통행중,보행자보호의무위반,건조,맑음,단일로 - 기타,이륜,남,19세,상해없음,보행자,여,5세,부상신고,37.49553597963301,126.91639718633525
2018071800100456.0,2018년 7월 18일 18시,수요일,서울특별시 동작구 신대방동,경상사고,0.0,0.0,1.0,0.0,차대사람 - 보도통행중,기타,건조,맑음,기타 - 기타,이륜,남,28세,상해없음,보행자,여,7세,경상,37.58969278410415,126.9992440926214
2018071800100511.0,2018년 7월 18일 19시,수요일,서울특별시 도봉구 쌍문동,경상사고,0.0,0.0,1.0,0.0,차대사람 - 횡단중,안전운전불이행,건조,맑음,교차로 - 교차로안,승용,여,26세,상해없음,보행자,여,2세,경상,37.49534240274018,126.92842402319464
2018071900100101.0,2018년 7월 19일 08시,목요일,서울특별시 관악구 신림동,중상사고,0.0,1.0,0.0,0.0,차대사람 - 기타,안전운전불이행,건조,맑음,단일로 - 기타,승용,여,36세,상해없음,보행자,남,10세,중상,37.65758741901865,127.03821940807042
2018071900100160.0,2018년 7월 19일 09시,목요일,서울특별시 양천구 신월동,경상사고,0.0,0.0,1.0,0.0,차대사람 - 기타,안전운전불이행,건조,맑음,단일로 - 기타,승용,남,75세,상해없음,보행자,여,44세,상해없음,37.47772899233061,126.91352724285464
2018071900100353.0,2018년 7월 19일 14시,목요일,서울특별시 양천구 목동,경상사고,0.0,0.0,1.0,0.0,차대사람 - 기타,보행자보호의무위반,건조,맑음,단일로 - 기타,기타불명,기타불명,미분류,기타불명,보행자,남,6세,경상,37.53493282376723,126.82799775736204
2018071900100453.0,2018년 7월 19일 17시,목요일,서울특별시 종로구 신영동,부상신고사고,0.0,0.0,0.0,1.0,차대사람 - 길가장자리구역통행중,안전운전불이행,건조,맑음,단일로 - 기타,승용,여,48세,상해없음,보행자,남,10세,부상신고,37.52178381282836,126.84108450828056
2018072000100485.0,2018년 7월 20일 17시,금요일,서울특별시 동작구 사당동,중상사고,0.0,1.0,0.0,0.0,차대사람 - 횡단중,보행자보호의무위반,건조,맑음,교차로 - 교차로횡단보도내,승합,남,42세,상해없음,보행자,남,4세,중상,37.60432390259778,126.96089882722956
2018072000100486.0,2018년 7월 20일 17시,금요일,서울특별시 중랑구 망우동,경상사고,0.0,0.0,1.0,0.0,차대사람 - 기타,보행자보호의무위반,건조,맑음,교차로 - 교차로횡단보도내,이륜,남,67세,상해없음,보행자,여,5세,경상,37.48438469821359,126.97974633402303
2018072100100524.0,2018년 7월 21일 20시,토요일,서울특별시 강서구 화곡동,경상사고,0.0,0.0,2.0,0.0,차대사람 - 보도통행중,기타,건조,맑음,기타 - 기타,승용,남,41세,상해없음,보행자,남,29세,경상,37.595799556875285,127.09963619838724
2018072200100363.0,2018년 7월 22일 18시,일요일,서울특별시 동대문구 청량리동,경상사고,0.0,0.0,1.0,0.0,차대사람 - 기타,신호위반,건조,맑음,단일로 - 기타,이륜,남,21세,상해없음,보행자,남,5세,경상,37.53384949297372,126.86347936496006
2018072300100575.0,2018년 7월 23일 21시,월요일,서울특별시 노원구 상계동,경상사고,0.0,0.0,1.0,0.0,차대사람 - 횡단중,안전운전불이행,건조,맑음,단일로 - 기타,이륜,남,17세,상해없음,보행자,남,9세,경상,37.58655250568785,127.04981518063336
2018072400100098.0,2018년 7월 24일 08시,화요일,서울특별시 강북구 번동,경상사고,0.0,0.0,1.0,0.0,차대사람 - 횡단중,보행자보호의무위반,건조,맑음,교차로 - 교차로횡단보도내,화물,남,62세,상해없음,보행자,여,12세,경상,37.66569039022,127.06671955548148
2018072400100288.0,2018년 7월 24일 13시,화요일,서울특별시 영등포구 양평동3가,경상사고,0.0,0.0,1.0,0.0,차대사람 - 횡단중,보행자보호의무위반,건조,맑음,교차로 - 교차로횡단보도내,승용,여,54세,상해없음,보행자,여,8세,경상,37.63158056941774,127.03738304921971
2018072400100376.0,2018년 7월 24일 15시,화요일,서울특별시 양천구 신정동,경상사고,0.0,0.0,1.0,0.0,차대사람 - 기타,기타,건조,맑음,단일로 - 기타,승용,여,61세,상해없음,보행자,여,12세,경상,37.52705311737646,126.89253229362656
2018072500100413.0,2018년 7월 25일 17시,수요일,서울특별시 송파구 문정동,경상사고,0.0,0.0,1.0,0.0,차대사람 - 횡단중,안전운전불이행,건조,맑음,단일로 - 기타,승용,여,37세,상해없음,보행자,남,9세,경상,37.52199734819114,126.86191652624174
2018072500100448.0,2018년 7월 25일 18시,수요일,서울특별시 용산구 동빙고동,경상사고,0.0,0.0,1.0,0.0,차대사람 - 기타,안전운전불이행,건조,맑음,단일로 - 기타,원동기,남,23세,상해없음,보행자,남,8세,경상,37.48686193216857,127.13008049308392
2018072600100309.0,2018년 7월 26일 14시,목요일,서울특별시 금천구 시흥동,경상사고,0.0,0.0,1.0,0.0,차대사람 - 횡단중,신호위반,건조,맑음,단일로 - 기타,이륜,남,28세,상해없음,보행자,남,9세,경상,37.5247823902472,126.99612471208069
2018072700100187.0,2018년 7월 27일 10시,금요일,서울특별시 성북구 동소문동5가,경상사고,0.0,0.0,1.0,0.0,차대사람 - 횡단중,안전운전불이행,건조,맑음,단일로 - 기타,승용,남,29세,상해없음,보행자,여,11세,경상,37.45450723483564,126.90218732191212
2018072700100258.0,2018년 7월 27일 12시,금요일,서울특별시 양천구 목동,중상사고,0.0,1.0,0.0,0.0,차대사람 - 횡단중,보행자보호의무위반,건조,맑음,단일로 - 기타,승용,여,59세,상해없음,보행자,여,8세,중상,37.59245092265288,127.01654514569996
2018072800100324.0,2018년 7월 28일 14시,토요일,서울특별시 강남구 대치동,경상사고,0.0,0.0,1.0,0.0,차대사람 - 횡단중,안전운전불이행,젖음/습기,비,단일로 - 기타,승용,남,65세,상해없음,보행자,남,4세,경상,37.536139031500646,126.88044937502517
2018072900100388.0,2018년 7월 29일 19시,일요일,서울특별시 성북구 길음동,경상사고,0.0,0.0,1.0,0.0,차대사람 - 기타,안전운전불이행,건조,맑음,단일로 - 기타,원동기,남,21세,상해없음,보행자,남,4세,경상,37.50313393266197,127.05023733945218
2018073100100168.0,2018년 7월 31일 10시,화요일,서울특별시 구로구 신도림동,중상사고,0.0,1.0,2.0,0.0,차대사람 - 횡단중,신호위반,건조,맑음,교차로 - 교차로횡단보도내,이륜,남,59세,경상,보행자,여,33세,중상,37.60824077457158,127.02277629589037
2018073100100169.0,2018년 7월 31일 10시,화요일,서울특별시 양천구 목동,경상사고,0.0,0.0,1.0,0.0,차대사람 - 횡단중,안전운전불이행,건조,맑음,단일로 - 기타,승용,여,38세,상해없음,보행자,남,9세,경상,37.5056980671439,126.88343906470904
2018073100100449.0,2018년 7월 31일 18시,화요일,서울특별시 노원구 월계동,중상사고,0.0,1.0,0.0,0.0,차대사람 - 횡단중,안전운전불이행,건조,맑음,주차장 - 주차장,승용,남,63세,상해없음,보행자,남,2세,중상,37.53523236365451,126.8692287926273
2018080100100325.0,2018년 8월 1일 14시,수요일,서울특별시 관악구 봉천동,경상사고,0.0,0.0,1.0,0.0,차대사람 - 길가장자리구역통행중,안전운전불이행,건조,맑음,단일로 - 기타,승용,여,35세,상해없음,보행자,남,9세,경상,37.62524718420144,127.06422331931113