사고번호,사고일시,요일,시군구,사고내용,사망자수,중상자수,경상자수,부상신고자수,사고유형,법규위반,노면상태,기상상태,도로형태,가해운전자 차종,가해운전자 성별,가해운전자 연령,가해운전자 상해정도,피해운전자 차종,피해운전자 성별,피해운전자 연령,피해운전자 상해정도,lat(위도),lon(경도)
2018080100100483.0,2018년 8월 1일 18시,수요일,서울특별시 도봉구 쌍문동,부상신고사고,0.0,0.0,0.0,1.0,차대사람 - 보도통행중,중앙선침범,건조,맑음,단일로 - 기타,자전거,기타불명,미분류,기타불명,보행자,남,10세,부상신고,37.47977174427301,126.94454671323992
2018080200100253.0,2018년 8월 2일 12시,목요일,서울특별시 양천구 신정동,경상사고,0.0,0.0,1.0,0.0,차대사람 - 횡단중,신호위반,건조,맑음,단일로 - 기타,승용,남,74세,상해없음,보행자,여,4세,경상,37.65808173920268,127.03556340956416
2018080300100254.0,2018년 8월 3일 13시,금요일,서울특별시 강동구 성내동,중상사고,0.0,1.0,2.0,0.0,차대사람 - 횡단중,신호위반,건조,맑음,교차로 - 교차로횡단보도내,승용,남,41세,상해없음,보행자,여,41세,경상,37.52244323759448,126.87620571663672
2018080400100282.0,2018년 8월 4일 14시,토요일,서울특별시 강남구 논현동,부상신고사고,0.0,0.0,0.0,1.0,차대사람 - 횡단중,보행자보호의무위반,건조,맑음,교차로 - 교차로횡단보도내,이륜,남,50세,상해없음,보행자,남,9세,부상신고,37.53095189258634,127.1286178612654
2018080500100154.0,2018년 8월 5일 11시,일요일,서울특별시 중랑구 망우동,경상사고,0.0,0.0,1.0,0.0,차대사람 - 횡단중,기타,건조,맑음,교차로 - 교차로부근,승용,남,71세,상해없음,보행자,여,9세,경상,37.50886506765388,127.02678146491024
2018080600100103.0,2018년 8월 6일 09시,월요일,서울특별시 서초구 잠원동,경상사고,0.0,0.0,1.0,0.0,차대사람 - 횡단중,보행자보호의무위반,건조,맑음,단일로 - 기타,승용,남,70세,상해없음,보행자,여,2세,경상,37.5914250665005,127.09876478158802
2018080600100163.0,2018년 8월 6일 11시,월요일,서울특별시 마포구 노고산동,중상사고,0.0,1.0,0.0,0.0,차대사람 - 기타,안전운전불이행,건조,맑음,기타 - 기타,승용,여,63세,기타불명,보행자,여,9세,중상,37.50956253133195,127.01211304642172
2018080600100421.0,2018년 8월 6일 18시,월요일,서울특별시 서대문구 남가좌동,경상사고,0.0,0.0,1.0,0.0,차대사람 - 횡단중,안전운전불이행,건조,흐림,단일로 - 기타,승용,남,50세,상해없음,보행자,여,12세,경상,37.55607088904631,126.9425543106754
2018080800100415.0,2018년 8월 8일 18시,수요일,서울특별시 금천구 시흥동,부상신고사고,0.0,0.0,0.0,1.0,차대사람 - 횡단중,안전운전불이행,건조,맑음,교차로 - 교차로횡단보도내,승용,남,49세,상해없음,보행자,남,6세,부상신고,37.57986959132045,126.92443745836314
2018080900100202.0,2018년 8월 9일 11시,목요일,서울특별시 영등포구 영등포동8가,경상사고,0.0,0.0,1.0,0.0,차대사람 - 횡단중,신호위반,건조,맑음,단일로 - 기타,화물,남,52세,상해없음,보행자,남,9세,경상,37.45495906466767,126.90063472993492
2018081200100338.0,2018년 8월 12일 18시,일요일,서울특별시 서대문구 충정로3가,중상사고,0.0,1.0,0.0,0.0,차대사람 - 횡단중,안전운전불이행,젖음/습기,비,단일로 - 기타,이륜,남,29세,상해없음,보행자,남,9세,중상,37.52725562239442,126.90576073920248
2018081300100246.0,2018년 8월 13일 12시,월요일,서울특별시 강서구 등촌동,경상사고,0.0,0.0,2.0,1.0,차대차 - 측면충돌,신호위반,건조,맑음,단일로 - 기타,승용,남,48세,상해없음,원동기,남,44세,경상,37.563038328024646,126.96198907372889
2018081300100487.0,2018년 8월 13일 18시,월요일,서울특별시 강서구 마곡동,중상사고,0.0,1.0,0.0,0.0,차대사람 - 횡단중,신호위반,건조,맑음,교차로 - 교차로안,승합,남,57세,상해없음,보행자,남,9세,중상,37.55928182624592,126.85451096403597
2018081300100488.0,2018년 8월 13일 18시,월요일,서울특별시 강동구 둔촌동,경상사고,0.0,0.0,1.0,0.0,차대사람 - 기타,안전운전불이행,건조,맑음,단일로 - 기타,승용,여,56세,상해없음,보행자,남,12세,경상,37.56767619836091,126.81814665436256
2018081500100263.0,2018년 8월 15일 14시,수요일,서울특별시 강서구 화곡동,중상사고,0.0,2.0,0.0,0.0,차대사람 - 기타,안전운전불이행,건조,맑음,단일로 - 기타,화물,남,48세,상해없음,보행자,여,35세,중상,37.5374856410121,127.14586970912632
2018081600100135.0,2018년 8월 16일 09시,목요일,서울특별시 강남구 일원동,중상사고,0.0,1.0,1.0,0.0,차대사람 - 횡단중,보행자보호의무위반,건조,맑음,교차로 - 교차로안,승용,여,41세,상해없음,보행자,여,32세,중상,37.53534879042999,126.85408346816514
2018081600100289.0,2018년 8월 16일 13시,목요일,서울특별시 도봉구 쌍문동,경상사고,0.0,0.0,1.0,0.0,차대사람 - 횡단중,중앙선침범,건조,맑음,단일로 - 기타,이륜,남,40세,상해없음,보행자,여,11세,경상,37.49160817827438,127.08803243985292
2018081600100332.0,2018년 8월 16일 14시,목요일,서울특별시 서초구 반포동,경상사고,0.0,0.0,1.0,0.0,차대사람 - 기타,안전운전불이행,건조,맑음,교차로 - 교차로안,승용,남,52세,상해없음,보행자,남,11세,경상,37.652645662427794,127.01734549349362
2018081600100524.0,2018년 8월 16일 19시,목요일,서울특별시 중랑구 면목동,경상사고,0.0,0.0,1.0,0.0,차대사람 - 횡단중,신호위반,건조,맑음,단일로 - 기타,이륜,남,24세,상해없음,보행자,남,8세,경상,37.50253932439174,127.0117175142243
2018081700100152.0,2018년 8월 17일 09시,금요일,서울특별시 동대문구 용두동,경상사고,0.0,0.0,1.0,0.0,차대사람 - 차도통행중,안전운전불이행,건조,맑음,기타 - 기타,화물,남,59세,상해없음,보행자,남,7세,경상,37.58745812009206,127.0880031175578
2018081700100293.0,2018년 8월 17일 13시,금요일,서울특별시 노원구 중계동,경상사고,0.0,0.0,1.0,0.0,차대사람 - 횡단중,안전운전불이행,건조,맑음,교차로 - 교차로부근,승용,남,53세,상해없음,보행자,여,12세,경상,37.57516651379372,127.03079019716137
2018081700100325.0,2018년 8월 17일 14시,금요일,서울특별시 도봉구 쌍문동,경상사고,0.0,0.0,1.0,0.0,차대사람 - 횡단중,안전운전불이행,건조,맑음,교차로 - 교차로안,승용,여,52세,상해없음,보행자,여,8세,경상,37.65021253024717,127.08116106671454
2018081700100412.0,2018년 8월 17일 16시,금요일,서울특별시 송파구 가락동,부상신고사고,0.0,0.0,0.0,1.0,차대사람 - 차도통행중,안전운전불이행,건조,맑음,교차로 - 교차로안,승용,여,31세,상해없음,보행자,여,8세,부상신고,37.64812708827884,127.0300255092578
2018081700100463.0,2018년 8월 17일 17시,금요일,서울특별시 동대문구 장안동,경상사고,0.0,0.0,1.0,0.0,차대사람 - 기타,안전운전불이행,건조,맑음,교차로 - 교차로안,화물,남,40세,상해없음,보행자,여,8세,경상,37.50019510502509,127.125002866515
2018081700100665.0,2018년 8월 17일 22시,금요일,서울특별시 양천구 신정동,경상사고,0.0,0.0,2.0,0.0,차대사람 - 차도통행중,안전운전불이행,건조,맑음,단일로 - 기타,승용,남,50세,상해없음,보행자,여,40세,경상,37.56626402572307,127.06691110595942
2018081800100475.0,2018년 8월 18일 18시,토요일,서울특별시 마포구 용강동,부상신고사고,0.0,0.0,0.0,1.0,차대사람 - 기타,안전운전불이행,건조,맑음,교차로 - 교차로안,승용,여,27세,상해없음,보행자,남,5세,부상신고,37.519620964272846,126.855859929484
2018081900100192.0,2018년 8월 19일 12시,일요일,서울특별시 강동구 명일동,중상사고,0.0,1.0,0.0,0.0,차대사람 - 기타,보행자보호의무위반,건조,맑음,단일로 - 기타,승용,남,42세,상해없음,보행자,남,12세,중상,37.54081467724816,126.94141145071966
2018081900100405.0,2018년 8월 19일 19시,일요일,서울특별시 송파구 잠실동,부상신고사고,0.0,0.0,0.0,1.0,차대사람 - 횡단중,보행자보호의무위반,건조,맑음,단일로 - 기타,자전거,남,57세,상해없음,보행자,여,7세,부상신고,37.54772523573561,127.14593447919746
2018082000100312.0,2018년 8월 20일 14시,월요일,서울특별시 강남구 대치동,중상사고,0.0,2.0,0.0,0.0,차대사람 - 기타,안전운전불이행,건조,맑음,주차장 - 주차장,승용,여,47세,상해없음,보행자,남,5세,중상,37.5182282977144,127.07865214910906
2018082000100370.0,2018년 8월 20일 16시,월요일,서울특별시 은평구 불광동,부상신고사고,0.0,0.0,0.0,1.0,차대사람 - 기타,안전운전불이행,건조,맑음,교차로 - 교차로부근,기타불명,기타불명,미분류,기타불명,보행자,남,12세,부상신고,37.49668645229809,127.06637426641898
2018082100100348.0,2018년 8월 21일 15시,화요일,서울특별시 강남구 수서동,경상사고,0.0,0.0,2.0,0.0,차대사람 - 횡단중,보행자보호의무위반,건조,맑음,교차로 - 교차로안,승용,남,73세,상해없음,보행자,여,39세,경상,37.62197840832478,126.92964288039823
2018082200100345.0,2018년 8월 22일 15시,수요일,서울특별시 은평구 응암동,중상사고,0.0,1.0,2.0,2.0,차대차 - 측면충돌,기타,건조,맑음,주차장 - 주차장,승합,남,54세,상해없음,승용,여,46세,상해없음,37.48635391748895,127.1067476548018
2018082200100348.0,2018년 8월 22일 15시,수요일,서울특별시 영등포구 대림동,경상사고,0.0,0.0,1.0,0.0,차대사람 - 횡단중,보행자보호의무위반,건조,맑음,교차로 - 교차로안,화물,남,47세,상해없음,보행자,여,7세,경상,37.59407788204962,126.92139420327344
2018082200100525.0,2018년 8월 22일 19시,수요일,서울특별시 강남구 세곡동,경상사고,0.0,0.0,1.0,0.0,차대사람 - 횡단중,안전운전불이행,건조,맑음,단일로 - 기타,이륜,남,56세,상해없음,보행자,여,10세,경상,37.502580379129945,126.89584190144954
2018082200100626.0,2018년 8월 22일 22시,수요일,서울특별시 도봉구 창동,중상사고,0.0,1.0,0.0,0.0,차대사람 - 차도통행중,안전운전불이행,건조,맑음,단일로 - 기타,승용,남,38세,상해없음,보행자,남,9세,중상,37.46699373820408,127.1017037482126
2018082300100333.0,2018년 8월 23일 18시,목요일,서울특별시 도봉구 방학동,경상사고,0.0,0.0,1.0,0.0,차대사람 - 횡단중,안전운전불이행,건조,맑음,단일로 - 기타,자전거,남,22세,상해없음,보행자,남,6세,경상,37.63748663610024,127.03796981359268
2018082500100148.0,2018년 8월 25일 09시,토요일,서울특별시 용산구 효창동,중상사고,0.0,1.0,0.0,0.0,차대사람 - 횡단중,안전운전불이행,건조,맑음,단일로 - 기타,승용,남,43세,상해없음,보행자,남,7세,중상,37.66681674796978,127.03583780566336
2018082500100396.0,2018년 8월 25일 16시,토요일,서울특별시 강동구 성내동,부상신고사고,0.0,0.0,0.0,1.0,차대사람 - 기타,안전운전불이행,건조,맑음,단일로 - 기타,화물,남,38세,상해없음,보행자,남,6세,부상신고,37.54406567366058,126.96214809021438
2018082500100448.0,2018년 8월 25일 18시,토요일,서울특별시 마포구 망원동,중상사고,0.0,1.0,0.0,0.0,차대사람 - 기타,안전운전불이행,건조,맑음,교차로 - 교차로안,화물,남,56세,상해없음,보행자,남,8세,중상,37.5316422752852,127.13032348682704
2018082700100342.0,2018년 8월 27일 14시,월요일,서울특별시 강남구 대치동,경상사고,0.0,0.0,1.0,0.0,차대사람 - 보도통행중,기타,젖음/습기,비,기타 - 기타,이륜,남,39세,상해없음,보행자,여,9세,경상,37.55362714368642,126.903592795295
2018082900100141.0,2018년 8월 29일 09시,수요일,서울특별시 서초구 양재동,경상사고,0.0,0.0,1.0,0.0,차대사람 - 횡단중,보행자보호의무위반,건조,맑음,교차로 - 교차로횡단보도내,승용,남,53세,상해없음,보행자,남,5세,경상,37.49214669180712,127.05748648663356
2018082900100312.0,2018년 8월 29일 15시,수요일,서울특별시 은평구 진관동,경상사고,0.0,0.0,1.0,0.0,차대사람 - 횡단중,보행자보호의무위반,젖음/습기,흐림,교차로 - 교차로횡단보도내,승용,여,46세,상해없음,보행자,남,10세,경상,37.47348119913647,127.02992246711118
2018082900100372.0,2018년 8월 29일 17시,수요일,서울특별시 서초구 잠원동,경상사고,0.0,0.0,1.0,0.0,차대사람 - 횡단중,안전운전불이행,젖음/습기,흐림,주차장 - 주차장,승용,여,49세,상해없음,보행자,남,12세,경상,37.64294827166436,126.91954180321216
2018083000100098.0,2018년 8월 30일 08시,목요일,서울특별시 영등포구 문래동6가,경상사고,0.0,0.0,2.0,0.0,차대사람 - 차도통행중,안전운전불이행,건조,흐림,단일로 - 기타,이륜,남,16세,경상,보행자,여,12세,경상,37.50955002677568,127.00693094003982
2018083000100101.0,2018년 8월 30일 08시,목요일,서울특별시 노원구 하계동,경상사고,0.0,0.0,1.0,0.0,차대사람 - 보도통행중,기타,젖음/습기,흐림,단일로 - 기타,승용,남,50세,상해없음,보행자,여,6세,경상,37.51971967265037,126.88451191670124
2018083100100326.0,2018년 8월 31일 15시,금요일,서울특별시 용산구 동빙고동,중상사고,0.0,1.0,0.0,0.0,차대사람 - 횡단중,보행자보호의무위반,건조,맑음,단일로 - 기타,승용,남,54세,상해없음,보행자,여,9세,중상,37.63172074673624,127.07214152760938
2018083100100328.0,2018년 8월 31일 15시,금요일,서울특별시 성동구 응봉동,경상사고,0.0,0.0,1.0,0.0,차대사람 - 횡단중,안전운전불이행,건조,맑음,단일로 - 기타,승용,남,53세,상해없음,보행자,여,8세,경상,37.52526751338243,126.99574798199596
2018083100100369.0,2018년 8월 31일 16시,금요일,서울특별시 강동구 명일동,경상사고,0.0,0.0,1.0,0.0,차대사람 - 횡단중,안전운전불이행,건조,맑음,교차로 - 교차로횡단보도내,승용,여,32세,상해없음,보행자,남,5세,경상,37.552087566773984,127.03422940947704
2018083100100373.0,2018년 8월 31일 16시,금요일,서울특별시 은평구 갈현동,경상사고,0.0,0.0,1.0,0.0,차대사람 - 기타,기타,건조,맑음,교차로 - 교차로부근,화물,남,37세,상해없음,보행자,남,6세,경상,37.55479197017707,127.15203741477424
2018090200100222.0,2018년 9월 2일 14시,일요일,서울특별시 강서구 화곡동,중상사고,0.0,1.0,0.0,0.0,차대사람 - 기타,보행자보호의무위반,건조,맑음,단일로 - 기타,이륜,남,21세,상해없음,보행자,남,3세,중상,37.62398755936648,126.91474847761862
2018090200100304.0,2018년 9월 2일 17시,일요일,서울특별시 동대문구 이문동,경상사고,0.0,0.0,1.0,0.0,차대사람 - 횡단중,신호위반,건조,맑음,교차로 - 교차로횡단보도내,이륜,남,47세,상해없음,보행자,남,8세,경상,37.53512032764724,126.85516070608143
2018090200100330.0,2018년 9월 2일 18시,일요일,서울특별시 동대문구 청량리동,경상사고,0.0,0.0,1.0,0.0,차대사람 - 길가장자리구역통행중,안전운전불이행,기타,흐림,단일로 - 기타,이륜,남,22세,상해없음,보행자,여,9세,경상,37.60265176813465,127.06212335787028
2018090300100365.0,2018년 9월 3일 16시,월요일,서울특별시 광진구 중곡동,부상신고사고,0.0,0.0,0.0,1.0,차대사람 - 기타,안전운전불이행,젖음/습기,비,단일로 - 기타,승용,여,24세,상해없음,보행자,여,12세,부상신고,37.58848926062036,127.0424864186785
2018090400100282.0,2018년 9월 4일 14시,화요일,서울특별시 금천구 독산동,경상사고,0.0,0.0,1.0,0.0,차대사람 - 기타,안전운전불이행,건조,맑음,단일로 - 기타,승용,남,62세,상해없음,보행자,남,5세,경상,37.55689312895603,127.08536360182198
2018090400100346.0,2018년 9월 4일 16시,화요일,서울특별시 서초구 우면동,중상사고,0.0,1.0,0.0,0.0,차대사람 - 보도통행중,신호위반,건조,맑음,교차로 - 교차로부근,승용,여,34세,상해없음,보행자,여,7세,중상,37.46796535665252,126.90952115865764
2018090600100177.0,2018년 9월 6일 11시,목요일,서울특별시 중랑구 신내동,중상사고,0.0,1.0,1.0,0.0,차대사람 - 횡단중,보행자보호의무위반,건조,맑음,교차로 - 교차로횡단보도내,승합,남,44세,상해없음,보행자,여,37세,중상,37.471323621795854,127.02458679243902
2018090600100289.0,2018년 9월 6일 15시,목요일,서울특별시 강동구 길동,부상신고사고,0.0,0.0,0.0,1.0,차대사람 - 기타,안전운전불이행,건조,맑음,교차로 - 교차로안,자전거,남,41세,상해없음,보행자,남,4세,부상신고,37.61341593305716,127.1035188040058
2018090600100348.0,2018년 9월 6일 17시,목요일,서울특별시 중랑구 망우동,경상사고,0.0,0.0,1.0,0.0,차대사람 - 횡단중,안전운전불이행,젖음/습기,흐림,단일로 - 기타,승용,남,37세,상해없음,보행자,남,10세,경상,37.54154808234957,127.14497887813737
2018090600100352.0,2018년 9월 6일 17시,목요일,서울특별시 강동구 성내동,경상사고,0.0,0.0,1.0,0.0,차대사람 - 횡단중,신호위반,건조,맑음,교차로 - 교차로횡단보도내,승용,남,48세,상해없음,보행자,여,8세,경상,37.59473050451113,127.1006840783328
2018090700100344.0,2018년 9월 7일 14시,금요일,서울특별시 동작구 노량진동,부상신고사고,0.0,0.0,0.0,1.0,차대사람 - 횡단중,안전운전불이행,건조,맑음,기타 - 기타,승용,남,63세,상해없음,보행자,남,7세,부상신고,37.52372386713167,127.13467434190954
2018090700100424.0,2018년 9월 7일 16시,금요일,서울특별시 송파구 오금동,부상신고사고,0.0,0.0,0.0,1.0,차대사람 - 횡단중,보행자보호의무위반,건조,맑음,교차로 - 교차로부근,승용,남,22세,상해없음,보행자,남,11세,부상신고,37.507807373745685,126.94720161833408
2018090700100426.0,2018년 9월 7일 16시,금요일,서울특별시 은평구 갈현동,부상신고사고,0.0,0.0,0.0,1.0,차대사람 - 기타,안전운전불이행,건조,맑음,단일로 - 기타,승용,여,31세,기타불명,보행자,남,8세,부상신고,37.50506757376867,127.138204785726
2018090700100554.0,2018년 9월 7일 19시,금요일,서울특별시 종로구 신교동,경상사고,0.0,0.0,1.0,0.0,차대사람 - 기타,기타,건조,맑음,교차로 - 교차로안,승용,여,53세,상해없음,보행자,남,11세,경상,37.61938146214483,126.9146939350996
2018090800100460.0,2018년 9월 8일 17시,토요일,서울특별시 중랑구 중화동,부상신고사고,0.0,0.0,0.0,1.0,차대사람 - 기타,안전운전불이행,건조,맑음,교차로 - 교차로부근,기타불명,기타불명,미분류,기타불명,보행자,여,5세,부상신고,37.58405245428296,126.9687920788463
2018090800100504.0,2018년 9월 8일 18시,토요일,서울특별시 도봉구 도봉동,부상신고사고,0.0,0.0,0.0,1.0,차대사람 - 횡단중,안전운전불이행,기타,맑음,단일로 - 기타,승용,남,38세,상해없음,보행자,남,6세,부상신고,37.59686922923754,127.0755809914585
2018091000100491.0,2018년 9월 10일 17시,월요일,서울특별시 강서구 화곡동,경상사고,0.0,0.0,1.0,0.0,차대사람 - 횡단중,보행자보호의무위반,건조,맑음,단일로 - 기타,기타불명,기타불명,미분류,기타불명,보행자,남,10세,경상,37.67922215118533,127.0435514866019
2018091100100351.0,2018년 9월 11일 16시,화요일,서울특별시 영등포구 신길동,경상사고,0.0,0.0,1.0,0.0,차대사람 - 횡단중,안전운전불이행,건조,맑음,단일로 - 기타,승용,남,51세,상해없음,보행자,남,8세,경상,37.54100875335134,126.83772325895308
2018091200100292.0,2018년 9월 12일 12시,수요일,서울특별시 영등포구 여의도동,경상사고,0.0,0.0,1.0,0.0,차대사람 - 보도통행중,기타,건조,맑음,단일로 - 기타,자전거,남,47세,상해없음,보행자,여,6세,경상,37.51361906742788,126.91678822703231
2018091200100402.0,2018년 9월 12일 15시,수요일,서울특별시 중랑구 면목동,중상사고,0.0,1.0,0.0,0.0,차대사람 - 기타,안전운전불이행,건조,맑음,교차로 - 교차로부근,화물,남,50세,상해없음,보행자,여,11세,중상,37.52967739854831,126.93079917219684
2018091200100445.0,2018년 9월 12일 16시,수요일,서울특별시 은평구 응암동,경상사고,0.0,0.0,2.0,0.0,차대사람 - 기타,안전운전불이행,건조,맑음,단일로 - 기타,승용,남,64세,상해없음,보행자,여,32세,경상,37.58259086955625,127.08543631128931
2018091300100339.0,2018년 9월 13일 15시,목요일,서울특별시 송파구 풍납동,경상사고,0.0,0.0,1.0,0.0,차대사람 - 기타,기타,건조,맑음,단일로 - 기타,승용,여,67세,상해없음,보행자,남,10세,경상,37.59519486367123,126.91759076364582
2018091300100341.0,2018년 9월 13일 15시,목요일,서울특별시 서초구 방배동,경상사고,0.0,0.0,1.0,0.0,차대사람 - 기타,안전운전불이행,건조,맑음,기타 - 기타,승용,남,71세,상해없음,보행자,남,10세,경상,37.53252699435862,127.11662393428678
2018091300100428.0,2018년 9월 13일 17시,목요일,서울특별시 서초구 서초동,부상신고사고,0.0,0.0,0.0,1.0,차대사람 - 횡단중,신호위반,건조,맑음,기타 - 기타,승용,여,38세,상해없음,보행자,남,10세,부상신고,37.4785771513685,126.98528332549508
2018091500100449.0,2018년 9월 15일 17시,토요일,서울특별시 강서구 내발산동,경상사고,0.0,0.0,1.0,0.0,차대사람 - 횡단중,보행자보호의무위반,건조,맑음,단일로 - 기타,승용,남,57세,상해없음,보행자,여,11세,경상,37.48342342599338,127.0078378944534
2018091700100261.0,2018년 9월 17일 13시,월요일,서울특별시 영등포구 신길동,경상사고,0.0,0.0,1.0,0.0,차대사람 - 기타,안전운전불이행,건조,맑음,단일로 - 기타,승용,남,63세,상해없음,보행자,여,9세,경상,37.55288762941402,126.83436894564974
2018091700100265.0,2018년 9월 17일 13시,월요일,서울특별시 송파구 오금동,부상신고사고,0.0,0.0,0.0,1.0,차대사람 - 횡단중,보행자보호의무위반,건조,맑음,교차로 - 교차로횡단보도내,승용,남,49세,상해없음,보행자,남,8세,부상신고,37.51151394720246,126.91760797776053
2018091700100420.0,2018년 9월 17일 17시,월요일,서울특별시 강북구 수유동,경상사고,0.0,0.0,1.0,0.0,차대사람 - 차도통행중,안전운전불이행,건조,맑음,단일로 - 기타,승용,여,56세,상해없음,보행자,남,11세,경상,37.50910975825097,127.13368198561788
2018091800100421.0,2018년 9월 18일 16시,화요일,서울특별시 구로구 가리봉동,경상사고,0.0,0.0,1.0,0.0,차대사람 - 기타,기타,건조,맑음,단일로 - 기타,승용,남,60세,상해없음,보행자,남,7세,경상,37.64380885218238,127.02531461880596
2018091900100344.0,2018년 9월 19일 15시,수요일,서울특별시 강서구 화곡동,경상사고,0.0,0.0,1.0,0.0,차대사람 - 횡단중,안전운전불이행,건조,맑음,교차로 - 교차로안,승용,남,54세,상해없음,보행자,여,6세,경상,37.48487337818904,126.88278454053062
2018091900100570.0,2018년 9월 19일 20시,수요일,서울특별시 동대문구 회기동,부상신고사고,0.0,0.0,0.0,1.0,차대사람 - 기타,안전운전불이행,건조,맑음,교차로 - 교차로부근,기타불명,기타불명,미분류,기타불명,보행자,남,6세,부상신고,37.53189048654428,126.85131771994628
2018092000100373.0,2018년 9월 20일 15시,목요일,서울특별시 중랑구 신내동,중상사고,0.0,1.0,0.0,0.0,차대사람 - 횡단중,신호위반,건조,맑음,단일로 - 기타,승용,남,57세,상해없음,보행자,여,11세,중상,37.59049067878711,127.05437892842704
2018092000100415.0,2018년 9월 20일 16시,목요일,서울특별시 구로구 고척동,경상사고,0.0,0.0,1.0,0.0,차대사람 - 보도통행중,기타,건조,맑음,단일로 - 기타,자전거,남,30세,상해없음,보행자,남,7세,경상,37.60591673020519,127.10083954636389
2018092100100136.0,2018년 9월 21일 08시,금요일,서울특별시 마포구 공덕동,경상사고,0.0,0.0,1.0,0.0,차대사람 - 횡단중,신호위반,젖음/습기,비,단일로 - 기타,승용,여,39세,상해없음,보행자,여,12세,경상,37.49910504514696,126.867315436524
2018092100100485.0,2018년 9월 21일 16시,금요일,서울특별시 동작구 대방동,중상사고,0.0,1.0,0.0,0.0,차대사람 - 횡단중,보행자보호의무위반,건조,맑음,기타 - 기타,승용,남,65세,상해없음,보행자,여,10세,중상,37.544478457426656,126.9538927906878
2018092100100486.0,2018년 9월 21일 16시,금요일,서울특별시 관악구 신림동,중상사고,0.0,1.0,0.0,0.0,차대사람 - 횡단중,신호위반,건조,맑음,단일로 - 기타,이륜,남,56세,상해없음,보행자,남,10세,중상,37.4982097383165,126.92122968319944
2018092100100599.0,2018년 9월 21일 18시,금요일,서울특별시 동대문구 장안동,경상사고,0.0,0.0,1.0,0.0,차대사람 - 기타,안전운전불이행,건조,맑음,기타 - 기타,승용,남,55세,상해없음,보행자,남,6세,경상,37.47027982245659,126.92003149400752
2018092400100318.0,2018년 9월 24일 18시,월요일,서울특별시 성북구 하월곡동,중상사고,0.0,1.0,0.0,0.0,차대사람 - 횡단중,안전운전불이행,건조,맑음,기타 - 기타,이륜,남,22세,상해없음,보행자,남,6세,중상,37.57044374573498,127.06621878561646
2018092600100259.0,2018년 9월 26일 16시,수요일,서울특별시 중랑구 중화동,경상사고,0.0,0.0,1.0,0.0,차대사람 - 기타,안전운전불이행,건조,맑음,교차로 - 교차로부근,승용,남,43세,상해없음,보행자,남,7세,경상,37.60629980035068,127.02873666736846
2018092600100289.0,2018년 9월 26일 17시,수요일,서울특별시 송파구 장지동,경상사고,0.0,0.0,1.0,0.0,차대사람 - 횡단중,신호위반,건조,맑음,단일로 - 기타,승용,여,74세,상해없음,보행자,남,11세,경상,37.60258246987031,127.07773501815588
2018092700100381.0,2018년 9월 27일 16시,목요일,서울특별시 강북구 수유동,경상사고,0.0,0.0,1.0,0.0,차대사람 - 기타,기타,건조,맑음,단일로 - 기타,승용,남,81세,상해없음,보행자,여,8세,경상,37.465601714994776,127.13685713220772
2018092700100486.0,2018년 9월 27일 18시,목요일,서울특별시 도봉구 쌍문동,경상사고,0.0,0.0,1.0,0.0,차대사람 - 보도통행중,안전운전불이행,건조,맑음,단일로 - 기타,승용,남,57세,상해없음,보행자,여,12세,경상,37.64482394885171,127.0156051297725
2018092800100318.0,2018년 9월 28일 16시,금요일,서울특별시 관악구 신림동,중상사고,0.0,1.0,0.0,0.0,차대사람 - 차도통행중,안전운전불이행,건조,맑음,단일로 - 기타,승용,남,30세,상해없음,보행자,남,8세,중상,37.6486027212562,127.03404675437532
2018093000100228.0,2018년 9월 30일 14시,일요일,서울특별시 강서구 등촌동,경상사고,0.0,0.0,2.0,0.0,차대사람 - 기타,보행자보호의무위반,건조,맑음,단일로 - 기타,원동기,남,20세,상해없음,보행자,남,10세,경상,37.48116168309613,126.92793260567016
2018100100100337.0,2018년 10월 1일 15시,월요일,서울특별시 강서구 화곡동,경상사고,0.0,0.0,1.0,0.0,차대사람 - 기타,안전운전불이행,건조,맑음,교차로 - 교차로안,승용,남,40세,상해없음,보행자,여,11세,경상,37.55622799567658,126.8531786919412
2018100100100464.0,2018년 10월 1일 18시,월요일,서울특별시 노원구 월계동,경상사고,0.0,0.0,1.0,0.0,차대사람 - 횡단중,안전운전불이행,건조,맑음,기타 - 기타,승용,남,62세,상해없음,보행자,남,6세,경상,37.53496284853406,126.85603359281426