사고번호,사고일시,요일,시군구,사고내용,사망자수,중상자수,경상자수,부상신고자수,사고유형,법규위반,노면상태,기상상태,도로형태,가해운전자 차종,가해운전자 성별,가해운전자 연령,가해운전자 상해정도,피해운전자 차종,피해운전자 성별,피해운전자 연령,피해운전자 상해정도,lat(위도),lon(경도)
2018100300100389.0,2018년 10월 3일 17시,수요일,서울특별시 용산구 이촌동,경상사고,0.0,0.0,1.0,0.0,차대사람 - 기타,중앙선침범,건조,맑음,단일로 - 기타,승용,여,37세,상해없음,보행자,여,4세,경상,37.63123550944519,127.05787572483344
2018100400100443.0,2018년 10월 4일 17시,목요일,서울특별시 성북구 길음동,경상사고,0.0,0.0,1.0,0.0,차대사람 - 횡단중,안전운전불이행,건조,맑음,단일로 - 기타,이륜,남,26세,상해없음,보행자,여,6세,경상,37.51722626995096,126.97075986015854
2018100400100554.0,2018년 10월 4일 19시,목요일,서울특별시 강남구 역삼동,부상신고사고,0.0,0.0,0.0,1.0,차대사람 - 횡단중,안전운전불이행,건조,맑음,단일로 - 기타,승용,남,53세,상해없음,보행자,남,7세,부상신고,37.605728270079865,127.02110427055877
2018100500100115.0,2018년 10월 5일 08시,금요일,서울특별시 영등포구 여의도동,중상사고,0.0,1.0,0.0,0.0,차대사람 - 횡단중,안전운전불이행,건조,맑음,단일로 - 기타,승용,남,32세,상해없음,보행자,여,11세,중상,37.49807449120639,127.04949839481256
2018100500100478.0,2018년 10월 5일 17시,금요일,서울특별시 영등포구 당산동3가,경상사고,0.0,0.0,1.0,0.0,차대사람 - 차도통행중,안전운전불이행,건조,맑음,단일로 - 기타,승용,남,52세,상해없음,보행자,남,10세,경상,37.52420186396687,126.9336473912018
2018100700100411.0,2018년 10월 7일 18시,일요일,서울특별시 동작구 노량진동,경상사고,0.0,0.0,1.0,0.0,차대사람 - 기타,안전운전불이행,건조,맑음,단일로 - 기타,이륜,남,17세,상해없음,보행자,여,8세,경상,37.52725971912337,126.89414901182496
2018100800100430.0,2018년 10월 8일 17시,월요일,서울특별시 성북구 석관동,중상사고,0.0,1.0,0.0,0.0,차대사람 - 차도통행중,안전운전불이행,건조,맑음,교차로 - 교차로부근,화물,남,43세,상해없음,보행자,남,8세,중상,37.512299065047365,126.94398891869234
2018100800100527.0,2018년 10월 8일 19시,월요일,서울특별시 중랑구 중화동,부상신고사고,0.0,0.0,0.0,1.0,차대사람 - 횡단중,보행자보호의무위반,건조,맑음,교차로 - 교차로횡단보도내,기타불명,기타불명,미분류,기타불명,보행자,남,12세,부상신고,37.60990140352056,127.05804736784155
2018100800100562.0,2018년 10월 8일 20시,월요일,서울특별시 강남구 청담동,경상사고,0.0,0.0,1.0,0.0,차대사람 - 기타,안전운전불이행,건조,맑음,단일로 - 기타,이륜,남,41세,상해없음,보행자,남,7세,경상,37.60163256604971,127.079281101394
2018101000100071.0,2018년 10월 10일 08시,수요일,서울특별시 송파구 삼전동,경상사고,0.0,0.0,1.0,0.0,차대사람 - 기타,안전운전불이행,건조,맑음,단일로 - 기타,승용,남,41세,상해없음,보행자,남,10세,경상,37.51887567540497,127.04657825452225
2018101000100399.0,2018년 10월 10일 18시,수요일,서울특별시 송파구 석촌동,경상사고,0.0,0.0,1.0,0.0,차대사람 - 기타,안전운전불이행,건조,맑음,단일로 - 기타,승용,남,56세,상해없음,보행자,남,6세,경상,37.49988380312016,127.09095108717028
2018101100100091.0,2018년 10월 11일 08시,목요일,서울특별시 성북구 돈암동,중상사고,0.0,1.0,0.0,0.0,차대사람 - 횡단중,안전운전불이행,건조,맑음,단일로 - 기타,승합,남,60세,기타불명,보행자,남,12세,중상,37.50032727844816,127.10203586223436
2018101200100402.0,2018년 10월 12일 16시,금요일,서울특별시 동대문구 전농동,경상사고,0.0,0.0,2.0,0.0,차대사람 - 길가장자리구역통행중,안전운전불이행,건조,맑음,교차로 - 교차로부근,승용,여,68세,상해없음,보행자,여,27세,경상,37.59836701601144,127.02177451033822
2018101200100403.0,2018년 10월 12일 16시,금요일,서울특별시 광진구 중곡동,경상사고,0.0,0.0,1.0,0.0,차대사람 - 횡단중,보행자보호의무위반,건조,맑음,교차로 - 교차로안,승합,남,75세,상해없음,보행자,남,4세,경상,37.57958368951032,127.05419478276808
2018101200100501.0,2018년 10월 12일 18시,금요일,서울특별시 중랑구 중화동,부상신고사고,0.0,0.0,0.0,1.0,차대사람 - 기타,안전운전불이행,건조,맑음,단일로 - 기타,승용,여,50세,상해없음,보행자,남,5세,부상신고,37.558442499318,127.08766475361854
2018101300100433.0,2018년 10월 13일 17시,토요일,서울특별시 강동구 암사동,경상사고,0.0,0.0,1.0,0.0,차대사람 - 기타,보행자보호의무위반,건조,맑음,교차로 - 교차로안,승용,남,57세,상해없음,보행자,남,8세,경상,37.60101594278502,127.08587787076584
2018101400100178.0,2018년 10월 14일 13시,일요일,서울특별시 관악구 신림동,중상사고,0.0,1.0,0.0,0.0,차대사람 - 기타,교차로운행방법위반,기타,맑음,교차로 - 교차로안,승용,여,49세,상해없음,보행자,남,8세,중상,37.55508931666326,127.13997836380516
2018101500100083.0,2018년 10월 15일 08시,월요일,서울특별시 성북구 상월곡동,경상사고,0.0,0.0,1.0,0.0,차대사람 - 기타,안전운전불이행,건조,맑음,단일로 - 기타,승용,남,64세,기타불명,보행자,여,12세,경상,37.48508401827464,126.91533608116896
2018101600100303.0,2018년 10월 16일 15시,화요일,서울특별시 노원구 월계동,경상사고,0.0,0.0,1.0,0.0,차대사람 - 횡단중,안전운전불이행,건조,맑음,교차로 - 교차로안,승용,남,22세,상해없음,보행자,남,6세,경상,37.60761532112207,127.0493936905764
2018101600100304.0,2018년 10월 16일 15시,화요일,서울특별시 강남구 수서동,부상신고사고,0.0,0.0,0.0,1.0,차대사람 - 횡단중,보행자보호의무위반,건조,맑음,단일로 - 기타,승용,여,42세,상해없음,보행자,남,9세,부상신고,37.623166920492565,127.06717046246256
2018101700100441.0,2018년 10월 17일 17시,수요일,서울특별시 동작구 상도동,경상사고,0.0,0.0,1.0,0.0,차대사람 - 횡단중,안전운전불이행,건조,맑음,교차로 - 교차로안,승용,여,40세,상해없음,보행자,남,9세,경상,37.48465311730576,127.08644183503894
2018101900100405.0,2018년 10월 19일 15시,금요일,서울특별시 강남구 세곡동,경상사고,0.0,0.0,1.0,0.0,차대사람 - 기타,안전운전불이행,건조,맑음,교차로 - 교차로부근,화물,남,36세,상해없음,보행자,남,7세,경상,37.49533306562846,126.94922804210503
2018102000100242.0,2018년 10월 20일 11시,토요일,서울특별시 관악구 신림동,경상사고,0.0,0.0,1.0,0.0,차대사람 - 기타,안전운전불이행,건조,맑음,교차로 - 교차로부근,승용,남,30세,상해없음,보행자,남,6세,경상,37.466234468130246,127.10107451008936
2018102000100404.0,2018년 10월 20일 15시,토요일,서울특별시 강동구 암사동,경상사고,0.0,0.0,1.0,0.0,차대사람 - 차도통행중,안전운전불이행,건조,맑음,단일로 - 기타,이륜,남,29세,상해없음,보행자,남,4세,경상,37.47113096987524,126.91898449124862
2018102200100269.0,2018년 10월 22일 14시,월요일,서울특별시 송파구 장지동,경상사고,0.0,0.0,1.0,0.0,차대사람 - 횡단중,안전운전불이행,건조,맑음,단일로 - 기타,승용,여,30세,상해없음,보행자,남,6세,경상,37.551479344676224,127.1268970959938
2018102200100300.0,2018년 10월 22일 15시,월요일,서울특별시 성북구 종암동,경상사고,0.0,0.0,1.0,0.0,차대사람 - 횡단중,보행자보호의무위반,건조,맑음,교차로 - 교차로안,화물,남,61세,상해없음,보행자,남,9세,경상,37.47534870902453,127.13497780309004
2018102200100327.0,2018년 10월 22일 16시,월요일,서울특별시 강북구 수유동,경상사고,0.0,0.0,1.0,0.0,차대사람 - 보도통행중,안전운전불이행,건조,맑음,교차로 - 교차로안,승용,여,51세,상해없음,보행자,남,10세,경상,37.59748971524479,127.03914615421697
2018102200100413.0,2018년 10월 22일 18시,월요일,서울특별시 서초구 반포동,경상사고,0.0,0.0,1.0,0.0,차대사람 - 기타,안전운전불이행,건조,기타,교차로 - 교차로안,승용,여,45세,상해없음,보행자,여,8세,경상,37.64428998673229,127.0128881418565
2018102300100173.0,2018년 10월 23일 10시,화요일,서울특별시 중구 신당동,중상사고,0.0,1.0,1.0,0.0,차대사람 - 차도통행중,과속,젖음/습기,흐림,단일로 - 기타,승용,여,70세,상해없음,보행자,여,41세,중상,37.49702715628832,126.99765749790572
2018102300100318.0,2018년 10월 23일 15시,화요일,서울특별시 양천구 신월동,경상사고,0.0,0.0,1.0,0.0,차대사람 - 횡단중,안전운전불이행,젖음/습기,흐림,교차로 - 교차로부근,화물,남,72세,상해없음,보행자,여,9세,경상,37.54749592354401,127.0088320052066
2018102300100499.0,2018년 10월 23일 19시,화요일,서울특별시 양천구 신월동,경상사고,0.0,0.0,1.0,0.0,차대사람 - 기타,안전운전불이행,건조,맑음,교차로 - 교차로부근,승용,남,35세,상해없음,보행자,남,8세,경상,37.52166020667429,126.84641569684572
2018102400100419.0,2018년 10월 24일 16시,수요일,서울특별시 금천구 시흥동,중상사고,0.0,1.0,0.0,0.0,차대사람 - 기타,안전운전불이행,건조,맑음,단일로 - 기타,승용,남,68세,상해없음,보행자,남,8세,중상,37.52537635502968,126.84363321517364
2018102500100467.0,2018년 10월 25일 17시,목요일,서울특별시 송파구 가락동,중상사고,0.0,1.0,0.0,0.0,차대사람 - 기타,신호위반,건조,맑음,교차로 - 교차로안,승용,여,26세,상해없음,보행자,남,9세,중상,37.45004359928995,126.91441049969718
2018102700100202.0,2018년 10월 27일 10시,토요일,서울특별시 성북구 장위동,경상사고,0.0,0.0,1.0,0.0,차대사람 - 길가장자리구역통행중,안전운전불이행,건조,맑음,교차로 - 교차로부근,승용,남,67세,상해없음,보행자,여,5세,경상,37.494917399868896,127.1235133608019
2018102700100204.0,2018년 10월 27일 10시,토요일,서울특별시 양천구 신월동,경상사고,0.0,0.0,1.0,0.0,차대사람 - 횡단중,보행자보호의무위반,건조,맑음,단일로 - 기타,승용,여,54세,상해없음,보행자,여,12세,경상,37.61619849559244,127.04298522028829
2018102700100327.0,2018년 10월 27일 14시,토요일,서울특별시 서대문구 연희동,경상사고,0.0,0.0,2.0,0.0,차대사람 - 횡단중,안전운전불이행,건조,맑음,교차로 - 교차로안,승용,남,43세,상해없음,보행자,여,69세,경상,37.52310147956309,126.8462560055541
2018102800100462.0,2018년 10월 28일 20시,일요일,서울특별시 동작구 상도동,경상사고,0.0,0.0,1.0,0.0,차대사람 - 보도통행중,안전운전불이행,건조,맑음,기타 - 기타,자전거,남,62세,상해없음,보행자,남,4세,경상,37.57110994670569,126.9340510839064
2018102900100318.0,2018년 10월 29일 14시,월요일,서울특별시 중랑구 신내동,경상사고,0.0,0.0,1.0,0.0,차대사람 - 횡단중,기타,건조,맑음,교차로 - 교차로부근,이륜,남,55세,상해없음,보행자,남,9세,경상,37.502814529388,126.9359020333858
2018103000100361.0,2018년 10월 30일 15시,화요일,서울특별시 성북구 삼선동4가,중상사고,0.0,1.0,0.0,0.0,차대사람 - 횡단중,안전운전불이행,건조,맑음,교차로 - 교차로부근,승용,남,64세,상해없음,보행자,남,12세,중상,37.60651045463275,127.0952055982931
2018103100100177.0,2018년 10월 31일 10시,수요일,서울특별시 마포구 연남동,부상신고사고,0.0,0.0,0.0,1.0,차대사람 - 차도통행중,안전운전불이행,건조,맑음,단일로 - 기타,개인형이동수단(PM),여,61세,상해없음,보행자,여,2세,부상신고,37.589894378024496,127.01514581106404
2018103100100316.0,2018년 10월 31일 14시,수요일,서울특별시 은평구 불광동,경상사고,0.0,0.0,1.0,0.0,차대사람 - 보도통행중,신호위반,건조,맑음,교차로 - 교차로횡단보도내,승용,여,57세,상해없음,보행자,남,9세,경상,37.55988551586946,126.9186582910947
2018103100100378.0,2018년 10월 31일 16시,수요일,서울특별시 송파구 오금동,부상신고사고,0.0,0.0,0.0,2.0,차대사람 - 기타,신호위반,건조,맑음,단일로 - 기타,승용,남,81세,상해없음,보행자,여,8세,부상신고,37.62147627092744,126.9264625019503
2018103100100644.0,2018년 10월 31일 22시,수요일,서울특별시 구로구 구로동,경상사고,0.0,0.0,1.0,0.0,차대사람 - 기타,안전운전불이행,건조,맑음,단일로 - 기타,승용,남,63세,상해없음,보행자,여,9세,경상,37.50918751489675,127.1268474588946
2018110200100276.0,2018년 11월 2일 12시,금요일,서울특별시 강서구 마곡동,경상사고,0.0,0.0,1.0,0.0,차대사람 - 횡단중,신호위반,건조,맑음,단일로 - 기타,승용,여,58세,상해없음,보행자,여,8세,경상,37.492510653904745,126.89026692713362
2018110200100412.0,2018년 11월 2일 15시,금요일,서울특별시 송파구 거여동,경상사고,0.0,0.0,1.0,0.0,차대사람 - 횡단중,신호위반,건조,맑음,교차로 - 교차로횡단보도내,승용,여,39세,상해없음,보행자,여,10세,경상,37.56912856671965,126.8167972145571
2018110200100511.0,2018년 11월 2일 17시,금요일,서울특별시 관악구 봉천동,경상사고,0.0,0.0,1.0,0.0,차대사람 - 길가장자리구역통행중,안전운전불이행,건조,맑음,단일로 - 기타,승용,여,55세,상해없음,보행자,남,8세,경상,37.49215982288353,127.14405892618554
2018110300100249.0,2018년 11월 3일 12시,토요일,서울특별시 성동구 행당동,부상신고사고,0.0,0.0,0.0,1.0,차대사람 - 횡단중,안전운전불이행,건조,맑음,교차로 - 교차로안,화물,남,38세,상해없음,보행자,여,3세,부상신고,37.489376281690745,126.93989434474352
2018110300100294.0,2018년 11월 3일 13시,토요일,서울특별시 금천구 시흥동,중상사고,0.0,1.0,0.0,0.0,차대사람 - 횡단중,신호위반,건조,맑음,교차로 - 교차로횡단보도내,승용,여,33세,상해없음,보행자,남,3세,중상,37.56115100811809,127.03776226637692
2018110500100328.0,2018년 11월 5일 14시,월요일,서울특별시 서초구 반포동,경상사고,0.0,0.0,1.0,0.0,차대사람 - 기타,기타,건조,맑음,기타 - 기타,승합,남,56세,기타불명,보행자,남,11세,경상,37.4568560206112,126.89436691909866
2018110500100330.0,2018년 11월 5일 14시,월요일,서울특별시 서초구 방배동,경상사고,0.0,0.0,1.0,1.0,차대사람 - 기타,보행자보호의무위반,기타,맑음,단일로 - 기타,승용,남,24세,기타불명,보행자,여,10세,경상,37.50593755193824,127.0095682979092
2018110500100363.0,2018년 11월 5일 15시,월요일,서울특별시 강서구 방화동,부상신고사고,0.0,0.0,0.0,1.0,차대사람 - 차도통행중,안전운전불이행,건조,맑음,단일로 - 기타,승용,남,65세,상해없음,보행자,여,6세,부상신고,37.48446358585684,126.99586399899322
2018110500100402.0,2018년 11월 5일 16시,월요일,서울특별시 마포구 망원동,경상사고,0.0,0.0,1.0,1.0,차대사람 - 기타,안전운전불이행,건조,맑음,기타 - 기타,이륜,남,38세,경상,보행자,남,6세,부상신고,37.57759103677385,126.81195207130963
2018110700100413.0,2018년 11월 7일 17시,수요일,서울특별시 구로구 개봉동,중상사고,0.0,1.0,1.0,0.0,차대사람 - 차도통행중,안전운전불이행,건조,맑음,교차로 - 교차로안,화물,남,50세,상해없음,보행자,여,36세,경상,37.55320420019418,126.90730957422102
2018110800100783.0,2018년 11월 8일 22시,목요일,서울특별시 성동구 하왕십리동,중상사고,0.0,2.0,0.0,0.0,차대사람 - 횡단중,신호위반,젖음/습기,비,단일로 - 기타,승용,남,27세,상해없음,보행자,여,21세,중상,37.49565479354239,126.86097552348076
2018110900100512.0,2018년 11월 9일 18시,금요일,서울특별시 강남구 역삼동,부상신고사고,0.0,0.0,0.0,1.0,차대사람 - 길가장자리구역통행중,안전운전불이행,건조,맑음,기타 - 기타,기타불명,기타불명,미분류,기타불명,보행자,남,1세,부상신고,37.56352282416251,127.03122557006262
2018110900100639.0,2018년 11월 9일 20시,금요일,서울특별시 서초구 서초동,중상사고,0.0,1.0,0.0,0.0,차대사람 - 차도통행중,안전운전불이행,건조,맑음,단일로 - 기타,승용,남,72세,상해없음,보행자,여,3세,중상,37.49675610915157,127.03492398189503
2018111000100246.0,2018년 11월 10일 12시,토요일,서울특별시 광진구 중곡동,중상사고,0.0,1.0,0.0,0.0,차대사람 - 횡단중,신호위반,건조,맑음,교차로 - 교차로횡단보도내,이륜,남,39세,상해없음,보행자,남,11세,중상,37.495737327373,127.01910377146427
2018111000100251.0,2018년 11월 10일 12시,토요일,서울특별시 도봉구 방학동,경상사고,0.0,0.0,1.0,0.0,차대사람 - 횡단중,보행자보호의무위반,건조,맑음,단일로 - 기타,승용,남,42세,상해없음,보행자,남,11세,경상,37.56343331645953,127.08690125311595
2018111000100467.0,2018년 11월 10일 17시,토요일,서울특별시 강동구 길동,부상신고사고,0.0,0.0,0.0,1.0,차대사람 - 기타,안전운전불이행,건조,맑음,단일로 - 기타,기타불명,기타불명,미분류,기타불명,보행자,여,10세,부상신고,37.66747500615696,127.04516551161105
2018111100100170.0,2018년 11월 11일 13시,일요일,서울특별시 영등포구 도림동,경상사고,0.0,0.0,1.0,0.0,차대사람 - 횡단중,보행자보호의무위반,건조,맑음,교차로 - 교차로횡단보도내,승용,남,53세,상해없음,보행자,남,10세,경상,37.54260244930764,127.14490595933118
2018111200100328.0,2018년 11월 12일 15시,월요일,서울특별시 중랑구 신내동,중상사고,0.0,1.0,0.0,0.0,차대사람 - 기타,안전운전불이행,건조,기타,교차로 - 교차로횡단보도내,승합,남,49세,상해없음,보행자,남,11세,중상,37.5106062989883,126.89836833349436
2018111200100398.0,2018년 11월 12일 17시,월요일,서울특별시 동대문구 전농동,경상사고,0.0,0.0,1.0,0.0,차대사람 - 기타,안전운전불이행,건조,맑음,단일로 - 기타,자전거,남,12세,상해없음,보행자,남,5세,경상,37.606998802809386,127.0956787950341
2018111300100507.0,2018년 11월 13일 19시,화요일,서울특별시 광진구 광장동,경상사고,0.0,0.0,1.0,0.0,차대사람 - 보도통행중,신호위반,건조,맑음,교차로 - 교차로횡단보도내,화물,남,59세,상해없음,보행자,여,9세,경상,37.57333027117045,127.04759591677028
2018111400100087.0,2018년 11월 14일 08시,수요일,서울특별시 강동구 고덕동,경상사고,0.0,0.0,1.0,0.0,차대사람 - 기타,보행자보호의무위반,건조,맑음,교차로 - 교차로안,승용,남,53세,상해없음,보행자,남,8세,경상,37.543440731298446,127.1024859990414
2018111400100287.0,2018년 11월 14일 13시,수요일,서울특별시 마포구 신수동,경상사고,0.0,0.0,1.0,0.0,차대사람 - 기타,보행자보호의무위반,건조,맑음,교차로 - 교차로횡단보도내,승용,남,37세,상해없음,보행자,남,9세,경상,37.55742368321088,127.14891159747503
2018111400100288.0,2018년 11월 14일 13시,수요일,서울특별시 마포구 망원동,경상사고,0.0,0.0,1.0,0.0,차대사람 - 차도통행중,안전운전불이행,건조,맑음,단일로 - 기타,승합,남,67세,상해없음,보행자,여,9세,경상,37.54347423656291,126.93773527588372
2018111400100490.0,2018년 11월 14일 18시,수요일,서울특별시 강동구 길동,경상사고,0.0,0.0,1.0,0.0,차대사람 - 기타,안전운전불이행,건조,맑음,단일로 - 기타,화물,남,44세,상해없음,보행자,여,11세,경상,37.559710589332425,126.89990983273756
2018111500100141.0,2018년 11월 15일 09시,목요일,서울특별시 중랑구 상봉동,경상사고,0.0,0.0,1.0,0.0,차대사람 - 횡단중,보행자보호의무위반,건조,맑음,교차로 - 교차로부근,승용,여,35세,상해없음,보행자,여,11세,경상,37.53686389978272,127.14294102894682
2018111500100321.0,2018년 11월 15일 15시,목요일,서울특별시 성북구 정릉동,중상사고,0.0,1.0,0.0,0.0,차대사람 - 기타,안전운전불이행,건조,맑음,단일로 - 기타,승용,남,22세,상해없음,보행자,여,12세,중상,37.60256409257512,127.09302917041232
2018111600100110.0,2018년 11월 16일 08시,금요일,서울특별시 금천구 독산동,중상사고,0.0,1.0,0.0,0.0,차대사람 - 횡단중,신호위반,건조,맑음,교차로 - 교차로횡단보도내,승용,남,45세,상해없음,보행자,여,11세,중상,37.60862257863527,127.00603971930413
2018111700100257.0,2018년 11월 17일 12시,토요일,서울특별시 동작구 사당동,경상사고,0.0,0.0,1.0,0.0,차대사람 - 보도통행중,신호위반,건조,맑음,단일로 - 기타,승용,남,23세,상해없음,보행자,남,11세,경상,37.47611982997201,126.90357594704636
2018111700100407.0,2018년 11월 17일 16시,토요일,서울특별시 동작구 신대방동,부상신고사고,0.0,0.0,0.0,1.0,차대사람 - 기타,안전운전불이행,건조,맑음,기타 - 기타,이륜,남,41세,상해없음,보행자,여,3세,부상신고,37.48411237627621,126.96718173881274
2018111800100200.0,2018년 11월 18일 15시,일요일,서울특별시 강동구 암사동,경상사고,0.0,0.0,1.0,0.0,차대사람 - 차도통행중,안전운전불이행,건조,맑음,교차로 - 교차로부근,이륜,남,41세,상해없음,보행자,남,9세,경상,37.4977765200735,126.92851860074585
2018112000100253.0,2018년 11월 20일 13시,화요일,서울특별시 구로구 천왕동,경상사고,0.0,0.0,1.0,0.0,차대사람 - 횡단중,신호위반,건조,맑음,교차로 - 교차로안,이륜,남,25세,상해없음,보행자,남,8세,경상,37.55219590527779,127.13119562211466
2018112000100313.0,2018년 11월 20일 15시,화요일,서울특별시 서초구 양재동,경상사고,0.0,0.0,1.0,0.0,차대사람 - 횡단중,신호위반,건조,맑음,교차로 - 교차로횡단보도내,승용,여,61세,상해없음,보행자,남,8세,경상,37.48189231177045,126.83826803073931
2018112000100407.0,2018년 11월 20일 17시,화요일,서울특별시 관악구 봉천동,경상사고,0.0,0.0,3.0,0.0,차대사람 - 길가장자리구역통행중,안전운전불이행,건조,맑음,기타 - 기타,승용,남,25세,상해없음,보행자,여,31세,경상,37.47195628558536,127.0456404444031
2018112000100415.0,2018년 11월 20일 17시,화요일,서울특별시 노원구 상계동,경상사고,0.0,0.0,2.0,0.0,차대사람 - 횡단중,안전운전불이행,건조,맑음,단일로 - 기타,승용,여,35세,상해없음,보행자,여,34세,경상,37.4866722616655,126.96122510056064
2018112100100258.0,2018년 11월 21일 13시,수요일,서울특별시 동대문구 장안동,경상사고,0.0,0.0,1.0,0.0,차대사람 - 기타,안전운전불이행,건조,맑음,교차로 - 교차로부근,화물,남,49세,상해없음,보행자,남,11세,경상,37.66796726315407,127.05608181636474
2018112600100106.0,2018년 11월 26일 08시,월요일,서울특별시 중랑구 묵동,경상사고,0.0,0.0,1.0,0.0,차대사람 - 길가장자리구역통행중,안전운전불이행,건조,맑음,교차로 - 교차로부근,화물,남,62세,상해없음,보행자,남,10세,경상,37.56563739626085,127.0631893608614
2018112700100095.0,2018년 11월 27일 08시,화요일,서울특별시 중구 황학동,중상사고,0.0,1.0,0.0,1.0,차대사람 - 차도통행중,안전운전불이행,건조,맑음,교차로 - 교차로안,이륜,남,21세,상해없음,보행자,여,44세,중상,37.61570525581119,127.08513922491366
2018112700100101.0,2018년 11월 27일 08시,화요일,서울특별시 서초구 반포동,경상사고,0.0,0.0,1.0,0.0,차대사람 - 횡단중,보행자보호의무위반,건조,맑음,단일로 - 기타,승용,남,27세,기타불명,보행자,여,11세,경상,37.56822819659256,127.01787941395376
2018112700100365.0,2018년 11월 27일 17시,화요일,서울특별시 은평구 신사동,부상신고사고,0.0,0.0,0.0,1.0,차대사람 - 기타,안전운전불이행,건조,맑음,교차로 - 교차로부근,이륜,남,62세,상해없음,보행자,남,4세,부상신고,37.499778142964,126.99809160251644
2018112800100144.0,2018년 11월 28일 09시,수요일,서울특별시 은평구 진관동,중상사고,0.0,1.0,0.0,0.0,차대사람 - 횡단중,보행자보호의무위반,건조,맑음,교차로 - 교차로횡단보도내,화물,남,48세,상해없음,보행자,남,8세,중상,37.58906285670288,126.9115560567434
2018112800100509.0,2018년 11월 28일 19시,수요일,서울특별시 송파구 방이동,부상신고사고,0.0,0.0,0.0,1.0,차대사람 - 기타,안전운전불이행,건조,맑음,단일로 - 기타,자전거,남,61세,상해없음,보행자,남,4세,부상신고,37.63399491061447,126.93186310553732
2018112800100574.0,2018년 11월 28일 21시,수요일,서울특별시 강서구 염창동,경상사고,0.0,0.0,1.0,0.0,차대사람 - 횡단중,보행자보호의무위반,건조,맑음,교차로 - 교차로횡단보도내,이륜,남,39세,상해없음,보행자,여,11세,경상,37.5115694587472,127.11356290798996
2018112900100228.0,2018년 11월 29일 13시,목요일,서울특별시 영등포구 영등포동8가,중상사고,0.0,1.0,0.0,0.0,차대사람 - 기타,보행자보호의무위반,건조,맑음,단일로 - 기타,화물,남,65세,상해없음,보행자,남,6세,중상,37.55490515710944,126.87193869675602
2018112900100279.0,2018년 11월 29일 15시,목요일,서울특별시 성동구 응봉동,경상사고,0.0,0.0,1.0,0.0,차대사람 - 기타,보행자보호의무위반,건조,맑음,교차로 - 교차로안,승용,여,43세,기타불명,보행자,남,6세,경상,37.52708852673685,126.9065882363086
2018112900100351.0,2018년 11월 29일 17시,목요일,서울특별시 동대문구 장안동,중상사고,0.0,1.0,0.0,0.0,차대사람 - 기타,안전운전불이행,건조,맑음,단일로 - 기타,승용,남,32세,상해없음,보행자,남,6세,중상,37.549965371361225,127.03093690209424
2018113000100349.0,2018년 11월 30일 15시,금요일,서울특별시 강남구 대치동,경상사고,0.0,0.0,1.0,0.0,차대사람 - 보도통행중,기타,건조,맑음,기타 - 기타,기타불명,기타불명,미분류,기타불명,보행자,남,12세,경상,37.57098624166,127.074108560551
2018120200100133.0,2018년 12월 2일 11시,일요일,서울특별시 관악구 봉천동,중상사고,0.0,1.0,0.0,0.0,차대사람 - 횡단중,보행자보호의무위반,건조,맑음,교차로 - 교차로횡단보도내,이륜,남,23세,상해없음,보행자,남,2세,중상,37.492568838344106,127.0570880663264
2018120400100378.0,2018년 12월 4일 16시,화요일,서울특별시 강동구 고덕동,경상사고,0.0,0.0,1.0,0.0,차대사람 - 횡단중,안전운전불이행,건조,맑음,기타 - 기타,승용,남,71세,상해없음,보행자,여,9세,경상,37.48990999679625,126.92899707561249
2018120500100485.0,2018년 12월 5일 19시,수요일,서울특별시 서초구 서초동,경상사고,0.0,0.0,1.0,0.0,차대사람 - 횡단중,보행자보호의무위반,건조,맑음,단일로 - 기타,승용,남,44세,상해없음,보행자,남,5세,경상,37.558385485291,127.14501222955252
2018120600100382.0,2018년 12월 6일 16시,목요일,서울특별시 영등포구 대림동,경상사고,0.0,0.0,1.0,0.0,차대사람 - 횡단중,신호위반,건조,맑음,교차로 - 교차로안,이륜,남,58세,상해없음,보행자,남,8세,경상,37.49580403659469,127.02669420024591
2018120700100324.0,2018년 12월 7일 14시,금요일,서울특별시 마포구 성산동,중상사고,0.0,1.0,0.0,0.0,차대사람 - 기타,안전운전불이행,건조,맑음,교차로 - 교차로부근,승용,남,42세,상해없음,보행자,남,11세,중상,37.49005892142878,126.90439270180369
2018120700100327.0,2018년 12월 7일 14시,금요일,서울특별시 중랑구 면목동,경상사고,0.0,0.0,1.0,0.0,차대사람 - 기타,안전운전불이행,건조,맑음,교차로 - 교차로부근,기타불명,기타불명,미분류,기타불명,보행자,남,8세,경상,37.56739418305675,126.90428701311085