사고번호,사고일시,요일,시군구,사고내용,사망자수,중상자수,경상자수,부상신고자수,사고유형,법규위반,노면상태,기상상태,도로형태,가해운전자 차종,가해운전자 성별,가해운전자 연령,가해운전자 상해정도,피해운전자 차종,피해운전자 성별,피해운전자 연령,피해운전자 상해정도,lat(위도),lon(경도)
2018120700100511.0,2018년 12월 7일 18시,금요일,서울특별시 구로구 궁동,중상사고,0.0,1.0,0.0,0.0,차대사람 - 횡단중,기타,건조,맑음,교차로 - 교차로부근,승용,남,20세,상해없음,보행자,남,9세,중상,37.59058284488228,127.08715901424748
2018120900100223.0,2018년 12월 9일 16시,일요일,서울특별시 강남구 개포동,경상사고,0.0,0.0,1.0,0.0,차대사람 - 기타,안전운전불이행,건조,맑음,단일로 - 기타,이륜,남,58세,상해없음,보행자,남,7세,경상,37.493622678278406,126.83412604590852
2018121000100352.0,2018년 12월 10일 16시,월요일,서울특별시 도봉구 도봉동,경상사고,0.0,0.0,1.0,0.0,차대사람 - 기타,보행자보호의무위반,기타,맑음,교차로 - 교차로부근,승용,남,36세,상해없음,보행자,남,3세,경상,37.47252942943064,127.05174397197348
2018121100100347.0,2018년 12월 11일 16시,화요일,서울특별시 서대문구 남가좌동,중상사고,0.0,2.0,0.0,0.0,차대사람 - 기타,기타,건조,맑음,단일로 - 기타,화물,남,65세,상해없음,보행자,여,5세,중상,37.66938932671615,127.04607229257807
2018121200100271.0,2018년 12월 12일 13시,수요일,서울특별시 서초구 양재동,경상사고,0.0,0.0,1.0,0.0,차대사람 - 횡단중,신호위반,건조,맑음,단일로 - 기타,승용,남,72세,상해없음,보행자,남,8세,경상,37.579360920532416,126.921791245463
2018121200100273.0,2018년 12월 12일 13시,수요일,서울특별시 노원구 중계동,경상사고,0.0,0.0,1.0,0.0,차대사람 - 횡단중,안전운전불이행,건조,맑음,교차로 - 교차로부근,승용,남,47세,상해없음,보행자,남,12세,경상,37.474581379824286,127.03232451184827
2018121200100328.0,2018년 12월 12일 15시,수요일,서울특별시 서초구 방배동,경상사고,0.0,0.0,1.0,0.0,차대사람 - 횡단중,기타,건조,맑음,미분류 - 미분류,화물,남,58세,상해없음,보행자,남,9세,경상,37.65981773587362,127.07526823691362
2018121200100412.0,2018년 12월 12일 17시,수요일,서울특별시 서대문구 영천동,경상사고,0.0,0.0,1.0,0.0,차대사람 - 횡단중,안전운전불이행,건조,맑음,단일로 - 기타,기타불명,기타불명,미분류,기타불명,보행자,여,11세,경상,37.49396672484996,126.98398991973202
2018121300100203.0,2018년 12월 13일 10시,목요일,서울특별시 광진구 능동,경상사고,0.0,0.0,1.0,0.0,차대사람 - 차도통행중,신호위반,젖음/습기,맑음,단일로 - 기타,개인형이동수단(PM),여,21세,상해없음,보행자,여,4세,경상,37.5705992507591,126.9597151801653
2018121300100393.0,2018년 12월 13일 16시,목요일,서울특별시 서대문구 홍제동,경상사고,0.0,0.0,1.0,0.0,차대사람 - 기타,안전운전불이행,건조,맑음,단일로 - 기타,승용,여,52세,상해없음,보행자,남,12세,경상,37.552996936434695,127.08469458220584
2018121300100430.0,2018년 12월 13일 17시,목요일,서울특별시 동작구 대방동,경상사고,0.0,0.0,1.0,1.0,차대사람 - 기타,중앙선침범,건조,맑음,교차로 - 교차로부근,승용,남,61세,경상,보행자,여,11세,부상신고,37.58662222327666,126.94740079894537
2018121300100529.0,2018년 12월 13일 19시,목요일,서울특별시 노원구 중계동,부상신고사고,0.0,0.0,0.0,1.0,차대사람 - 횡단중,보행자보호의무위반,건조,맑음,교차로 - 교차로횡단보도내,승용,남,74세,상해없음,보행자,남,8세,부상신고,37.50948342436282,126.9244578742658
2018121700100419.0,2018년 12월 17일 15시,월요일,서울특별시 마포구 동교동,경상사고,0.0,0.0,1.0,0.0,차대사람 - 차도통행중,안전운전불이행,건조,맑음,단일로 - 기타,이륜,남,22세,상해없음,보행자,여,7세,경상,37.64138394092794,127.06742750528682
2018121700100420.0,2018년 12월 17일 15시,월요일,서울특별시 관악구 신림동,중상사고,0.0,1.0,0.0,0.0,차대사람 - 기타,안전운전불이행,건조,맑음,기타 - 기타,승용,여,71세,상해없음,보행자,남,8세,중상,37.55675031137326,126.92447946799888
2018121800100392.0,2018년 12월 18일 16시,화요일,서울특별시 광진구 중곡동,경상사고,0.0,0.0,1.0,0.0,차대사람 - 기타,안전운전불이행,건조,맑음,단일로 - 기타,승용,남,35세,상해없음,보행자,남,12세,경상,37.48126252590647,126.92828246277854
2018121800100435.0,2018년 12월 18일 17시,화요일,서울특별시 관악구 봉천동,경상사고,0.0,0.0,1.0,0.0,차대사람 - 차도통행중,안전운전불이행,건조,맑음,교차로 - 교차로부근,승합,남,56세,상해없음,보행자,남,5세,경상,37.56470355928348,127.07905859309524
2018121800100480.0,2018년 12월 18일 18시,화요일,서울특별시 양천구 목동,중상사고,0.0,1.0,0.0,0.0,차대사람 - 기타,신호위반,건조,맑음,단일로 - 기타,승용,남,80세,상해없음,보행자,남,10세,중상,37.47959006764688,126.96375290529842
2018121900100463.0,2018년 12월 19일 18시,수요일,서울특별시 용산구 이촌동,경상사고,0.0,0.0,2.0,0.0,차대사람 - 기타,안전운전불이행,건조,기타,교차로 - 교차로부근,승용,여,64세,상해없음,보행자,여,75세,경상,37.54208599984749,126.88008321551747
2018122000100305.0,2018년 12월 20일 15시,목요일,서울특별시 노원구 상계동,경상사고,0.0,0.0,1.0,0.0,차대사람 - 기타,안전운전불이행,건조,맑음,단일로 - 기타,승용,남,59세,상해없음,보행자,남,12세,경상,37.52229202122643,126.97079197936692
2018122000100400.0,2018년 12월 20일 18시,목요일,서울특별시 마포구 용강동,경상사고,0.0,0.0,2.0,0.0,차대차 - 기타,기타,기타,기타,기타 - 기타,승용,남,64세,상해없음,승용,여,51세,상해없음,37.6589601049236,127.06256380421476
2018122100100422.0,2018년 12월 21일 17시,금요일,서울특별시 은평구 갈현동,경상사고,0.0,0.0,1.0,0.0,차대사람 - 기타,안전운전불이행,건조,맑음,단일로 - 기타,승용,남,56세,상해없음,보행자,여,12세,경상,37.540916230561486,126.94192007180489
2018122300100167.0,2018년 12월 23일 12시,일요일,서울특별시 성동구 성수동2가,경상사고,0.0,0.0,1.0,0.0,차대사람 - 횡단중,안전운전불이행,건조,맑음,교차로 - 교차로횡단보도내,승용,남,54세,상해없음,보행자,여,10세,경상,37.61844121535719,126.91593641324644
2018122600100002.0,2018년 12월 26일 00시,수요일,서울특별시 강서구 등촌동,경상사고,0.0,0.0,1.0,0.0,차대사람 - 횡단중,신호위반,건조,맑음,교차로 - 교차로횡단보도내,승용,여,67세,상해없음,보행자,남,7세,경상,37.546436028602514,127.05765254123811
2018122600100347.0,2018년 12월 26일 16시,수요일,서울특별시 은평구 구산동,경상사고,0.0,0.0,1.0,1.0,차대사람 - 횡단중,기타,건조,맑음,단일로 - 기타,자전거,남,71세,부상신고,보행자,남,5세,경상,37.54238210479631,126.86289744163422
2018122600100381.0,2018년 12월 26일 17시,수요일,서울특별시 광진구 중곡동,경상사고,0.0,0.0,1.0,0.0,차대사람 - 차도통행중,안전운전불이행,건조,맑음,교차로 - 교차로부근,기타불명,기타불명,미분류,기타불명,보행자,여,12세,경상,37.61096200984633,126.91449933398695
2018122700100222.0,2018년 12월 27일 12시,목요일,서울특별시 강동구 천호동,중상사고,0.0,1.0,0.0,1.0,차대사람 - 횡단중,보행자보호의무위반,건조,맑음,교차로 - 교차로횡단보도내,화물,남,62세,상해없음,보행자,여,32세,중상,37.56837567253044,127.0826162313646
2018122800100095.0,2018년 12월 28일 08시,금요일,서울특별시 동작구 상도동,경상사고,0.0,0.0,1.0,0.0,차대사람 - 횡단중,보행자보호의무위반,건조,맑음,교차로 - 교차로횡단보도내,기타불명,기타불명,미분류,기타불명,보행자,여,9세,경상,37.53729560525633,127.13090680913996
2018122800100324.0,2018년 12월 28일 15시,금요일,서울특별시 동대문구 휘경동,경상사고,0.0,0.0,1.0,0.0,차대사람 - 횡단중,신호위반,건조,맑음,교차로 - 교차로횡단보도내,화물,남,63세,상해없음,보행자,여,8세,경상,37.50498736113363,126.95327545823456
2018122800100368.0,2018년 12월 28일 16시,금요일,서울특별시 동작구 사당동,부상신고사고,0.0,0.0,0.0,1.0,차대사람 - 횡단중,보행자보호의무위반,건조,맑음,교차로 - 교차로횡단보도내,화물,남,42세,기타불명,보행자,남,11세,부상신고,37.59143116117149,127.0673203418541
2018122900100262.0,2018년 12월 29일 15시,토요일,서울특별시 노원구 공릉동,중상사고,0.0,1.0,0.0,0.0,차대사람 - 횡단중,보행자보호의무위반,건조,맑음,교차로 - 교차로횡단보도내,승용,남,27세,상해없음,보행자,여,12세,중상,37.48379786317367,126.9774882189735
2018123100100479.0,2018년 12월 31일 19시,월요일,서울특별시 서대문구 홍은동,경상사고,0.0,0.0,1.0,0.0,차대사람 - 기타,기타,건조,맑음,단일로 - 기타,승합,남,70세,상해없음,보행자,남,9세,경상,37.63109215309183,127.0678384970422
2019010100100235.0,2019년 1월 1일 17시,화요일,서울특별시 마포구 동교동,경상사고,0.0,0.0,1.0,0.0,차대사람 - 횡단중,보행자보호의무위반,건조,맑음,기타 - 기타,승용,남,30세,상해없음,보행자,여,8세,경상,37.587114231501694,126.93330697122644
2019010700100211.0,2019년 1월 7일 12시,월요일,서울특별시 광진구 구의동,경상사고,0.0,0.0,1.0,0.0,차대사람 - 기타,보행자보호의무위반,건조,맑음,교차로 - 교차로횡단보도내,승용,남,67세,상해없음,보행자,남,8세,경상,37.5604709636153,126.92408853021551
2019010700100334.0,2019년 1월 7일 16시,월요일,서울특별시 성동구 용답동,경상사고,0.0,0.0,1.0,0.0,차대사람 - 길가장자리구역통행중,안전운전불이행,건조,맑음,단일로 - 기타,승합,남,58세,상해없음,보행자,남,8세,경상,37.54859572104232,127.0891001336228
2019010700100363.0,2019년 1월 7일 17시,월요일,서울특별시 양천구 신월동,부상신고사고,0.0,0.0,0.0,1.0,차대사람 - 길가장자리구역통행중,안전운전불이행,건조,맑음,교차로 - 교차로부근,승용,남,53세,상해없음,보행자,여,4세,부상신고,37.56509470889071,127.05068035307151
2019010900100257.0,2019년 1월 9일 14시,수요일,서울특별시 강동구 강일동,경상사고,0.0,0.0,1.0,0.0,차대사람 - 기타,보행자보호의무위반,건조,맑음,교차로 - 교차로안,화물,남,28세,상해없음,보행자,여,7세,경상,37.522282753773936,126.83362244531948
2019011000100232.0,2019년 1월 10일 14시,목요일,서울특별시 영등포구 대림동,중상사고,0.0,1.0,0.0,0.0,차대사람 - 기타,안전운전불이행,건조,맑음,단일로 - 기타,승용,남,36세,상해없음,보행자,남,9세,중상,37.56593031180106,127.17328492674292
2019011200100395.0,2019년 1월 12일 18시,토요일,서울특별시 성북구 보문동4가,중상사고,0.0,1.0,0.0,0.0,차대사람 - 횡단중,신호위반,건조,맑음,교차로 - 교차로횡단보도내,이륜,남,23세,상해없음,보행자,여,11세,중상,37.49277890388577,126.90041181975496
2019011500100231.0,2019년 1월 15일 13시,화요일,서울특별시 마포구 용강동,중상사고,0.0,1.0,0.0,0.0,차대사람 - 횡단중,신호위반,건조,맑음,교차로 - 교차로부근,승용,남,27세,상해없음,보행자,남,7세,중상,37.58208658105584,127.02124442580264
2019011500100423.0,2019년 1월 15일 19시,화요일,서울특별시 강동구 상일동,중상사고,0.0,1.0,0.0,0.0,차대사람 - 보도통행중,안전운전불이행,건조,맑음,기타 - 기타,자전거,남,11세,상해없음,보행자,남,8세,중상,37.54148245968396,126.94540229228936
2019011600100202.0,2019년 1월 16일 12시,수요일,서울특별시 구로구 개봉동,중상사고,0.0,1.0,0.0,0.0,차대사람 - 기타,신호위반,건조,맑음,단일로 - 기타,화물,남,43세,상해없음,보행자,남,12세,중상,37.554774097249954,127.17420540989308
2019011600100234.0,2019년 1월 16일 13시,수요일,서울특별시 강서구 화곡동,경상사고,0.0,0.0,1.0,0.0,차대사람 - 횡단중,신호위반,건조,맑음,단일로 - 기타,원동기,남,17세,상해없음,보행자,남,5세,경상,37.50158661744588,126.84631919293962
2019012000100295.0,2019년 1월 20일 17시,일요일,서울특별시 노원구 중계동,경상사고,0.0,0.0,1.0,0.0,차대사람 - 횡단중,안전운전불이행,건조,맑음,교차로 - 교차로부근,승합,남,55세,상해없음,보행자,남,9세,경상,37.545635588909256,126.84471216298262
2019012100100221.0,2019년 1월 21일 12시,월요일,서울특별시 성북구 상월곡동,경상사고,0.0,0.0,1.0,0.0,차대사람 - 차도통행중,안전운전불이행,건조,맑음,단일로 - 기타,승용,남,50세,상해없음,보행자,남,7세,경상,37.64633865346998,127.07413209777847
2019012100100380.0,2019년 1월 21일 18시,월요일,서울특별시 영등포구 문래동3가,경상사고,0.0,0.0,1.0,0.0,차대사람 - 기타,보행자보호의무위반,건조,맑음,교차로 - 교차로안,승용,남,36세,상해없음,보행자,남,9세,경상,37.608419789114144,127.04998931663768
2019012200100405.0,2019년 1월 22일 17시,화요일,서울특별시 성동구 금호동2가,중상사고,0.0,1.0,0.0,0.0,차대사람 - 기타,기타,건조,맑음,단일로 - 기타,승용,남,70세,상해없음,보행자,여,9세,중상,37.51916196417428,126.89519900247882
2019012300100446.0,2019년 1월 23일 19시,수요일,서울특별시 영등포구 대림동,중상사고,0.0,1.0,0.0,0.0,차대사람 - 횡단중,안전운전불이행,건조,맑음,교차로 - 교차로안,승용,남,48세,상해없음,보행자,남,10세,중상,37.553731963082825,127.01946725461812
2019012400100286.0,2019년 1월 24일 14시,목요일,서울특별시 강남구 대치동,경상사고,0.0,0.0,1.0,1.0,차대사람 - 기타,안전운전불이행,건조,맑음,단일로 - 기타,승용,여,46세,상해없음,보행자,여,56세,경상,37.48887016103191,126.89925534112628
2019012400100383.0,2019년 1월 24일 17시,목요일,서울특별시 동작구 상도동,중상사고,0.0,1.0,0.0,0.0,차대사람 - 차도통행중,보행자보호의무위반,건조,맑음,단일로 - 기타,승용,여,63세,상해없음,보행자,남,9세,중상,37.49711325315116,127.05271705030628
2019012400100529.0,2019년 1월 24일 21시,목요일,서울특별시 마포구 신수동,경상사고,0.0,0.0,2.0,0.0,차대사람 - 기타,안전운전불이행,건조,맑음,단일로 - 기타,승용,남,55세,상해없음,보행자,여,45세,경상,37.495881154092544,126.94118066770466
2019012400100530.0,2019년 1월 24일 21시,목요일,서울특별시 중랑구 신내동,경상사고,0.0,0.0,1.0,0.0,차대사람 - 기타,안전운전불이행,건조,맑음,단일로 - 기타,이륜,남,54세,상해없음,보행자,여,1세,경상,37.5513408366644,126.93727994507849
2019012500100216.0,2019년 1월 25일 12시,금요일,서울특별시 중랑구 신내동,경상사고,0.0,0.0,1.0,0.0,차대사람 - 횡단중,안전운전불이행,건조,맑음,단일로 - 기타,승용,여,58세,상해없음,보행자,남,8세,경상,37.60049171689991,127.09586128410888
2019012500100273.0,2019년 1월 25일 14시,금요일,서울특별시 금천구 독산동,경상사고,0.0,0.0,1.0,0.0,차대사람 - 차도통행중,안전운전불이행,건조,맑음,교차로 - 교차로부근,화물,남,67세,상해없음,보행자,여,12세,경상,37.60348335166032,127.0956185189922
2019012600100020.0,2019년 1월 26일 00시,토요일,서울특별시 강서구 마곡동,경상사고,0.0,0.0,1.0,0.0,차대사람 - 횡단중,보행자보호의무위반,건조,맑음,단일로 - 기타,승용,남,58세,상해없음,보행자,남,9세,경상,37.475917336540576,126.90096501679145
2019012600100212.0,2019년 1월 26일 12시,토요일,서울특별시 동대문구 제기동,중상사고,0.0,1.0,0.0,0.0,차대사람 - 기타,안전운전불이행,건조,맑음,교차로 - 교차로안,승용,남,46세,상해없음,보행자,남,11세,중상,37.57303883365448,126.82278603184636
2019012600100218.0,2019년 1월 26일 12시,토요일,서울특별시 강남구 대치동,부상신고사고,0.0,0.0,0.0,1.0,차대사람 - 보도통행중,기타,건조,맑음,단일로 - 기타,원동기,남,17세,상해없음,보행자,남,8세,부상신고,37.59043138254839,127.03894048510382
2019012700100197.0,2019년 1월 27일 14시,일요일,서울특별시 강동구 성내동,경상사고,0.0,0.0,2.0,0.0,차대사람 - 기타,안전운전불이행,건조,맑음,주차장 - 주차장,승용,남,37세,상해없음,보행자,남,5세,경상,37.50164732712519,127.05040464793797
2019012700100252.0,2019년 1월 27일 16시,일요일,서울특별시 양천구 신월동,경상사고,0.0,0.0,1.0,0.0,차대사람 - 길가장자리구역통행중,안전운전불이행,건조,맑음,단일로 - 기타,기타불명,기타불명,미분류,기타불명,보행자,여,12세,경상,37.53720296530836,127.12723989550364
2019012800100139.0,2019년 1월 28일 08시,월요일,서울특별시 서대문구 북가좌동,중상사고,0.0,2.0,1.0,0.0,차대사람 - 횡단중,안전운전불이행,건조,맑음,교차로 - 교차로안,승용,여,44세,상해없음,보행자,여,12세,중상,37.522119251782414,126.8414323738156
2019012800100350.0,2019년 1월 28일 13시,월요일,서울특별시 서초구 반포동,경상사고,0.0,0.0,1.0,0.0,차대사람 - 횡단중,안전운전불이행,건조,맑음,단일로 - 기타,승용,남,83세,상해없음,보행자,남,8세,경상,37.5857836604983,126.91552342572068
2019012900100288.0,2019년 1월 29일 15시,화요일,서울특별시 구로구 가리봉동,중상사고,0.0,1.0,0.0,0.0,차대사람 - 기타,안전운전불이행,건조,맑음,단일로 - 기타,승용,여,37세,상해없음,보행자,남,12세,중상,37.50254375313473,126.9893162426522
2019012900100289.0,2019년 1월 29일 15시,화요일,서울특별시 구로구 구로동,중상사고,0.0,1.0,0.0,0.0,차대사람 - 차도통행중,보행자보호의무위반,건조,기타,단일로 - 기타,화물,남,34세,상해없음,보행자,남,5세,중상,37.484585803597,126.88814831673376
2019012900100395.0,2019년 1월 29일 17시,화요일,서울특별시 마포구 성산동,경상사고,0.0,0.0,1.0,0.0,차대사람 - 기타,안전운전불이행,건조,맑음,기타 - 기타,승용,여,62세,상해없음,보행자,남,5세,경상,37.49060828896131,126.88322376507392
2019013000100272.0,2019년 1월 30일 14시,수요일,서울특별시 동작구 사당동,중상사고,0.0,1.0,0.0,0.0,차대사람 - 차도통행중,안전운전불이행,건조,맑음,단일로 - 기타,승용,남,48세,상해없음,보행자,남,12세,중상,37.56294054155101,126.91127470291042
2019013100100129.0,2019년 1월 31일 08시,목요일,서울특별시 중랑구 묵동,중상사고,0.0,1.0,0.0,0.0,차대사람 - 횡단중,보행자보호의무위반,건조,맑음,교차로 - 교차로횡단보도내,승용,여,31세,상해없음,보행자,여,9세,중상,37.48424003682733,126.97964553824434
2019013100100293.0,2019년 1월 31일 14시,목요일,서울특별시 양천구 신정동,경상사고,0.0,0.0,1.0,0.0,차대사람 - 기타,안전운전불이행,건조,흐림,교차로 - 교차로안,화물,남,50세,상해없음,보행자,남,10세,경상,37.60938023043264,127.07317593655912
2019013100100480.0,2019년 1월 31일 19시,목요일,서울특별시 성동구 응봉동,중상사고,0.0,1.0,0.0,0.0,차대사람 - 횡단중,보행자보호의무위반,건조,맑음,교차로 - 교차로횡단보도내,승용,남,62세,상해없음,보행자,남,10세,중상,37.52256292423937,126.85651363920236
2019020100100124.0,2019년 2월 1일 08시,금요일,서울특별시 은평구 녹번동,중상사고,0.0,1.0,0.0,0.0,차대사람 - 보도통행중,신호위반,건조,맑음,교차로 - 교차로횡단보도내,승용,남,60세,상해없음,보행자,여,11세,중상,37.54985433149378,127.03021305908658
2019020100100126.0,2019년 2월 1일 08시,금요일,서울특별시 마포구 성산동,부상신고사고,0.0,0.0,0.0,1.0,차대사람 - 기타,안전운전불이행,건조,맑음,단일로 - 기타,승용,남,37세,상해없음,보행자,남,10세,부상신고,37.60256558626874,126.92633582424052
2019020100100418.0,2019년 2월 1일 16시,금요일,서울특별시 노원구 중계동,경상사고,0.0,0.0,1.0,0.0,차대사람 - 기타,안전운전불이행,건조,맑음,단일로 - 기타,승용,남,64세,상해없음,보행자,남,8세,경상,37.56737658800265,126.909756409905
2019020100100450.0,2019년 2월 1일 17시,금요일,서울특별시 송파구 문정동,부상신고사고,0.0,0.0,0.0,1.0,차대사람 - 횡단중,보행자보호의무위반,건조,맑음,교차로 - 교차로횡단보도내,기타불명,기타불명,미분류,기타불명,보행자,여,11세,부상신고,37.6496517379343,127.07808080459026
2019020100100495.0,2019년 2월 1일 18시,금요일,서울특별시 용산구 원효로3가,경상사고,0.0,0.0,1.0,0.0,차대사람 - 기타,안전운전불이행,건조,맑음,단일로 - 지하차도(도로)내,승용,남,63세,상해없음,보행자,여,6세,경상,37.47920458966417,127.12570723072956
2019020200100263.0,2019년 2월 2일 13시,토요일,서울특별시 광진구 구의동,중상사고,0.0,1.0,0.0,0.0,차대사람 - 횡단중,기타,건조,맑음,교차로 - 교차로부근,승용,남,30세,상해없음,보행자,여,8세,중상,37.53435535494818,126.95759986982604
2019020200100295.0,2019년 2월 2일 14시,토요일,서울특별시 노원구 중계동,경상사고,0.0,0.0,1.0,0.0,차대사람 - 횡단중,안전운전불이행,건조,맑음,단일로 - 고가도로위,기타불명,기타불명,미분류,기타불명,보행자,남,12세,경상,37.54743000050893,127.08824616880304
2019020200100374.0,2019년 2월 2일 16시,토요일,서울특별시 도봉구 도봉동,경상사고,0.0,0.0,1.0,0.0,차대사람 - 횡단중,안전운전불이행,기타,맑음,단일로 - 기타,개인형이동수단(PM),남,26세,상해없음,보행자,여,5세,경상,37.64916655672574,127.08104224490532
2019020300100308.0,2019년 2월 3일 16시,일요일,서울특별시 구로구 신도림동,중상사고,0.0,1.0,1.0,0.0,차대사람 - 기타,안전운전불이행,젖음/습기,비,주차장 - 주차장,화물,남,50세,상해없음,보행자,남,46세,중상,37.67886050876197,127.05030130132172
2019020700100332.0,2019년 2월 7일 16시,목요일,서울특별시 송파구 거여동,경상사고,0.0,0.0,1.0,0.0,차대사람 - 기타,안전운전불이행,건조,맑음,단일로 - 기타,승용,남,45세,상해없음,보행자,남,7세,경상,37.50587129468891,126.88209124998365
2019020800100337.0,2019년 2월 8일 17시,금요일,서울특별시 강북구 수유동,중상사고,0.0,1.0,0.0,0.0,차대사람 - 길가장자리구역통행중,안전운전불이행,건조,흐림,단일로 - 기타,화물,남,49세,상해없음,보행자,여,10세,중상,37.49816587924958,127.14206193165111
2019021000100100.0,2019년 2월 10일 09시,일요일,서울특별시 은평구 녹번동,경상사고,0.0,0.0,1.0,0.0,차대사람 - 보도통행중,안전운전불이행,건조,맑음,단일로 - 기타,승용,남,36세,상해없음,보행자,남,7세,경상,37.63172050419997,127.01389953026802
2019021200100092.0,2019년 2월 12일 08시,화요일,서울특별시 강북구 미아동,경상사고,0.0,0.0,1.0,0.0,차대사람 - 횡단중,신호위반,건조,맑음,교차로 - 교차로횡단보도내,승용,여,45세,상해없음,보행자,여,10세,경상,37.603198917529234,126.92868738274214
2019021300100236.0,2019년 2월 13일 13시,수요일,서울특별시 강북구 미아동,경상사고,0.0,0.0,1.0,0.0,차대사람 - 횡단중,신호위반,건조,맑음,교차로 - 교차로안,승용,남,51세,상해없음,보행자,여,12세,경상,37.61991901142753,127.0153701574262
2019021300100318.0,2019년 2월 13일 15시,수요일,서울특별시 노원구 중계동,경상사고,0.0,0.0,1.0,0.0,차대사람 - 보도통행중,기타,건조,맑음,교차로 - 교차로부근,자전거,여,57세,상해없음,보행자,남,4세,경상,37.62503554568116,127.012435870297
2019021300100345.0,2019년 2월 13일 16시,수요일,서울특별시 강남구 개포동,부상신고사고,0.0,0.0,0.0,1.0,차대사람 - 기타,보행자보호의무위반,건조,맑음,단일로 - 기타,화물,남,63세,상해없음,보행자,여,10세,부상신고,37.64026896453015,127.06326282249027
2019021400100331.0,2019년 2월 14일 16시,목요일,서울특별시 동작구 대방동,부상신고사고,0.0,0.0,0.0,1.0,차대사람 - 횡단중,보행자보호의무위반,건조,맑음,교차로 - 교차로안,승용,남,69세,상해없음,보행자,여,3세,부상신고,37.48070932075807,127.05293926517798
2019021500100266.0,2019년 2월 15일 11시,금요일,서울특별시 서초구 잠원동,중상사고,0.0,1.0,0.0,0.0,차대사람 - 횡단중,신호위반,건조,흐림,교차로 - 교차로부근,화물,남,35세,상해없음,보행자,여,10세,중상,37.50563318928904,126.92415932293986
2019021500100393.0,2019년 2월 15일 15시,금요일,서울특별시 도봉구 쌍문동,경상사고,0.0,0.0,1.0,0.0,차대사람 - 횡단중,신호위반,젖음/습기,눈,교차로 - 교차로횡단보도내,승용,남,40세,상해없음,보행자,남,8세,경상,37.51253017226598,127.00613058187668
2019021800100155.0,2019년 2월 18일 09시,월요일,서울특별시 송파구 풍납동,경상사고,0.0,0.0,1.0,0.0,차대사람 - 기타,안전운전불이행,건조,맑음,단일로 - 기타,승용,남,71세,상해없음,보행자,남,3세,경상,37.657893449223366,127.03125640587211
2019021800100400.0,2019년 2월 18일 18시,월요일,서울특별시 중랑구 상봉동,중상사고,0.0,1.0,0.0,0.0,차대사람 - 횡단중,신호위반,건조,맑음,교차로 - 교차로부근,화물,남,58세,상해없음,보행자,여,10세,중상,37.53690878221487,127.11978214044592
2019021800100443.0,2019년 2월 18일 19시,월요일,서울특별시 중랑구 묵동,경상사고,0.0,0.0,1.0,0.0,차대사람 - 보도통행중,기타,건조,맑음,단일로 - 기타,자전거,남,58세,상해없음,보행자,여,7세,경상,37.59654531640623,127.0858913207053
2019021900100368.0,2019년 2월 19일 17시,화요일,서울특별시 노원구 중계동,중상사고,0.0,1.0,0.0,0.0,차대사람 - 횡단중,신호위반,젖음/습기,맑음,교차로 - 교차로안,승용,남,67세,상해없음,보행자,남,8세,중상,37.60966835018733,127.07810283943512
2019022200100126.0,2019년 2월 22일 08시,금요일,서울특별시 강서구 화곡동,경상사고,0.0,0.0,2.0,0.0,차대사람 - 횡단중,보행자보호의무위반,건조,맑음,교차로 - 교차로횡단보도내,화물,남,62세,상해없음,보행자,여,38세,경상,37.65687445256548,127.07390186945672
2019022200100261.0,2019년 2월 22일 13시,금요일,서울특별시 도봉구 창동,경상사고,0.0,0.0,1.0,0.0,차대사람 - 길가장자리구역통행중,안전운전불이행,기타,맑음,단일로 - 기타,승용,여,46세,상해없음,보행자,여,7세,경상,37.54796117857937,126.83346183215218
2019022400100321.0,2019년 2월 24일 18시,일요일,서울특별시 용산구 갈월동,중상사고,0.0,1.0,0.0,0.0,차대사람 - 기타,안전운전불이행,건조,맑음,기타 - 기타,이륜,남,39세,상해없음,보행자,여,6세,중상,37.64639210225212,127.03573822728524
2019022500100229.0,2019년 2월 25일 12시,월요일,서울특별시 동대문구 장안동,중상사고,0.0,2.0,0.0,0.0,차대사람 - 기타,안전운전불이행,건조,맑음,교차로 - 교차로안,이륜,남,57세,중상,보행자,남,12세,중상,37.54571349398082,126.97378480437708
2019022600100217.0,2019년 2월 26일 12시,화요일,서울특별시 마포구 상암동,경상사고,0.0,0.0,1.0,0.0,차대사람 - 보도통행중,신호위반,건조,맑음,단일로 - 교량,화물,남,27세,상해없음,보행자,남,10세,경상,37.5705532351308,127.07400910958448