사고번호,사고일시,요일,시군구,사고내용,사망자수,중상자수,경상자수,부상신고자수,사고유형,법규위반,노면상태,기상상태,도로형태,가해운전자 차종,가해운전자 성별,가해운전자 연령,가해운전자 상해정도,피해운전자 차종,피해운전자 성별,피해운전자 연령,피해운전자 상해정도,lat(위도),lon(경도)
2019022600100386.0,2019년 2월 26일 17시,화요일,서울특별시 서초구 서초동,경상사고,0.0,0.0,1.0,0.0,차대사람 - 기타,안전운전불이행,건조,맑음,주차장 - 주차장,승용,여,40세,상해없음,보행자,남,9세,경상,37.581284335816925,126.87816142587816
2019022700100410.0,2019년 2월 27일 18시,수요일,서울특별시 은평구 대조동,중상사고,0.0,1.0,0.0,0.0,차대사람 - 보도통행중,기타,건조,맑음,기타 - 기타,자전거,남,60세,상해없음,보행자,여,5세,중상,37.49970136598397,127.02307195906184
2019022800100405.0,2019년 2월 28일 17시,목요일,서울특별시 강북구 번동,경상사고,0.0,0.0,1.0,0.0,차대사람 - 횡단중,보행자보호의무위반,건조,흐림,교차로 - 교차로횡단보도내,승용,남,55세,상해없음,보행자,여,9세,경상,37.60984890555919,126.92829661830405
2019030400100390.0,2019년 3월 4일 18시,월요일,서울특별시 동작구 흑석동,부상신고사고,0.0,0.0,0.0,1.0,차대사람 - 차도통행중,안전운전불이행,건조,맑음,단일로 - 기타,이륜,남,16세,상해없음,보행자,남,12세,부상신고,37.627585234630025,127.04138559282056
2019030500100313.0,2019년 3월 5일 15시,화요일,서울특별시 영등포구 문래동3가,경상사고,0.0,0.0,1.0,0.0,차대사람 - 기타,보행자보호의무위반,건조,맑음,교차로 - 교차로안,자전거,남,73세,상해없음,보행자,여,11세,경상,37.50839208720613,126.9625738752397
2019030500100316.0,2019년 3월 5일 15시,화요일,서울특별시 성북구 장위동,경상사고,0.0,0.0,1.0,0.0,차대사람 - 차도통행중,기타,건조,맑음,단일로 - 기타,승용,남,59세,상해없음,보행자,남,9세,상해없음,37.51986397167638,126.88973886991064
2019030600100456.0,2019년 3월 6일 19시,수요일,서울특별시 강동구 천호동,경상사고,0.0,0.0,1.0,0.0,차대사람 - 기타,안전운전불이행,건조,맑음,주차장 - 주차장,승용,여,43세,상해없음,보행자,여,12세,경상,37.60897532228449,127.04912489836414
2019030700100114.0,2019년 3월 7일 08시,목요일,서울특별시 노원구 중계동,경상사고,0.0,0.0,1.0,0.0,차대사람 - 차도통행중,안전운전불이행,건조,맑음,교차로 - 교차로안,승용,남,57세,상해없음,보행자,여,7세,경상,37.54133198339262,127.12464977537938
2019030700100271.0,2019년 3월 7일 13시,목요일,서울특별시 노원구 상계동,경상사고,0.0,0.0,1.0,0.0,차대사람 - 횡단중,보행자보호의무위반,건조,맑음,기타 - 기타,자전거,여,71세,상해없음,보행자,여,7세,경상,37.64080608377832,127.06961845753106
2019030700100395.0,2019년 3월 7일 17시,목요일,서울특별시 광진구 자양동,경상사고,0.0,0.0,1.0,0.0,차대사람 - 기타,안전운전불이행,건조,맑음,기타 - 기타,화물,남,66세,상해없음,보행자,남,8세,경상,37.666660178461576,127.08067180372956
2019030700100483.0,2019년 3월 7일 19시,목요일,서울특별시 구로구 고척동,부상신고사고,0.0,0.0,0.0,1.0,차대사람 - 기타,안전운전불이행,건조,맑음,단일로 - 기타,승용,남,58세,상해없음,보행자,남,8세,부상신고,37.534471827743374,127.07393146522772
2019030800100438.0,2019년 3월 8일 16시,금요일,서울특별시 양천구 신정동,경상사고,0.0,0.0,1.0,0.0,차대사람 - 횡단중,신호위반,건조,맑음,단일로 - 기타,승용,남,59세,상해없음,보행자,여,4세,경상,37.50296216062451,126.8522242881932
2019030800100633.0,2019년 3월 8일 20시,금요일,서울특별시 강북구 미아동,경상사고,0.0,0.0,1.0,0.0,차대사람 - 횡단중,신호위반,건조,맑음,교차로 - 교차로횡단보도내,이륜,남,19세,상해없음,보행자,남,10세,경상,37.50937603716704,126.8614695608242
2019030900100353.0,2019년 3월 9일 15시,토요일,서울특별시 송파구 방이동,경상사고,0.0,0.0,1.0,1.0,차대사람 - 기타,안전운전불이행,건조,맑음,단일로 - 기타,자전거,남,14세,경상,보행자,여,5세,부상신고,37.62168263716132,127.02797100246826
2019031000100327.0,2019년 3월 10일 18시,일요일,서울특별시 강북구 수유동,경상사고,0.0,0.0,1.0,0.0,차대사람 - 기타,안전운전불이행,건조,맑음,단일로 - 기타,승용,여,41세,상해없음,보행자,남,9세,경상,37.51422641662168,127.12127774215352
2019031100100414.0,2019년 3월 11일 18시,월요일,서울특별시 서대문구 홍은동,경상사고,0.0,0.0,1.0,0.0,차대사람 - 횡단중,보행자보호의무위반,건조,맑음,단일로 - 기타,승합,남,63세,상해없음,보행자,남,7세,경상,37.63817688060959,127.0189805734381
2019031200100343.0,2019년 3월 12일 16시,화요일,서울특별시 동작구 상도동,경상사고,0.0,0.0,1.0,0.0,차대사람 - 보도통행중,신호위반,건조,맑음,교차로 - 교차로부근,이륜,남,19세,상해없음,보행자,여,8세,경상,37.58042319733495,126.9252146559448
2019031300100100.0,2019년 3월 13일 08시,수요일,서울특별시 동대문구 답십리동,경상사고,0.0,0.0,1.0,0.0,차대사람 - 횡단중,보행자보호의무위반,건조,맑음,교차로 - 교차로횡단보도내,승용,남,60세,기타불명,보행자,여,11세,경상,37.49913009342004,126.94395082091047
2019031300100429.0,2019년 3월 13일 17시,수요일,서울특별시 강서구 화곡동,경상사고,0.0,0.0,1.0,0.0,차대사람 - 길가장자리구역통행중,안전운전불이행,건조,맑음,단일로 - 기타,승용,남,57세,상해없음,보행자,남,7세,경상,37.57324878388509,127.05222811733596
2019031300100469.0,2019년 3월 13일 18시,수요일,서울특별시 노원구 공릉동,중상사고,0.0,1.0,0.0,0.0,차대사람 - 차도통행중,안전운전불이행,건조,흐림,단일로 - 기타,이륜,남,30세,상해없음,보행자,남,11세,중상,37.53221748536968,126.85837742296538
2019031400100174.0,2019년 3월 14일 09시,목요일,서울특별시 강동구 암사동,경상사고,0.0,0.0,1.0,0.0,차대사람 - 횡단중,보행자보호의무위반,건조,맑음,교차로 - 교차로안,승용,남,59세,상해없음,보행자,여,7세,경상,37.63101830305392,127.06736292876695
2019031400100417.0,2019년 3월 14일 17시,목요일,서울특별시 중구 신당동,부상신고사고,0.0,0.0,0.0,1.0,차대사람 - 횡단중,안전운전불이행,건조,맑음,단일로 - 지하차도(도로)내,기타불명,기타불명,미분류,기타불명,보행자,여,11세,부상신고,37.55076667803907,127.1267081899682
2019031400100419.0,2019년 3월 14일 17시,목요일,서울특별시 구로구 궁동,중상사고,0.0,1.0,0.0,0.0,차대사람 - 기타,안전운전불이행,건조,기타,단일로 - 기타,승합,남,73세,상해없음,보행자,여,2세,중상,37.56193195060303,127.0166971342289
2019031400100491.0,2019년 3월 14일 19시,목요일,서울특별시 강서구 화곡동,중상사고,0.0,1.0,0.0,0.0,차대사람 - 기타,신호위반,건조,맑음,교차로 - 교차로안,이륜,남,24세,상해없음,보행자,남,6세,중상,37.49383363254304,126.8363753322407
2019031500100385.0,2019년 3월 15일 16시,금요일,서울특별시 성북구 안암동1가,경상사고,0.0,0.0,1.0,0.0,차대사람 - 횡단중,보행자보호의무위반,건조,흐림,교차로 - 교차로부근,승합,남,39세,상해없음,보행자,여,8세,경상,37.53328920759368,126.8483402040779
2019031700100325.0,2019년 3월 17일 16시,일요일,서울특별시 강동구 길동,부상신고사고,0.0,0.0,0.0,1.0,차대사람 - 기타,안전운전불이행,건조,맑음,교차로 - 교차로부근,기타불명,기타불명,미분류,기타불명,보행자,남,6세,부상신고,37.58796976010432,127.02282646205607
2019031700100327.0,2019년 3월 17일 16시,일요일,서울특별시 구로구 구로동,경상사고,0.0,0.0,1.0,0.0,차대사람 - 횡단중,안전운전불이행,건조,맑음,교차로 - 교차로안,승용,남,58세,상해없음,보행자,여,9세,경상,37.53826334031988,127.15279338826046
2019031700100385.0,2019년 3월 17일 18시,일요일,서울특별시 관악구 봉천동,중상사고,0.0,1.0,0.0,0.0,차대사람 - 횡단중,안전운전불이행,건조,맑음,단일로 - 기타,이륜,남,28세,상해없음,보행자,여,2세,중상,37.4847132017753,126.8953863273896
2019031900100304.0,2019년 3월 19일 15시,화요일,서울특별시 영등포구 신길동,경상사고,0.0,0.0,1.0,0.0,차대사람 - 횡단중,안전운전불이행,건조,맑음,단일로 - 기타,이륜,남,28세,상해없음,보행자,여,8세,경상,37.48394782191137,126.94131480556145
2019031900100380.0,2019년 3월 19일 17시,화요일,서울특별시 양천구 목동,경상사고,0.0,0.0,1.0,0.0,차대사람 - 길가장자리구역통행중,안전운전불이행,건조,맑음,단일로 - 기타,승용,남,31세,상해없음,보행자,남,6세,경상,37.51038612755959,126.9173791279335
2019031900100418.0,2019년 3월 19일 18시,화요일,서울특별시 구로구 개봉동,경상사고,0.0,0.0,1.0,0.0,차대사람 - 횡단중,보행자보호의무위반,건조,맑음,단일로 - 기타,승용,남,59세,상해없음,보행자,여,11세,경상,37.53774881883861,126.86786063324502
2019032000100415.0,2019년 3월 20일 17시,수요일,서울특별시 성동구 용답동,경상사고,0.0,0.0,1.0,0.0,차대사람 - 차도통행중,안전운전불이행,젖음/습기,비,단일로 - 기타,승용,남,42세,상해없음,보행자,남,7세,경상,37.501680002129206,126.84690668331996
2019032000100509.0,2019년 3월 20일 19시,수요일,서울특별시 송파구 장지동,경상사고,0.0,0.0,1.0,0.0,차대사람 - 횡단중,신호위반,젖음/습기,비,단일로 - 기타,이륜,남,24세,상해없음,보행자,남,5세,경상,37.56299934551316,127.05193845874771
2019032100100350.0,2019년 3월 21일 15시,목요일,서울특별시 송파구 방이동,중상사고,0.0,1.0,0.0,0.0,차대사람 - 횡단중,안전운전불이행,건조,맑음,교차로 - 교차로부근,승용,남,71세,상해없음,보행자,남,9세,중상,37.47832563908604,127.14165893824008
2019032100100351.0,2019년 3월 21일 15시,목요일,서울특별시 구로구 신도림동,경상사고,0.0,0.0,1.0,0.0,차대사람 - 횡단중,보행자보호의무위반,건조,맑음,기타 - 기타,승용,남,56세,상해없음,보행자,남,10세,경상,37.51231950256895,127.1282010159928
2019032100100384.0,2019년 3월 21일 16시,목요일,서울특별시 광진구 자양동,경상사고,0.0,0.0,1.0,0.0,차대사람 - 횡단중,안전운전불이행,건조,맑음,단일로 - 기타,승용,남,27세,상해없음,보행자,여,7세,경상,37.50945537564807,126.8849130212925
2019032200100113.0,2019년 3월 22일 08시,금요일,서울특별시 영등포구 여의도동,경상사고,0.0,0.0,1.0,2.0,차대사람 - 횡단중,보행자보호의무위반,건조,맑음,교차로 - 교차로안,승용,남,60세,상해없음,보행자,남,36세,경상,37.53338059800012,127.07127783845064
2019032200100119.0,2019년 3월 22일 08시,금요일,서울특별시 양천구 신정동,경상사고,0.0,0.0,1.0,0.0,차대사람 - 횡단중,교차로운행방법위반,건조,맑음,교차로 - 교차로횡단보도내,승용,남,49세,상해없음,보행자,남,10세,경상,37.5214775214677,126.92017861905988
2019032200100329.0,2019년 3월 22일 15시,금요일,서울특별시 강서구 화곡동,경상사고,0.0,0.0,1.0,0.0,차대사람 - 횡단중,기타,건조,맑음,교차로 - 교차로안,승용,여,63세,기타불명,보행자,남,7세,경상,37.51543530023063,126.86354527606926
2019032200100503.0,2019년 3월 22일 19시,금요일,서울특별시 강동구 천호동,경상사고,0.0,0.0,1.0,0.0,차대사람 - 횡단중,안전운전불이행,건조,맑음,교차로 - 교차로부근,이륜,남,16세,상해없음,보행자,여,8세,경상,37.53248516055905,126.85127861473757
2019032300100200.0,2019년 3월 23일 11시,토요일,서울특별시 구로구 구로동,중상사고,0.0,1.0,0.0,0.0,차대사람 - 횡단중,신호위반,건조,맑음,단일로 - 기타,화물,남,42세,상해없음,보행자,남,6세,중상,37.54289671765787,127.13209042796328
2019032300100234.0,2019년 3월 23일 12시,토요일,서울특별시 강서구 내발산동,부상신고사고,0.0,0.0,0.0,1.0,차대사람 - 횡단중,안전운전불이행,건조,맑음,단일로 - 기타,승용,여,48세,상해없음,보행자,남,6세,부상신고,37.49205308176661,126.88200148799598
2019032500100357.0,2019년 3월 25일 16시,월요일,서울특별시 금천구 시흥동,중상사고,0.0,1.0,0.0,0.0,차대사람 - 기타,안전운전불이행,건조,맑음,교차로 - 교차로부근,화물,남,30세,상해없음,보행자,여,2세,중상,37.55301266264352,126.83256774729396
2019032600100418.0,2019년 3월 26일 17시,화요일,서울특별시 강동구 성내동,경상사고,0.0,0.0,1.0,0.0,차대사람 - 횡단중,안전운전불이행,건조,맑음,교차로 - 교차로안,자전거,남,22세,상해없음,보행자,남,3세,경상,37.44859340876374,126.90737842524268
2019032700100296.0,2019년 3월 27일 14시,수요일,서울특별시 강남구 대치동,중상사고,0.0,1.0,0.0,0.0,차대사람 - 보도통행중,안전운전불이행,건조,맑음,단일로 - 기타,원동기,남,29세,상해없음,보행자,여,8세,중상,37.53275344130898,127.1340191101356
2019032700100381.0,2019년 3월 27일 17시,수요일,서울특별시 은평구 불광동,중상사고,0.0,1.0,0.0,0.0,차대사람 - 보도통행중,신호위반,건조,맑음,교차로 - 교차로안,승용,여,64세,상해없음,보행자,여,5세,중상,37.4960341102959,127.06791657976008
2019032700100382.0,2019년 3월 27일 17시,수요일,서울특별시 서초구 방배동,중상사고,0.0,1.0,0.0,0.0,차대사람 - 횡단중,안전운전불이행,건조,맑음,단일로 - 기타,승용,여,53세,상해없음,보행자,여,12세,중상,37.61894636847728,126.93264618695272
2019032800100370.0,2019년 3월 28일 16시,목요일,서울특별시 광진구 중곡동,경상사고,0.0,0.0,1.0,0.0,차대사람 - 기타,기타,건조,맑음,교차로 - 교차로안,승용,남,56세,상해없음,보행자,남,6세,경상,37.490881255431056,126.9833437389185
2019032900100107.0,2019년 3월 29일 08시,금요일,서울특별시 은평구 진관동,경상사고,0.0,0.0,1.0,0.0,차대사람 - 횡단중,보행자보호의무위반,건조,맑음,교차로 - 교차로횡단보도내,승용,남,29세,상해없음,보행자,남,6세,경상,37.55690565841486,127.08380109528696
2019033000100429.0,2019년 3월 30일 15시,토요일,서울특별시 노원구 중계동,경상사고,0.0,0.0,2.0,0.0,차대사람 - 보도통행중,신호위반,건조,맑음,단일로 - 기타,이륜,남,24세,경상,보행자,남,8세,경상,37.634059420284,126.9321572889678
2019033100100138.0,2019년 3월 31일 11시,일요일,서울특별시 광진구 자양동,경상사고,0.0,0.0,1.0,0.0,차대사람 - 길가장자리구역통행중,신호위반,건조,맑음,단일로 - 기타,이륜,남,24세,상해없음,보행자,여,7세,경상,37.65413730508058,127.07221699808558
2019033100100163.0,2019년 3월 31일 12시,일요일,서울특별시 강북구 수유동,부상신고사고,0.0,0.0,0.0,1.0,차대사람 - 기타,안전운전불이행,건조,맑음,단일로 - 기타,승용,남,33세,상해없음,보행자,남,7세,부상신고,37.531302463281584,127.07991415129932
2019040100100394.0,2019년 4월 1일 15시,월요일,서울특별시 송파구 삼전동,경상사고,0.0,0.0,1.0,0.0,차대사람 - 횡단중,신호위반,건조,맑음,단일로 - 기타,승용,남,30세,상해없음,보행자,남,12세,경상,37.64354417845321,127.01563611049176
2019040100100471.0,2019년 4월 1일 17시,월요일,서울특별시 동대문구 장안동,경상사고,0.0,0.0,1.0,0.0,차대사람 - 기타,보행자보호의무위반,건조,맑음,교차로 - 교차로횡단보도내,승용,여,53세,상해없음,보행자,남,4세,경상,37.50599909572692,127.08952606174807
2019040100100477.0,2019년 4월 1일 17시,월요일,서울특별시 구로구 고척동,중상사고,0.0,1.0,0.0,0.0,차대사람 - 횡단중,보행자보호의무위반,건조,맑음,교차로 - 교차로횡단보도내,승용,남,66세,상해없음,보행자,여,11세,중상,37.56875553603014,127.07289829213398
2019040200100125.0,2019년 4월 2일 08시,화요일,서울특별시 영등포구 도림동,경상사고,0.0,0.0,1.0,0.0,차대사람 - 기타,기타,건조,맑음,교차로 - 교차로안,자전거,남,54세,기타불명,보행자,여,10세,경상,37.5049920002373,126.8558498747042
2019040200100259.0,2019년 4월 2일 11시,화요일,서울특별시 금천구 시흥동,중상사고,0.0,1.0,0.0,1.0,차대사람 - 횡단중,보행자보호의무위반,건조,맑음,단일로 - 기타,화물,남,41세,상해없음,보행자,여,32세,중상,37.50967189094249,126.90788025437612
2019040200100510.0,2019년 4월 2일 18시,화요일,서울특별시 중랑구 망우동,중상사고,0.0,1.0,0.0,0.0,차대사람 - 보도통행중,보행자보호의무위반,건조,맑음,교차로 - 교차로부근,승용,남,74세,상해없음,보행자,여,12세,중상,37.449952912840125,126.91978145787957
2019040300100307.0,2019년 4월 3일 14시,수요일,서울특별시 영등포구 여의도동,경상사고,0.0,0.0,1.0,0.0,차대사람 - 기타,안전운전불이행,건조,맑음,단일로 - 기타,승용,남,54세,상해없음,보행자,여,12세,경상,37.60056260575018,127.10347373759303
2019040300100418.0,2019년 4월 3일 17시,수요일,서울특별시 강북구 번동,경상사고,0.0,0.0,1.0,0.0,차대사람 - 기타,보행자보호의무위반,건조,맑음,교차로 - 교차로횡단보도내,기타불명,기타불명,미분류,기타불명,보행자,남,7세,경상,37.5214845492166,126.93276260485564
2019040400100394.0,2019년 4월 4일 16시,목요일,서울특별시 관악구 신림동,경상사고,0.0,0.0,1.0,0.0,차대사람 - 기타,안전운전불이행,건조,맑음,단일로 - 기타,화물,남,52세,상해없음,보행자,남,3세,경상,37.63952674264823,127.02737074290737
2019040400100566.0,2019년 4월 4일 20시,목요일,서울특별시 송파구 가락동,경상사고,0.0,0.0,1.0,0.0,차대사람 - 횡단중,보행자보호의무위반,건조,맑음,교차로 - 교차로횡단보도내,승용,남,59세,기타불명,보행자,남,6세,경상,37.47919532844222,126.92950840448296
2019040500100295.0,2019년 4월 5일 14시,금요일,서울특별시 강서구 방화동,중상사고,0.0,1.0,0.0,0.0,차대사람 - 횡단중,보행자보호의무위반,건조,맑음,교차로 - 교차로횡단보도내,승용,남,41세,상해없음,보행자,남,7세,중상,37.497500814410046,127.11960870367515
2019040500100418.0,2019년 4월 5일 17시,금요일,서울특별시 강동구 암사동,경상사고,0.0,0.0,1.0,0.0,차대사람 - 횡단중,안전운전불이행,건조,맑음,단일로 - 기타,승용,여,35세,상해없음,보행자,남,4세,경상,37.56829060999575,126.8075648135505
2019040700100291.0,2019년 4월 7일 15시,일요일,서울특별시 강동구 고덕동,중상사고,0.0,1.0,0.0,0.0,차대사람 - 횡단중,안전운전불이행,건조,맑음,기타 - 기타,자전거,남,72세,상해없음,보행자,여,8세,중상,37.55303758829674,127.12654968472842
2019040800100122.0,2019년 4월 8일 08시,월요일,서울특별시 중랑구 신내동,중상사고,0.0,1.0,1.0,0.0,차대사람 - 기타,안전운전불이행,건조,맑음,교차로 - 교차로안,승용,남,40세,상해없음,보행자,여,69세,중상,37.570241868972126,127.15845423168456
2019040900100319.0,2019년 4월 9일 15시,화요일,서울특별시 구로구 구로동,부상신고사고,0.0,0.0,0.0,1.0,차대사람 - 차도통행중,안전운전불이행,건조,맑음,기타 - 기타,승용,남,38세,상해없음,보행자,남,9세,부상신고,37.61085577850683,127.10074516928768
2019040900100381.0,2019년 4월 9일 17시,화요일,서울특별시 강서구 염창동,경상사고,0.0,0.0,1.0,0.0,차대사람 - 횡단중,안전운전불이행,젖음/습기,비,단일로 - 기타,승용,여,39세,상해없음,보행자,여,7세,경상,37.49388782573068,126.87609261395586
2019041000100463.0,2019년 4월 10일 18시,수요일,서울특별시 관악구 신림동,중상사고,0.0,2.0,0.0,0.0,차대사람 - 횡단중,신호위반,건조,맑음,단일로 - 기타,승용,여,26세,상해없음,보행자,남,12세,중상,37.5518810356233,126.86769600295484
2019041100100390.0,2019년 4월 11일 17시,목요일,서울특별시 서초구 반포동,중상사고,0.0,1.0,0.0,0.0,차대사람 - 차도통행중,기타,건조,맑음,단일로 - 기타,승용,남,35세,상해없음,보행자,남,9세,중상,37.48250222443384,126.91819518434995
2019041200100312.0,2019년 4월 12일 14시,금요일,서울특별시 강남구 청담동,경상사고,0.0,0.0,1.0,0.0,차대사람 - 기타,기타,건조,맑음,단일로 - 기타,승용,남,68세,상해없음,보행자,남,6세,경상,37.4994983989135,127.0001411820486
2019041200100477.0,2019년 4월 12일 18시,금요일,서울특별시 노원구 상계동,중상사고,0.0,1.0,0.0,0.0,차대사람 - 기타,보행자보호의무위반,건조,맑음,단일로 - 기타,승용,여,43세,상해없음,보행자,남,10세,중상,37.52164780277731,127.0573915277612
2019041300100429.0,2019년 4월 13일 16시,토요일,서울특별시 중구 남대문로1가,경상사고,0.0,0.0,1.0,0.0,차대사람 - 횡단중,안전운전불이행,건조,맑음,단일로 - 기타,이륜,남,59세,상해없음,보행자,남,12세,경상,37.6480428437137,127.05717531313036
2019041300100434.0,2019년 4월 13일 16시,토요일,서울특별시 서초구 신원동,부상신고사고,0.0,0.0,0.0,1.0,차대사람 - 기타,안전운전불이행,건조,맑음,단일로 - 기타,승용,여,62세,상해없음,보행자,여,4세,부상신고,37.55674782856443,126.97419406234044
2019041300100435.0,2019년 4월 13일 16시,토요일,서울특별시 양천구 신월동,중상사고,0.0,1.0,0.0,0.0,차대사람 - 횡단중,보행자보호의무위반,건조,맑음,단일로 - 기타,승용,남,44세,상해없음,보행자,남,7세,중상,37.45531138431775,127.0559962999257
2019041300100473.0,2019년 4월 13일 17시,토요일,서울특별시 구로구 개봉동,부상신고사고,0.0,0.0,0.0,1.0,차대사람 - 기타,안전운전불이행,건조,맑음,단일로 - 기타,승용,남,59세,상해없음,보행자,남,5세,부상신고,37.51766421131472,126.83778252694586
2019041300100509.0,2019년 4월 13일 18시,토요일,서울특별시 중랑구 면목동,경상사고,0.0,0.0,7.0,1.0,차대사람 - 횡단중,중앙선침범,건조,맑음,교차로 - 교차로안,이륜,남,18세,상해없음,보행자,남,11세,경상,37.48998321578252,126.85561680772103
2019041400100200.0,2019년 4월 14일 13시,일요일,서울특별시 서대문구 홍제동,경상사고,0.0,0.0,2.0,0.0,차대사람 - 보도통행중,기타,건조,맑음,단일로 - 기타,원동기,남,21세,상해없음,보행자,여,36세,경상,37.58261062228193,127.08850552087748
2019041400100205.0,2019년 4월 14일 13시,일요일,서울특별시 송파구 잠실동,중상사고,0.0,1.0,0.0,0.0,차대사람 - 기타,안전운전불이행,건조,맑음,기타 - 기타,승용,남,28세,상해없음,보행자,남,8세,중상,37.586194945681314,126.9466224372038
2019041500100432.0,2019년 4월 15일 16시,월요일,서울특별시 광진구 중곡동,중상사고,0.0,1.0,0.0,0.0,차대사람 - 기타,안전운전불이행,건조,맑음,단일로 - 기타,화물,남,65세,상해없음,보행자,여,10세,중상,37.50494658028271,127.08496090490593
2019041500100544.0,2019년 4월 15일 18시,월요일,서울특별시 광진구 구의동,중상사고,0.0,1.0,0.0,0.0,차대사람 - 보도통행중,기타,건조,맑음,단일로 - 기타,승용,남,60세,상해없음,보행자,여,7세,중상,37.55731615555799,127.08263263894352
2019041500100546.0,2019년 4월 15일 18시,월요일,서울특별시 양천구 신월동,경상사고,0.0,0.0,1.0,0.0,차대사람 - 기타,안전운전불이행,건조,맑음,단일로 - 기타,승용,남,35세,상해없음,보행자,여,8세,경상,37.53927898034287,127.09526371174046
2019041600100120.0,2019년 4월 16일 08시,화요일,서울특별시 광진구 자양동,경상사고,0.0,0.0,1.0,0.0,차대사람 - 기타,안전운전불이행,건조,맑음,단일로 - 기타,기타불명,기타불명,미분류,기타불명,보행자,여,9세,경상,37.52892847965134,126.83252210238226
2019041600100565.0,2019년 4월 16일 19시,화요일,서울특별시 은평구 갈현동,중상사고,0.0,1.0,1.0,0.0,차대사람 - 길가장자리구역통행중,안전운전불이행,건조,맑음,단일로 - 기타,화물,남,51세,상해없음,보행자,여,35세,중상,37.53561930493387,127.07973147404508
2019041700100288.0,2019년 4월 17일 13시,수요일,서울특별시 중랑구 면목동,경상사고,0.0,0.0,1.0,0.0,차대사람 - 기타,안전운전불이행,건조,맑음,단일로 - 지하차도(도로)내,이륜,여,47세,상해없음,보행자,남,4세,경상,37.613801449330346,126.91454505493796
2019041700100399.0,2019년 4월 17일 16시,수요일,서울특별시 성북구 정릉동,경상사고,0.0,0.0,1.0,0.0,차대사람 - 횡단중,신호위반,건조,맑음,교차로 - 교차로횡단보도내,승용,여,42세,상해없음,보행자,여,6세,경상,37.57400265607785,127.08079554206114
2019041800100155.0,2019년 4월 18일 09시,목요일,서울특별시 송파구 송파동,중상사고,0.0,1.0,0.0,0.0,차대사람 - 기타,안전운전불이행,건조,맑음,단일로 - 기타,승용,남,60세,상해없음,보행자,여,4세,중상,37.61671024055436,127.00883031166596
2019041800100324.0,2019년 4월 18일 14시,목요일,서울특별시 서초구 서초동,경상사고,0.0,0.0,1.0,0.0,차대사람 - 기타,보행자보호의무위반,건조,맑음,단일로 - 기타,승용,여,26세,상해없음,보행자,남,10세,경상,37.50278928460274,127.11328006463069
2019041800100426.0,2019년 4월 18일 17시,목요일,서울특별시 은평구 증산동,중상사고,0.0,1.0,1.0,0.0,차대사람 - 횡단중,안전운전불이행,건조,맑음,교차로 - 교차로부근,승용,여,40세,상해없음,보행자,여,8세,경상,37.49602432496492,127.02096854048312
2019041900100342.0,2019년 4월 19일 14시,금요일,서울특별시 강북구 수유동,부상신고사고,0.0,0.0,0.0,1.0,차대사람 - 기타,안전운전불이행,건조,맑음,교차로 - 교차로안,승용,여,38세,상해없음,보행자,남,8세,부상신고,37.58500666363605,126.909719167511
2019042000100271.0,2019년 4월 20일 12시,토요일,서울특별시 강서구 내발산동,경상사고,0.0,0.0,2.0,0.0,차대사람 - 횡단중,안전운전불이행,건조,맑음,단일로 - 기타,이륜,남,47세,경상,보행자,여,7세,경상,37.63684496830419,127.01948786064094
2019042100100264.0,2019년 4월 21일 15시,일요일,서울특별시 중랑구 묵동,중상사고,0.0,1.0,0.0,0.0,차대사람 - 기타,안전운전불이행,건조,맑음,단일로 - 기타,승용,남,45세,상해없음,보행자,남,11세,중상,37.55290964814031,126.83029308860417
2019042200100171.0,2019년 4월 22일 09시,월요일,서울특별시 마포구 상암동,경상사고,0.0,0.0,1.0,0.0,차대사람 - 기타,신호위반,건조,맑음,교차로 - 교차로횡단보도내,승용,여,46세,상해없음,보행자,남,6세,경상,37.60633631803001,127.07892605411148
2019042200100489.0,2019년 4월 22일 17시,월요일,서울특별시 강남구 대치동,중상사고,0.0,1.0,0.0,0.0,차대사람 - 기타,신호위반,건조,맑음,교차로 - 교차로안,승용,남,69세,상해없음,보행자,여,10세,중상,37.581034878691206,126.88215010023023
2019042300100361.0,2019년 4월 23일 16시,화요일,서울특별시 성동구 상왕십리동,경상사고,0.0,0.0,1.0,1.0,차대사람 - 차도통행중,안전운전불이행,건조,맑음,단일로 - 기타,이륜,남,16세,상해없음,보행자,여,9세,경상,37.50060482857284,127.05121415644793