사고번호,사고일시,요일,시군구,사고내용,사망자수,중상자수,경상자수,부상신고자수,사고유형,법규위반,노면상태,기상상태,도로형태,가해운전자 차종,가해운전자 성별,가해운전자 연령,가해운전자 상해정도,피해운전자 차종,피해운전자 성별,피해운전자 연령,피해운전자 상해정도,lat(위도),lon(경도)
2019042400100420.0,2019년 4월 24일 16시,수요일,서울특별시 관악구 신림동,경상사고,0.0,0.0,1.0,0.0,차대사람 - 차도통행중,안전운전불이행,건조,맑음,교차로 - 교차로부근,승용,여,46세,상해없음,보행자,여,10세,경상,37.56895454834774,127.02585801582794
2019042400100509.0,2019년 4월 24일 18시,수요일,서울특별시 강남구 역삼동,경상사고,0.0,0.0,1.0,0.0,차대사람 - 기타,안전운전불이행,건조,맑음,교차로 - 교차로안,승용,남,57세,상해없음,보행자,남,8세,경상,37.47992912620551,126.91551197192328
2019042600100370.0,2019년 4월 26일 15시,금요일,서울특별시 영등포구 문래동6가,경상사고,0.0,0.0,1.0,0.0,차대사람 - 횡단중,보행자보호의무위반,젖음/습기,비,교차로 - 교차로안,승용,여,69세,상해없음,보행자,남,9세,경상,37.494564014398456,127.0390666639548
2019042600100497.0,2019년 4월 26일 18시,금요일,서울특별시 구로구 구로동,경상사고,0.0,0.0,1.0,0.0,차대사람 - 횡단중,신호위반,건조,맑음,교차로 - 교차로횡단보도내,승합,남,43세,상해없음,보행자,여,5세,경상,37.51865594806343,126.88448670574064
2019042600100555.0,2019년 4월 26일 19시,금요일,서울특별시 구로구 고척동,부상신고사고,0.0,0.0,0.0,1.0,차대사람 - 횡단중,신호위반,건조,맑음,교차로 - 교차로부근,승용,남,37세,상해없음,보행자,남,10세,부상신고,37.487203588786365,126.89063809495616
2019042700100166.0,2019년 4월 27일 09시,토요일,서울특별시 강남구 도곡동,경상사고,0.0,0.0,1.0,1.0,차대사람 - 기타,안전운전불이행,건조,맑음,단일로 - 기타,자전거,남,57세,부상신고,보행자,남,11세,경상,37.50547462612979,126.85675085800888
2019042700100573.0,2019년 4월 27일 19시,토요일,서울특별시 강북구 번동,경상사고,0.0,0.0,1.0,0.0,차대사람 - 보도통행중,기타,건조,맑음,단일로 - 기타,화물,남,65세,상해없음,보행자,남,11세,경상,37.48463578634027,127.05202229420476
2019042700100574.0,2019년 4월 27일 19시,토요일,서울특별시 성동구 행당동,부상신고사고,0.0,0.0,0.0,1.0,차대사람 - 보도통행중,기타,건조,맑음,교차로 - 교차로부근,개인형이동수단(PM),남,24세,상해없음,보행자,남,8세,부상신고,37.63509890269496,127.03132029899795
2019042800100199.0,2019년 4월 28일 13시,일요일,서울특별시 성북구 동선동1가,중상사고,0.0,1.0,0.0,0.0,차대사람 - 차도통행중,안전운전불이행,건조,맑음,단일로 - 기타,승용,남,29세,상해없음,보행자,여,11세,중상,37.55845087589839,127.03876398048054
2019042800100204.0,2019년 4월 28일 13시,일요일,서울특별시 강서구 내발산동,경상사고,0.0,0.0,2.0,0.0,차대사람 - 횡단중,신호위반,건조,맑음,교차로 - 교차로횡단보도내,승용,남,46세,상해없음,보행자,여,34세,경상,37.59164552513501,127.0179662610179
2019050100100406.0,2019년 5월 1일 17시,수요일,서울특별시 구로구 고척동,경상사고,0.0,0.0,1.0,0.0,차대사람 - 기타,안전운전불이행,건조,기타,단일로 - 기타,이륜,여,30세,기타불명,보행자,여,11세,경상,37.55779204655526,126.84423209066868
2019050200100118.0,2019년 5월 2일 08시,목요일,서울특별시 송파구 가락동,경상사고,0.0,0.0,1.0,0.0,차대사람 - 기타,안전운전불이행,건조,맑음,단일로 - 기타,승용,남,52세,상해없음,보행자,남,9세,경상,37.50247550475007,126.86384763746742
2019050200100307.0,2019년 5월 2일 13시,목요일,서울특별시 용산구 이촌동,경상사고,0.0,0.0,1.0,0.0,차대사람 - 횡단중,보행자보호의무위반,건조,맑음,교차로 - 교차로횡단보도내,승용,여,63세,상해없음,보행자,남,5세,경상,37.49449497362896,127.13248636890418
2019050300100502.0,2019년 5월 3일 17시,금요일,서울특별시 양천구 목동,경상사고,0.0,0.0,1.0,0.0,차대사람 - 횡단중,보행자보호의무위반,건조,맑음,교차로 - 교차로안,승용,여,48세,기타불명,보행자,여,11세,경상,37.521038922120105,126.97275859121856
2019050400100275.0,2019년 5월 4일 12시,토요일,서울특별시 강동구 암사동,경상사고,0.0,0.0,2.0,0.0,차대사람 - 보도통행중,안전운전불이행,건조,맑음,단일로 - 기타,승용,남,46세,상해없음,보행자,여,36세,경상,37.53869192439622,126.8774173567079
2019050400100276.0,2019년 5월 4일 12시,토요일,서울특별시 은평구 불광동,경상사고,0.0,0.0,1.0,0.0,차대사람 - 횡단중,신호위반,건조,맑음,교차로 - 교차로횡단보도내,승용,남,54세,상해없음,보행자,남,9세,경상,37.55141657281416,127.1269992996436
2019050400100315.0,2019년 5월 4일 13시,토요일,서울특별시 중랑구 면목동,경상사고,0.0,0.0,1.0,0.0,차대사람 - 기타,기타,건조,맑음,기타 - 기타,승용,남,60세,상해없음,보행자,남,4세,경상,37.62495700631538,126.92864554801118
2019050400100402.0,2019년 5월 4일 15시,토요일,서울특별시 송파구 가락동,경상사고,0.0,0.0,1.0,0.0,차대사람 - 기타,안전운전불이행,건조,맑음,단일로 - 기타,자전거,남,24세,상해없음,보행자,남,8세,경상,37.57414531671999,127.08290112106734
2019050400100590.0,2019년 5월 4일 20시,토요일,서울특별시 성동구 성수동2가,경상사고,0.0,0.0,1.0,0.0,차대사람 - 횡단중,안전운전불이행,건조,맑음,단일로 - 기타,자전거,남,31세,상해없음,보행자,남,5세,경상,37.50147006330782,127.12913728493449
2019050500100234.0,2019년 5월 5일 13시,일요일,서울특별시 동작구 신대방동,경상사고,0.0,0.0,1.0,0.0,차대사람 - 횡단중,보행자보호의무위반,건조,맑음,교차로 - 교차로횡단보도내,승용,남,63세,상해없음,보행자,남,8세,경상,37.534943005409694,127.05504922802491
2019050500100324.0,2019년 5월 5일 15시,일요일,서울특별시 송파구 가락동,부상신고사고,0.0,0.0,0.0,1.0,차대사람 - 횡단중,안전운전불이행,건조,맑음,단일로 - 기타,승합,남,53세,상해없음,보행자,남,12세,부상신고,37.49179972694408,126.924638842502
2019050500100365.0,2019년 5월 5일 16시,일요일,서울특별시 금천구 독산동,경상사고,0.0,0.0,1.0,0.0,차대사람 - 기타,기타,건조,맑음,교차로 - 교차로안,승용,남,58세,상해없음,보행자,남,7세,경상,37.49450891188711,127.11701066970524
2019050500100402.0,2019년 5월 5일 17시,일요일,서울특별시 서대문구 남가좌동,중상사고,0.0,1.0,0.0,0.0,차대사람 - 횡단중,신호위반,건조,맑음,교차로 - 교차로횡단보도내,원동기,남,55세,상해없음,보행자,남,6세,중상,37.47323724731321,126.89858883829017
2019050600100279.0,2019년 5월 6일 14시,월요일,서울특별시 구로구 개봉동,부상신고사고,0.0,0.0,0.0,1.0,차대사람 - 길가장자리구역통행중,안전운전불이행,건조,맑음,단일로 - 기타,승용,남,39세,상해없음,보행자,여,7세,부상신고,37.57848090902907,126.92246623769242
2019050700100410.0,2019년 5월 7일 15시,화요일,서울특별시 영등포구 신길동,경상사고,0.0,0.0,1.0,0.0,차대사람 - 횡단중,보행자보호의무위반,건조,맑음,단일로 - 기타,승용,남,37세,상해없음,보행자,여,7세,경상,37.49163576143945,126.85452796711402
2019050700100506.0,2019년 5월 7일 17시,화요일,서울특별시 광진구 구의동,경상사고,0.0,0.0,1.0,0.0,차대사람 - 기타,안전운전불이행,건조,맑음,단일로 - 기타,승용,여,61세,상해없음,보행자,여,9세,경상,37.49804207365492,126.9128253892835
2019050700100507.0,2019년 5월 7일 17시,화요일,서울특별시 동작구 사당동,경상사고,0.0,0.0,1.0,0.0,차대사람 - 차도통행중,안전운전불이행,건조,맑음,단일로 - 기타,승용,남,79세,상해없음,보행자,남,7세,경상,37.54350177777559,127.09132416961349
2019050700100508.0,2019년 5월 7일 17시,화요일,서울특별시 강서구 공항동,사망사고,1.0,0.0,0.0,0.0,차대사람 - 차도통행중,기타,건조,맑음,단일로 - 기타,승용,여,65세,상해없음,보행자,남,4세,사망,37.48314093748013,126.97569437328552
2019050800100519.0,2019년 5월 8일 18시,수요일,서울특별시 강동구 천호동,부상신고사고,0.0,0.0,0.0,1.0,차대사람 - 보도통행중,기타,건조,맑음,단일로 - 기타,이륜,남,67세,상해없음,보행자,여,5세,부상신고,37.55658010749457,126.81337939122804
2019050800100605.0,2019년 5월 8일 20시,수요일,서울특별시 구로구 구로동,경상사고,0.0,0.0,1.0,0.0,차대사람 - 보도통행중,기타,건조,맑음,단일로 - 기타,이륜,남,17세,상해없음,보행자,남,7세,경상,37.54291340350813,127.13166018945552
2019050900100408.0,2019년 5월 9일 16시,목요일,서울특별시 송파구 문정동,중상사고,0.0,1.0,0.0,0.0,차대사람 - 횡단중,안전운전불이행,건조,맑음,교차로 - 교차로안,승용,여,52세,상해없음,보행자,여,5세,중상,37.49948277726234,126.88421422087453
2019051000100279.0,2019년 5월 10일 12시,금요일,서울특별시 노원구 월계동,경상사고,0.0,0.0,1.0,0.0,차대사람 - 차도통행중,안전운전불이행,건조,맑음,단일로 - 고가도로위,기타불명,기타불명,미분류,기타불명,보행자,남,11세,경상,37.48635603346517,127.13260542273396
2019051000100543.0,2019년 5월 10일 18시,금요일,서울특별시 송파구 마천동,경상사고,0.0,0.0,1.0,0.0,차대사람 - 기타,안전운전불이행,건조,맑음,단일로 - 기타,승용,여,47세,상해없음,보행자,남,6세,경상,37.62057144398808,127.05755360933
2019051100100482.0,2019년 5월 11일 16시,토요일,서울특별시 강서구 화곡동,경상사고,0.0,0.0,1.0,0.0,차대사람 - 길가장자리구역통행중,신호위반,건조,맑음,단일로 - 기타,승용,남,30세,상해없음,보행자,남,8세,경상,37.50170399052471,127.1436402721586
2019051100100524.0,2019년 5월 11일 17시,토요일,서울특별시 강남구 대치동,부상신고사고,0.0,0.0,0.0,1.0,차대사람 - 횡단중,기타,건조,맑음,교차로 - 교차로안,승용,여,53세,기타불명,보행자,여,11세,부상신고,37.54322768045925,126.84123541440268
2019051100100632.0,2019년 5월 11일 20시,토요일,서울특별시 용산구 한남동,경상사고,0.0,0.0,1.0,0.0,차대사람 - 횡단중,안전운전불이행,건조,맑음,단일로 - 지하차도(도로)내,승용,남,53세,상해없음,보행자,남,6세,경상,37.494485781469926,127.0611266453746
2019051200100254.0,2019년 5월 12일 13시,일요일,서울특별시 종로구 세종로,중상사고,0.0,1.0,3.0,1.0,차대사람 - 보도통행중,기타,건조,맑음,단일로 - 기타,승용,남,39세,상해없음,보행자,여,50세,경상,37.53394963393202,127.00907931938792
2019051300100107.0,2019년 5월 13일 08시,월요일,서울특별시 강남구 압구정동,중상사고,0.0,1.0,0.0,0.0,차대사람 - 횡단중,안전운전불이행,건조,맑음,교차로 - 교차로안,승용,남,34세,상해없음,보행자,여,11세,중상,37.57531099760727,126.97722316957272
2019051300100399.0,2019년 5월 13일 16시,월요일,서울특별시 노원구 상계동,중상사고,0.0,1.0,0.0,0.0,차대사람 - 횡단중,기타,건조,흐림,교차로 - 교차로횡단보도내,승합,남,75세,상해없음,보행자,남,8세,중상,37.53197614554546,127.02686184702948
2019051300100476.0,2019년 5월 13일 18시,월요일,서울특별시 강남구 대치동,경상사고,0.0,0.0,1.0,0.0,차대사람 - 기타,안전운전불이행,건조,맑음,단일로 - 기타,승용,여,42세,상해없음,보행자,여,75세,상해없음,37.667489703287806,127.05852249767072
2019051300100514.0,2019년 5월 13일 19시,월요일,서울특별시 구로구 오류동,중상사고,0.0,1.0,0.0,0.0,차대사람 - 횡단중,기타,건조,맑음,교차로 - 교차로안,승용,여,40세,상해없음,보행자,남,12세,중상,37.504210343606935,127.05361377784564
2019051400100440.0,2019년 5월 14일 17시,화요일,서울특별시 중랑구 상봉동,부상신고사고,0.0,0.0,0.0,1.0,차대사람 - 횡단중,신호위반,건조,맑음,교차로 - 교차로횡단보도내,승용,남,53세,상해없음,보행자,여,9세,부상신고,37.496201042671885,126.8422596218537
2019051500100400.0,2019년 5월 15일 15시,수요일,서울특별시 강동구 고덕동,경상사고,0.0,0.0,1.0,0.0,차대사람 - 횡단중,보행자보호의무위반,건조,맑음,교차로 - 교차로안,승용,남,28세,상해없음,보행자,남,9세,경상,37.60325781890322,127.08774606240456
2019051600100490.0,2019년 5월 16일 17시,목요일,서울특별시 광진구 구의동,경상사고,0.0,0.0,1.0,0.0,차대사람 - 횡단중,안전운전불이행,건조,맑음,단일로 - 기타,승용,남,49세,상해없음,보행자,남,8세,경상,37.55715471862405,127.15244534473464
2019051600100492.0,2019년 5월 16일 17시,목요일,서울특별시 영등포구 영등포동,경상사고,0.0,0.0,1.0,0.0,차대사람 - 기타,안전운전불이행,건조,맑음,단일로 - 기타,승합,남,40세,상해없음,보행자,여,7세,경상,37.54983338493607,127.08990844701007
2019051600100493.0,2019년 5월 16일 17시,목요일,서울특별시 영등포구 여의도동,부상신고사고,0.0,0.0,0.0,1.0,차대사람 - 기타,안전운전불이행,건조,맑음,단일로 - 기타,승용,남,38세,상해없음,보행자,남,2세,부상신고,37.51147103254311,126.90358894890308
2019051700100366.0,2019년 5월 17일 15시,금요일,서울특별시 강북구 번동,경상사고,0.0,0.0,1.0,0.0,차대사람 - 횡단중,보행자보호의무위반,건조,맑음,단일로 - 기타,승합,남,63세,상해없음,보행자,남,7세,경상,37.52402373988254,126.91558686079796
2019051700100369.0,2019년 5월 17일 15시,금요일,서울특별시 성동구 성수동1가,경상사고,0.0,0.0,1.0,0.0,차대사람 - 기타,안전운전불이행,건조,맑음,단일로 - 기타,건설기계,남,36세,상해없음,보행자,여,10세,경상,37.62803408683544,127.04091819115574
2019051700100372.0,2019년 5월 17일 15시,금요일,서울특별시 구로구 구로동,경상사고,0.0,0.0,1.0,0.0,차대사람 - 횡단중,신호위반,건조,맑음,단일로 - 기타,이륜,남,55세,상해없음,보행자,남,7세,경상,37.54033916268606,127.04951589081224
2019051700100495.0,2019년 5월 17일 18시,금요일,서울특별시 광진구 광장동,경상사고,0.0,0.0,1.0,0.0,차대사람 - 횡단중,안전운전불이행,건조,맑음,교차로 - 교차로횡단보도내,승합,남,76세,기타불명,보행자,여,11세,경상,37.48733878641232,126.89063699675891
2019051800100294.0,2019년 5월 18일 12시,토요일,서울특별시 송파구 문정동,경상사고,0.0,0.0,2.0,0.0,차대사람 - 기타,안전운전불이행,건조,맑음,교차로 - 교차로안,승용,여,62세,상해없음,보행자,여,10세,경상,37.54804332282341,127.10687662139964
2019051800100526.0,2019년 5월 18일 18시,토요일,서울특별시 영등포구 양평동3가,경상사고,0.0,0.0,1.0,0.0,차대사람 - 기타,보행자보호의무위반,건조,맑음,교차로 - 교차로부근,승용,남,37세,상해없음,보행자,남,11세,경상,37.48895143302706,127.12954984851189
2019051800100528.0,2019년 5월 18일 18시,토요일,서울특별시 동작구 사당동,경상사고,0.0,0.0,1.0,0.0,차대사람 - 횡단중,안전운전불이행,건조,맑음,단일로 - 기타,이륜,남,26세,상해없음,보행자,여,6세,경상,37.5270512260449,126.89041595417252
2019052000100369.0,2019년 5월 20일 15시,월요일,서울특별시 강서구 화곡동,경상사고,0.0,0.0,1.0,0.0,차대사람 - 길가장자리구역통행중,안전운전불이행,건조,맑음,단일로 - 기타,승용,남,63세,상해없음,보행자,여,12세,경상,37.48387429439388,126.97036180039773
2019052000100531.0,2019년 5월 20일 18시,월요일,서울특별시 구로구 항동,중상사고,0.0,1.0,1.0,0.0,차대사람 - 보도통행중,보행자보호의무위반,건조,맑음,교차로 - 교차로횡단보도내,승용,남,29세,상해없음,보행자,남,8세,경상,37.534989579049686,126.85597677003118
2019052100100196.0,2019년 5월 21일 09시,화요일,서울특별시 성북구 정릉동,경상사고,0.0,0.0,1.0,0.0,차대사람 - 차도통행중,기타,건조,맑음,단일로 - 기타,이륜,남,29세,상해없음,보행자,여,4세,경상,37.47845870684053,126.82089216452547
2019052100100593.0,2019년 5월 21일 19시,화요일,서울특별시 노원구 상계동,경상사고,0.0,0.0,1.0,0.0,차대사람 - 횡단중,안전운전불이행,건조,맑음,단일로 - 기타,승용,남,50세,상해없음,보행자,남,10세,경상,37.603263412251614,127.01565949215048
2019052200100139.0,2019년 5월 22일 08시,수요일,서울특별시 송파구 방이동,경상사고,0.0,0.0,1.0,0.0,차대사람 - 횡단중,안전운전불이행,건조,맑음,교차로 - 교차로횡단보도내,승용,남,70세,상해없음,보행자,여,12세,경상,37.65880380919848,127.06173708690922
2019052400100327.0,2019년 5월 24일 13시,금요일,서울특별시 강남구 청담동,경상사고,0.0,0.0,1.0,0.0,차대사람 - 차도통행중,안전운전불이행,건조,맑음,단일로 - 기타,이륜,남,25세,상해없음,보행자,여,6세,경상,37.51450263466576,127.11471329210536
2019052400100624.0,2019년 5월 24일 19시,금요일,서울특별시 강남구 신사동,경상사고,0.0,0.0,1.0,0.0,차대사람 - 보도통행중,기타,건조,맑음,단일로 - 기타,개인형이동수단(PM),남,28세,상해없음,보행자,남,4세,경상,37.519798162637805,127.04738745204426
2019052400100656.0,2019년 5월 24일 20시,금요일,서울특별시 동대문구 장안동,경상사고,0.0,0.0,1.0,0.0,차대사람 - 기타,신호위반,건조,맑음,단일로 - 기타,승용,남,38세,상해없음,보행자,남,9세,경상,37.52280849229361,127.03343824220204
2019052500100207.0,2019년 5월 25일 10시,토요일,서울특별시 양천구 신정동,경상사고,0.0,0.0,1.0,0.0,차대사람 - 횡단중,보행자보호의무위반,건조,맑음,교차로 - 교차로횡단보도내,승용,남,77세,상해없음,보행자,남,12세,경상,37.57476032232968,127.07339626051484
2019052500100231.0,2019년 5월 25일 11시,토요일,서울특별시 성북구 장위동,경상사고,0.0,0.0,1.0,0.0,차대사람 - 횡단중,안전운전불이행,건조,맑음,단일로 - 기타,승용,여,41세,상해없음,보행자,여,10세,경상,37.52193935862904,126.8595292141814
2019052500100482.0,2019년 5월 25일 17시,토요일,서울특별시 도봉구 창동,경상사고,0.0,0.0,1.0,0.0,차대사람 - 횡단중,신호위반,기타,맑음,교차로 - 교차로부근,자전거,남,22세,상해없음,보행자,여,4세,경상,37.61366691675204,127.04797484443571
2019052800100349.0,2019년 5월 28일 14시,화요일,서울특별시 양천구 신정동,부상신고사고,0.0,0.0,0.0,1.0,차대사람 - 기타,안전운전불이행,건조,맑음,단일로 - 기타,기타불명,기타불명,미분류,기타불명,보행자,여,10세,부상신고,37.64156157561791,127.04050624800333
2019052800100397.0,2019년 5월 28일 15시,화요일,서울특별시 구로구 고척동,경상사고,0.0,0.0,1.0,0.0,차대사람 - 기타,안전운전불이행,건조,맑음,단일로 - 기타,승용,남,79세,상해없음,보행자,남,7세,경상,37.52560925077092,126.85317154306782
2019052800100507.0,2019년 5월 28일 17시,화요일,서울특별시 강남구 대치동,경상사고,0.0,0.0,1.0,0.0,차대사람 - 기타,안전운전불이행,건조,맑음,단일로 - 기타,승용,여,41세,상해없음,보행자,남,8세,경상,37.50690227305282,126.85409105187416
2019052800100620.0,2019년 5월 28일 19시,화요일,서울특별시 금천구 독산동,경상사고,0.0,0.0,1.0,0.0,차대사람 - 기타,안전운전불이행,건조,맑음,단일로 - 기타,이륜,여,56세,상해없음,보행자,남,3세,경상,37.49729126839405,127.05931146174296
2019052900100118.0,2019년 5월 29일 08시,수요일,서울특별시 성북구 정릉동,경상사고,0.0,0.0,1.0,0.0,차대사람 - 횡단중,보행자보호의무위반,건조,맑음,단일로 - 기타,승용,남,59세,상해없음,보행자,여,9세,경상,37.46417780862939,126.90198594363096
2019052900100120.0,2019년 5월 29일 08시,수요일,서울특별시 관악구 봉천동,경상사고,0.0,0.0,1.0,0.0,차대사람 - 횡단중,중앙선침범,건조,맑음,교차로 - 교차로안,승용,남,42세,상해없음,보행자,남,7세,경상,37.61692849451494,127.00283473899358
2019053100100363.0,2019년 5월 31일 14시,금요일,서울특별시 구로구 고척동,경상사고,0.0,0.0,1.0,0.0,차대사람 - 기타,안전운전불이행,건조,맑음,단일로 - 기타,승용,남,56세,상해없음,보행자,남,10세,경상,37.477976329843,126.94036398301677
2019053100100399.0,2019년 5월 31일 15시,금요일,서울특별시 송파구 거여동,중상사고,0.0,1.0,1.0,0.0,차대사람 - 기타,기타,건조,맑음,단일로 - 기타,화물,남,54세,상해없음,보행자,여,47세,경상,37.49902798917557,126.86471405992866
2019053100100402.0,2019년 5월 31일 15시,금요일,서울특별시 은평구 역촌동,부상신고사고,0.0,0.0,0.0,1.0,차대사람 - 기타,안전운전불이행,건조,맑음,기타 - 기타,이륜,남,36세,상해없음,보행자,여,4세,부상신고,37.494522382598674,127.14438709218209
2019053100100454.0,2019년 5월 31일 16시,금요일,서울특별시 양천구 목동,경상사고,0.0,0.0,1.0,0.0,차대사람 - 기타,안전운전불이행,건조,맑음,단일로 - 기타,화물,남,51세,상해없음,보행자,여,8세,경상,37.60272821170931,126.91176564101802
2019053100100455.0,2019년 5월 31일 16시,금요일,서울특별시 양천구 신정동,경상사고,0.0,0.0,1.0,0.0,차대사람 - 횡단중,보행자보호의무위반,건조,맑음,단일로 - 기타,기타불명,기타불명,미분류,기타불명,보행자,여,12세,경상,37.542679122617685,126.8644909991214
2019053100100456.0,2019년 5월 31일 16시,금요일,서울특별시 양천구 신월동,중상사고,0.0,1.0,0.0,0.0,차대사람 - 기타,보행자보호의무위반,건조,맑음,교차로 - 교차로부근,승용,남,51세,기타불명,보행자,여,9세,중상,37.51609051049994,126.86303050342308
2019053100100560.0,2019년 5월 31일 18시,금요일,서울특별시 도봉구 방학동,경상사고,0.0,0.0,1.0,0.0,차대사람 - 기타,안전운전불이행,건조,맑음,단일로 - 기타,승용,남,57세,상해없음,보행자,여,11세,경상,37.53453005837947,126.83008397547113
2019060100100207.0,2019년 6월 1일 11시,토요일,서울특별시 송파구 방이동,중상사고,0.0,1.0,0.0,0.0,차대사람 - 차도통행중,안전운전불이행,건조,맑음,단일로 - 기타,승합,남,40세,상해없음,보행자,남,8세,중상,37.661536584982805,127.02943077944872
2019060100100406.0,2019년 6월 1일 16시,토요일,서울특별시 강동구 길동,중상사고,0.0,1.0,0.0,0.0,차대사람 - 기타,안전운전불이행,건조,맑음,교차로 - 교차로부근,승용,남,29세,상해없음,보행자,여,12세,중상,37.511216967083,127.1188149382427
2019060100100446.0,2019년 6월 1일 17시,토요일,서울특별시 관악구 봉천동,부상신고사고,0.0,0.0,0.0,1.0,차대사람 - 기타,안전운전불이행,기타,흐림,단일로 - 기타,승용,남,30세,상해없음,보행자,남,11세,부상신고,37.53880946574936,127.14249029948569
2019060100100558.0,2019년 6월 1일 21시,토요일,서울특별시 성북구 종암동,경상사고,0.0,0.0,1.0,0.0,차대사람 - 횡단중,안전운전불이행,건조,맑음,단일로 - 기타,이륜,남,32세,상해없음,보행자,남,11세,경상,37.48199887049865,126.94088820293966
2019060300100122.0,2019년 6월 3일 08시,월요일,서울특별시 중랑구 망우동,경상사고,0.0,0.0,1.0,0.0,차대사람 - 길가장자리구역통행중,안전운전불이행,건조,맑음,단일로 - 기타,승용,남,51세,상해없음,보행자,여,11세,경상,37.60197680342807,127.03186803359426
2019060300100335.0,2019년 6월 3일 14시,월요일,서울특별시 노원구 상계동,경상사고,0.0,0.0,1.0,0.0,차대사람 - 횡단중,안전운전불이행,건조,맑음,단일로 - 기타,승용,남,45세,상해없음,보행자,남,12세,경상,37.59580920548012,127.10249077905212
2019060400100404.0,2019년 6월 4일 16시,화요일,서울특별시 구로구 고척동,중상사고,0.0,1.0,0.0,0.0,차대사람 - 횡단중,보행자보호의무위반,건조,맑음,교차로 - 교차로횡단보도내,승용,남,58세,상해없음,보행자,여,12세,중상,37.666654627343775,127.05696271046524
2019060400100561.0,2019년 6월 4일 19시,화요일,서울특별시 성동구 성수동1가,경상사고,0.0,0.0,1.0,0.0,차대사람 - 횡단중,안전운전불이행,건조,맑음,단일로 - 기타,이륜,남,45세,상해없음,보행자,남,8세,경상,37.50604610570375,126.8607398722665
2019060500100113.0,2019년 6월 5일 08시,수요일,서울특별시 성동구 금호동4가,중상사고,0.0,1.0,0.0,0.0,차대사람 - 횡단중,신호위반,건조,맑음,단일로 - 기타,승용,여,50세,상해없음,보행자,남,7세,중상,37.54959914285737,127.04796580815297
2019060500100304.0,2019년 6월 5일 13시,수요일,서울특별시 구로구 온수동,경상사고,0.0,0.0,1.0,0.0,차대사람 - 횡단중,보행자보호의무위반,건조,맑음,단일로 - 기타,승용,여,42세,상해없음,보행자,남,7세,경상,37.54558664697577,127.02463630703296
2019060500100476.0,2019년 6월 5일 17시,수요일,서울특별시 서대문구 연희동,경상사고,0.0,0.0,1.0,0.0,차대사람 - 보도통행중,기타,건조,맑음,기타 - 기타,승용,여,58세,상해없음,보행자,여,11세,경상,37.49474185684407,126.82486249104632
2019060500100677.0,2019년 6월 5일 21시,수요일,서울특별시 양천구 신정동,사망사고,1.0,0.0,0.0,0.0,차대사람 - 차도통행중,보행자보호의무위반,건조,맑음,교차로 - 교차로안,승합,남,64세,상해없음,보행자,여,11세,사망,37.57348814853973,126.93565248344518
2019060600100024.0,2019년 6월 6일 00시,목요일,서울특별시 중랑구 묵동,경상사고,0.0,0.0,1.0,0.0,차대사람 - 횡단중,보행자보호의무위반,건조,맑음,단일로 - 기타,승용,남,68세,상해없음,보행자,남,5세,경상,37.514716817395694,126.85902516774964
2019060600100373.0,2019년 6월 6일 17시,목요일,서울특별시 광진구 구의동,경상사고,0.0,0.0,1.0,0.0,차대사람 - 횡단중,안전운전불이행,젖음/습기,비,단일로 - 기타,개인형이동수단(PM),남,26세,상해없음,보행자,남,9세,경상,37.61404810109347,127.07788547492078
2019060600100447.0,2019년 6월 6일 19시,목요일,서울특별시 마포구 서교동,경상사고,0.0,0.0,1.0,0.0,차대사람 - 차도통행중,안전운전불이행,젖음/습기,비,단일로 - 기타,승용,남,64세,상해없음,보행자,남,9세,경상,37.55125722021624,127.08982139761692
2019060700100408.0,2019년 6월 7일 16시,금요일,서울특별시 양천구 신월동,경상사고,0.0,0.0,1.0,0.0,차대사람 - 횡단중,안전운전불이행,건조,맑음,단일로 - 기타,화물,남,54세,상해없음,보행자,여,10세,경상,37.55200927837453,126.91896854200596
2019061000100332.0,2019년 6월 10일 14시,월요일,서울특별시 용산구 후암동,경상사고,0.0,0.0,1.0,0.0,차대사람 - 길가장자리구역통행중,안전운전불이행,건조,맑음,교차로 - 교차로부근,승용,여,58세,기타불명,보행자,남,11세,경상,37.5189286356014,126.83662842167628
2019061100100302.0,2019년 6월 11일 13시,화요일,서울특별시 강서구 마곡동,경상사고,0.0,0.0,1.0,0.0,차대사람 - 횡단중,보행자보호의무위반,건조,맑음,교차로 - 교차로부근,승용,여,67세,상해없음,보행자,여,8세,경상,37.548874489164135,126.98131352190204