사고번호,사고일시,요일,시군구,사고내용,사망자수,중상자수,경상자수,부상신고자수,사고유형,법규위반,노면상태,기상상태,도로형태,가해운전자 차종,가해운전자 성별,가해운전자 연령,가해운전자 상해정도,피해운전자 차종,피해운전자 성별,피해운전자 연령,피해운전자 상해정도,lat(위도),lon(경도)
2019061100100334.0,2019년 6월 11일 14시,화요일,서울특별시 종로구 사직동,경상사고,0.0,0.0,1.0,0.0,차대사람 - 기타,기타,건조,맑음,교차로 - 교차로안,승합,남,28세,상해없음,보행자,여,8세,경상,37.56928145866435,126.81673919923408
2019061100100372.0,2019년 6월 11일 15시,화요일,서울특별시 동대문구 답십리동,부상신고사고,0.0,0.0,0.0,1.0,차대사람 - 기타,안전운전불이행,건조,맑음,교차로 - 교차로안,승용,남,58세,상해없음,보행자,남,10세,부상신고,37.57690924070682,126.96777828006034
2019061100100379.0,2019년 6월 11일 15시,화요일,서울특별시 서초구 방배동,경상사고,0.0,0.0,1.0,0.0,차대차 - 기타,기타,건조,맑음,단일로 - 지하차도(도로)내,승합,남,75세,상해없음,이륜,남,60세,상해없음,37.57504811511114,127.05851390075426
2019061100100407.0,2019년 6월 11일 16시,화요일,서울특별시 광진구 중곡동,부상신고사고,0.0,0.0,0.0,1.0,차대사람 - 횡단중,안전운전불이행,건조,맑음,단일로 - 기타,승용,여,52세,상해없음,보행자,남,9세,부상신고,37.48954086170141,126.99226666293248
2019061100100545.0,2019년 6월 11일 20시,화요일,서울특별시 강북구 수유동,경상사고,0.0,0.0,1.0,0.0,차대사람 - 횡단중,안전운전불이행,건조,맑음,단일로 - 기타,승용,여,30세,상해없음,보행자,여,4세,경상,37.55691984586293,127.09043571489454
2019061200100379.0,2019년 6월 12일 16시,수요일,서울특별시 동대문구 이문동,중상사고,0.0,1.0,0.0,0.0,차대사람 - 횡단중,신호위반,건조,맑음,단일로 - 기타,승용,여,47세,상해없음,보행자,남,6세,중상,37.6459233779206,127.0244169945415
2019061200100405.0,2019년 6월 12일 17시,수요일,서울특별시 송파구 가락동,부상신고사고,0.0,0.0,0.0,1.0,차대사람 - 기타,신호위반,건조,맑음,단일로 - 기타,승용,남,69세,상해없음,보행자,남,7세,부상신고,37.60299138334534,127.06377539849196
2019061300100076.0,2019년 6월 13일 07시,목요일,서울특별시 강동구 천호동,경상사고,0.0,0.0,1.0,0.0,차대사람 - 횡단중,신호위반,건조,맑음,교차로 - 교차로횡단보도내,승용,여,52세,상해없음,보행자,여,8세,경상,37.49909576139302,127.11946485364724
2019061300100290.0,2019년 6월 13일 13시,목요일,서울특별시 강남구 대치동,경상사고,0.0,0.0,1.0,0.0,차대사람 - 횡단중,안전거리미확보,건조,맑음,단일로 - 기타,자전거,남,44세,기타불명,보행자,남,8세,경상,37.5436989115179,127.13208648584369
2019061300100386.0,2019년 6월 13일 16시,목요일,서울특별시 서대문구 홍은동,경상사고,0.0,0.0,1.0,0.0,차대사람 - 횡단중,보행자보호의무위반,건조,맑음,교차로 - 교차로횡단보도내,승용,남,51세,상해없음,보행자,여,12세,경상,37.49144679012858,127.06074850337112
2019061400100116.0,2019년 6월 14일 08시,금요일,서울특별시 중랑구 면목동,부상신고사고,0.0,0.0,0.0,1.0,차대사람 - 기타,기타,건조,맑음,단일로 - 기타,자전거,남,29세,상해없음,보행자,남,8세,부상신고,37.58650807556925,126.93471604334734
2019061400100449.0,2019년 6월 14일 17시,금요일,서울특별시 노원구 월계동,경상사고,0.0,0.0,1.0,0.0,차대사람 - 횡단중,안전운전불이행,건조,맑음,교차로 - 교차로부근,승용,남,33세,상해없음,보행자,남,11세,경상,37.5896676902698,127.07314128330718
2019061400100558.0,2019년 6월 14일 19시,금요일,서울특별시 강동구 천호동,부상신고사고,0.0,0.0,0.0,1.0,차대사람 - 횡단중,안전운전불이행,건조,맑음,단일로 - 기타,화물,남,67세,상해없음,보행자,남,3세,부상신고,37.623212734616445,127.0673741737464
2019061500100274.0,2019년 6월 15일 12시,토요일,서울특별시 도봉구 창동,중상사고,0.0,1.0,0.0,0.0,차대사람 - 기타,안전운전불이행,건조,맑음,단일로 - 기타,승용,남,75세,상해없음,보행자,여,3세,중상,37.54373320655896,127.1286450276794
2019061500100372.0,2019년 6월 15일 14시,토요일,서울특별시 도봉구 창동,중상사고,0.0,1.0,0.0,0.0,차대사람 - 기타,보행자보호의무위반,건조,맑음,교차로 - 교차로횡단보도내,승용,남,50세,상해없음,보행자,남,10세,중상,37.65172971564906,127.0477782369559
2019061500100459.0,2019년 6월 15일 16시,토요일,서울특별시 은평구 역촌동,부상신고사고,0.0,0.0,0.0,1.0,차대사람 - 기타,안전운전불이행,건조,맑음,교차로 - 교차로부근,승용,남,67세,상해없음,보행자,남,7세,부상신고,37.6466229022986,127.03943219470452
2019061500100500.0,2019년 6월 15일 17시,토요일,서울특별시 양천구 신월동,중상사고,0.0,1.0,0.0,0.0,차대사람 - 기타,보행자보호의무위반,건조,맑음,교차로 - 교차로횡단보도내,승용,여,37세,기타불명,보행자,여,6세,중상,37.60277601214065,126.91594562152213
2019061500100503.0,2019년 6월 15일 17시,토요일,서울특별시 강남구 대치동,경상사고,0.0,0.0,1.0,0.0,차대사람 - 기타,안전운전불이행,건조,맑음,단일로 - 기타,원동기,남,17세,상해없음,보행자,남,10세,경상,37.53580547069923,126.8292915761342
2019061500100623.0,2019년 6월 15일 20시,토요일,서울특별시 송파구 거여동,부상신고사고,0.0,0.0,0.0,2.0,차대사람 - 횡단중,안전운전불이행,건조,맑음,단일로 - 기타,이륜,남,50세,부상신고,보행자,남,8세,부상신고,37.49983478773537,127.05495217815482
2019061600100393.0,2019년 6월 16일 18시,일요일,서울특별시 동대문구 용두동,경상사고,0.0,0.0,1.0,0.0,차대사람 - 기타,안전운전불이행,건조,맑음,기타 - 기타,이륜,남,57세,상해없음,보행자,남,9세,경상,37.49427207972343,127.14507834554745
2019061700100366.0,2019년 6월 17일 15시,월요일,서울특별시 강서구 화곡동,중상사고,0.0,1.0,0.0,0.0,차대사람 - 길가장자리구역통행중,안전운전불이행,건조,맑음,단일로 - 기타,승용,여,29세,상해없음,보행자,여,7세,중상,37.57340400808622,127.031831783605
2019061700100410.0,2019년 6월 17일 16시,월요일,서울특별시 은평구 응암동,중상사고,0.0,1.0,0.0,0.0,차대사람 - 횡단중,안전운전불이행,건조,맑음,교차로 - 교차로부근,화물,남,33세,상해없음,보행자,여,12세,중상,37.533116023398335,126.84799084377944
2019061700100423.0,2019년 6월 17일 16시,월요일,서울특별시 성북구 상월곡동,중상사고,0.0,1.0,0.0,0.0,차대사람 - 횡단중,기타,건조,맑음,단일로 - 기타,승용,여,56세,상해없음,보행자,남,6세,중상,37.59346805913959,126.9201868853541
2019061700100522.0,2019년 6월 17일 18시,월요일,서울특별시 강서구 화곡동,경상사고,0.0,0.0,1.0,0.0,차대사람 - 보도통행중,보행자보호의무위반,건조,맑음,교차로 - 교차로횡단보도내,승용,남,19세,상해없음,보행자,여,10세,경상,37.60698974437685,127.04608922671471
2019061700100523.0,2019년 6월 17일 18시,월요일,서울특별시 성북구 장위동,경상사고,0.0,0.0,1.0,0.0,차대사람 - 횡단중,안전운전불이행,건조,맑음,단일로 - 기타,승용,남,49세,상해없음,보행자,남,10세,경상,37.5342865922938,126.84777692010135
2019061700100660.0,2019년 6월 17일 22시,월요일,서울특별시 송파구 풍납동,중상사고,0.0,1.0,1.0,0.0,차대사람 - 기타,안전운전불이행,건조,맑음,단일로 - 기타,자전거,남,16세,상해없음,보행자,남,44세,중상,37.612236981133336,127.04881061728746
2019061800100400.0,2019년 6월 18일 16시,화요일,서울특별시 송파구 석촌동,경상사고,0.0,0.0,1.0,0.0,차대사람 - 차도통행중,안전운전불이행,건조,맑음,기타 - 기타,승용,여,40세,상해없음,보행자,남,9세,경상,37.53672825183212,127.12251092872386
2019061800100514.0,2019년 6월 18일 19시,화요일,서울특별시 광진구 구의동,중상사고,0.0,1.0,0.0,0.0,차대사람 - 횡단중,신호위반,젖음/습기,비,단일로 - 기타,원동기,남,28세,상해없음,보행자,남,12세,중상,37.50009273821441,127.10198053985752
2019061900100314.0,2019년 6월 19일 14시,수요일,서울특별시 광진구 구의동,경상사고,0.0,0.0,1.0,0.0,차대사람 - 기타,안전운전불이행,건조,맑음,단일로 - 기타,승용,남,67세,상해없음,보행자,남,6세,경상,37.539742395761486,127.0833758222143
2019061900100346.0,2019년 6월 19일 15시,수요일,서울특별시 도봉구 창동,경상사고,0.0,0.0,1.0,0.0,차대사람 - 횡단중,보행자보호의무위반,건조,맑음,단일로 - 기타,승용,여,41세,상해없음,보행자,남,3세,경상,37.55236390887505,127.09446839646613
2019061900100515.0,2019년 6월 19일 19시,수요일,서울특별시 송파구 마천동,중상사고,0.0,1.0,0.0,0.0,차대사람 - 기타,안전운전불이행,건조,맑음,단일로 - 기타,화물,남,47세,상해없음,보행자,남,4세,중상,37.659698683157686,127.04573448741549
2019061900100552.0,2019년 6월 19일 20시,수요일,서울특별시 영등포구 여의도동,중상사고,0.0,1.0,0.0,1.0,차대사람 - 차도통행중,신호위반,건조,맑음,교차로 - 교차로안,이륜,남,19세,상해없음,보행자,여,38세,중상,37.50119926153127,127.14665209168056
2019061900100589.0,2019년 6월 19일 21시,수요일,서울특별시 강서구 가양동,경상사고,0.0,0.0,1.0,0.0,차대사람 - 기타,신호위반,건조,맑음,교차로 - 교차로안,이륜,남,17세,상해없음,보행자,남,5세,경상,37.52216105978944,126.9309920797943
2019062000100364.0,2019년 6월 20일 15시,목요일,서울특별시 강남구 역삼동,부상신고사고,0.0,0.0,0.0,1.0,차대사람 - 보도통행중,기타,건조,맑음,단일로 - 기타,자전거,여,37세,기타불명,보행자,여,10세,부상신고,37.56450624976825,126.84897420902033
2019062000100405.0,2019년 6월 20일 16시,목요일,서울특별시 성북구 종암동,중상사고,0.0,1.0,0.0,0.0,차대사람 - 횡단중,기타,건조,맑음,단일로 - 기타,승용,남,41세,상해없음,보행자,남,8세,중상,37.49894233221679,127.04545435599644
2019062100100346.0,2019년 6월 21일 15시,금요일,서울특별시 동작구 사당동,경상사고,0.0,0.0,1.0,0.0,차대사람 - 횡단중,신호위반,건조,맑음,교차로 - 교차로횡단보도내,이륜,남,45세,상해없음,보행자,남,9세,경상,37.59418812880581,127.03616469231828
2019062100100392.0,2019년 6월 21일 16시,금요일,서울특별시 영등포구 신길동,경상사고,0.0,0.0,1.0,0.0,차대사람 - 횡단중,보행자보호의무위반,건조,맑음,교차로 - 교차로안,승용,여,46세,상해없음,보행자,남,8세,경상,37.48449962896903,126.97923654082076
2019062100100643.0,2019년 6월 21일 21시,금요일,서울특별시 강동구 암사동,경상사고,0.0,0.0,1.0,0.0,차대사람 - 횡단중,보행자보호의무위반,건조,맑음,교차로 - 교차로횡단보도내,이륜,남,18세,상해없음,보행자,여,6세,경상,37.5069625753068,126.91953284122738
2019062200100281.0,2019년 6월 22일 12시,토요일,서울특별시 송파구 송파동,경상사고,0.0,0.0,1.0,0.0,차대사람 - 기타,안전운전불이행,건조,맑음,단일로 - 기타,승용,남,39세,상해없음,보행자,남,9세,경상,37.54912713336467,127.12986356206656
2019062200100547.0,2019년 6월 22일 18시,토요일,서울특별시 은평구 역촌동,경상사고,0.0,0.0,1.0,0.0,차대사람 - 횡단중,안전운전불이행,건조,맑음,단일로 - 기타,승용,남,33세,상해없음,보행자,여,8세,경상,37.50734452307941,127.11155938762168
2019062200100580.0,2019년 6월 22일 19시,토요일,서울특별시 송파구 신천동,중상사고,0.0,1.0,0.0,0.0,차대사람 - 보도통행중,안전운전불이행,건조,맑음,단일로 - 기타,원동기,남,27세,상해없음,보행자,남,4세,중상,37.602817325503615,126.91156101938358
2019062200100598.0,2019년 6월 22일 20시,토요일,서울특별시 강북구 수유동,경상사고,0.0,0.0,1.0,0.0,차대사람 - 횡단중,안전운전불이행,건조,맑음,단일로 - 기타,승용,여,59세,상해없음,보행자,여,6세,경상,37.51350484868756,127.10194327083012
2019062300100059.0,2019년 6월 23일 02시,일요일,서울특별시 중랑구 면목동,경상사고,0.0,0.0,1.0,0.0,차대사람 - 기타,안전운전불이행,건조,맑음,단일로 - 기타,승용,남,59세,상해없음,보행자,남,6세,경상,37.6402896572918,127.01327697027764
2019062300100409.0,2019년 6월 23일 17시,일요일,서울특별시 강서구 화곡동,부상신고사고,0.0,0.0,0.0,1.0,차대사람 - 기타,안전운전불이행,건조,맑음,단일로 - 기타,승용,남,78세,상해없음,보행자,남,9세,부상신고,37.57591339738919,127.08076218103824
2019062300100483.0,2019년 6월 23일 19시,일요일,서울특별시 양천구 신월동,중상사고,0.0,1.0,0.0,0.0,차대사람 - 횡단중,안전운전불이행,건조,맑음,단일로 - 기타,승용,남,34세,상해없음,보행자,여,11세,중상,37.53896666963315,126.8368244681562
2019062400100595.0,2019년 6월 24일 19시,월요일,서울특별시 중랑구 상봉동,경상사고,0.0,0.0,1.0,0.0,차대사람 - 횡단중,보행자보호의무위반,건조,맑음,교차로 - 교차로횡단보도내,이륜,남,32세,상해없음,보행자,남,8세,경상,37.52722100340355,126.83822996887794
2019062500100532.0,2019년 6월 25일 18시,화요일,서울특별시 용산구 이태원동,경상사고,0.0,0.0,1.0,0.0,차대사람 - 기타,안전운전불이행,건조,맑음,교차로 - 교차로안,화물,남,51세,상해없음,보행자,여,7세,경상,37.59331897434524,127.08860515006528
2019062500100538.0,2019년 6월 25일 18시,화요일,서울특별시 성동구 하왕십리동,경상사고,0.0,0.0,1.0,0.0,차대사람 - 차도통행중,보행자보호의무위반,건조,맑음,단일로 - 기타,승용,남,37세,상해없음,보행자,남,9세,경상,37.5393277629855,126.9892578992788
2019062600100221.0,2019년 6월 26일 11시,수요일,서울특별시 양천구 신월동,중상사고,0.0,1.0,1.0,0.0,차대사람 - 기타,안전운전불이행,건조,맑음,단일로 - 기타,화물,남,36세,상해없음,보행자,여,31세,중상,37.56654791868145,127.02585062373944
2019062600100364.0,2019년 6월 26일 15시,수요일,서울특별시 동대문구 휘경동,중상사고,0.0,1.0,0.0,0.0,차대사람 - 기타,안전운전불이행,건조,흐림,단일로 - 기타,이륜,남,56세,상해없음,보행자,남,10세,중상,37.52306465543348,126.8444909096899
2019062600100367.0,2019년 6월 26일 15시,수요일,서울특별시 강동구 성내동,경상사고,0.0,0.0,1.0,0.0,차대사람 - 횡단중,보행자보호의무위반,건조,맑음,교차로 - 교차로횡단보도내,승용,여,44세,상해없음,보행자,여,9세,경상,37.58929479642189,127.05995889441908
2019062600100411.0,2019년 6월 26일 16시,수요일,서울특별시 송파구 방이동,부상신고사고,0.0,0.0,0.0,1.0,차대사람 - 횡단중,안전운전불이행,건조,맑음,단일로 - 기타,승용,남,36세,상해없음,보행자,남,4세,부상신고,37.529927879094025,127.13262949103856
2019062700100125.0,2019년 6월 27일 08시,목요일,서울특별시 강남구 세곡동,경상사고,0.0,0.0,1.0,0.0,차대사람 - 횡단중,신호위반,건조,맑음,교차로 - 교차로횡단보도내,승용,여,50세,상해없음,보행자,남,10세,경상,37.50933647395621,127.11985415079594
2019062700100263.0,2019년 6월 27일 12시,목요일,서울특별시 양천구 신정동,경상사고,0.0,0.0,1.0,0.0,차대사람 - 기타,안전운전불이행,건조,맑음,단일로 - 기타,기타불명,기타불명,미분류,기타불명,보행자,남,7세,경상,37.46701176520172,127.10170365257326
2019062700100407.0,2019년 6월 27일 16시,목요일,서울특별시 영등포구 대림동,경상사고,0.0,0.0,1.0,0.0,차대사람 - 기타,안전운전불이행,건조,맑음,교차로 - 교차로안,승용,남,61세,상해없음,보행자,남,5세,경상,37.51256657129278,126.83849516646572
2019062700100410.0,2019년 6월 27일 16시,목요일,서울특별시 구로구 구로동,경상사고,0.0,0.0,1.0,0.0,차대사람 - 기타,안전운전불이행,건조,맑음,단일로 - 기타,승합,남,40세,상해없음,보행자,여,10세,경상,37.49295742572746,126.89829499952306
2019062800100505.0,2019년 6월 28일 18시,금요일,서울특별시 금천구 시흥동,경상사고,0.0,0.0,1.0,0.0,차대사람 - 기타,안전운전불이행,건조,맑음,교차로 - 교차로부근,화물,남,37세,상해없음,보행자,여,10세,경상,37.49059079409293,126.88332571599985
2019062800100676.0,2019년 6월 28일 22시,금요일,서울특별시 송파구 잠실동,경상사고,0.0,0.0,1.0,0.0,차대사람 - 기타,보행자보호의무위반,건조,맑음,교차로 - 교차로횡단보도내,자전거,남,13세,상해없음,보행자,남,6세,경상,37.45175495825293,126.90873282204956
2019062900100405.0,2019년 6월 29일 16시,토요일,서울특별시 금천구 가산동,경상사고,0.0,0.0,1.0,0.0,차대사람 - 기타,안전운전불이행,건조,흐림,단일로 - 기타,화물,남,63세,상해없음,보행자,남,8세,경상,37.51147185677254,127.08480030874568
2019062900100492.0,2019년 6월 29일 18시,토요일,서울특별시 은평구 증산동,부상신고사고,0.0,0.0,0.0,1.0,차대사람 - 기타,안전운전불이행,건조,맑음,단일로 - 기타,자전거,남,29세,상해없음,보행자,여,4세,부상신고,37.47747004795578,126.89435893560815
2019063000100176.0,2019년 6월 30일 12시,일요일,서울특별시 구로구 구로동,경상사고,0.0,0.0,1.0,0.0,차대사람 - 기타,안전운전불이행,건조,맑음,단일로 - 기타,자전거,남,25세,상해없음,보행자,여,2세,경상,37.5806821233985,126.90650288566596
2019063000100372.0,2019년 6월 30일 19시,일요일,서울특별시 노원구 상계동,중상사고,0.0,1.0,0.0,0.0,차대사람 - 보도통행중,안전운전불이행,건조,맑음,단일로 - 기타,이륜,남,23세,상해없음,보행자,남,4세,중상,37.49115669739667,126.8881512803572
2019070100100251.0,2019년 7월 1일 11시,월요일,서울특별시 영등포구 영등포동7가,경상사고,0.0,0.0,1.0,0.0,차대사람 - 횡단중,보행자보호의무위반,건조,맑음,교차로 - 교차로횡단보도내,화물,남,68세,상해없음,보행자,여,1세,경상,37.65009607996903,127.0615161964156
2019070100100460.0,2019년 7월 1일 17시,월요일,서울특별시 송파구 송파동,부상신고사고,0.0,0.0,0.0,1.0,차대사람 - 기타,안전운전불이행,건조,맑음,단일로 - 기타,승용,여,39세,상해없음,보행자,남,10세,부상신고,37.52545231096504,126.90563923778468
2019070200100356.0,2019년 7월 2일 15시,화요일,서울특별시 동대문구 휘경동,경상사고,0.0,0.0,1.0,0.0,차대사람 - 기타,안전운전불이행,건조,맑음,단일로 - 기타,승용,남,45세,상해없음,보행자,남,10세,경상,37.50417394451014,127.11223202996938
2019070200100429.0,2019년 7월 2일 17시,화요일,서울특별시 마포구 망원동,중상사고,0.0,1.0,0.0,0.0,차대사람 - 기타,안전운전불이행,건조,맑음,단일로 - 기타,승용,여,61세,상해없음,보행자,남,10세,중상,37.58919995199559,127.06111479551068
2019070200100430.0,2019년 7월 2일 17시,화요일,서울특별시 관악구 신림동,경상사고,0.0,0.0,1.0,0.0,차대사람 - 횡단중,중앙선침범,건조,맑음,단일로 - 기타,승용,남,59세,상해없음,보행자,남,9세,경상,37.557911677713314,126.90421532731624
2019070200100520.0,2019년 7월 2일 19시,화요일,서울특별시 중랑구 묵동,중상사고,0.0,1.0,0.0,0.0,차대사람 - 횡단중,보행자보호의무위반,건조,맑음,교차로 - 교차로부근,승용,여,54세,상해없음,보행자,남,6세,중상,37.47166767096487,126.9329809617658
2019070200100552.0,2019년 7월 2일 20시,화요일,서울특별시 송파구 마천동,경상사고,0.0,0.0,1.0,0.0,차대사람 - 기타,안전운전불이행,건조,맑음,교차로 - 교차로안,승용,남,44세,상해없음,보행자,남,8세,경상,37.61738738560856,127.08162854646908
2019070300100341.0,2019년 7월 3일 15시,수요일,서울특별시 강서구 화곡동,부상신고사고,0.0,0.0,0.0,1.0,차대사람 - 기타,안전운전불이행,건조,맑음,교차로 - 교차로안,화물,남,56세,상해없음,보행자,남,8세,부상신고,37.49598991145911,127.15291000513037
2019070300100416.0,2019년 7월 3일 17시,수요일,서울특별시 구로구 구로동,경상사고,0.0,0.0,1.0,0.0,차대사람 - 기타,안전운전불이행,건조,맑음,단일로 - 기타,기타불명,기타불명,미분류,기타불명,보행자,남,3세,경상,37.54772418346374,126.84588253217636
2019070300100510.0,2019년 7월 3일 19시,수요일,서울특별시 송파구 잠실동,경상사고,0.0,0.0,1.0,0.0,차대사람 - 기타,안전운전불이행,건조,맑음,단일로 - 기타,이륜,남,19세,상해없음,보행자,남,4세,경상,37.4904448835935,126.884729588094
2019070400100414.0,2019년 7월 4일 16시,목요일,서울특별시 강서구 방화동,중상사고,0.0,1.0,0.0,0.0,차대사람 - 기타,보행자보호의무위반,건조,맑음,교차로 - 교차로부근,승합,남,66세,상해없음,보행자,남,8세,중상,37.51408994149014,127.09115645285522
2019070400100457.0,2019년 7월 4일 17시,목요일,서울특별시 금천구 가산동,경상사고,0.0,0.0,1.0,0.0,차대사람 - 기타,기타,건조,맑음,교차로 - 교차로부근,승용,여,49세,상해없음,보행자,여,6세,경상,37.5766714812786,126.81813258580377
2019070400100503.0,2019년 7월 4일 18시,목요일,서울특별시 관악구 신림동,중상사고,0.0,1.0,0.0,0.0,차대사람 - 횡단중,보행자보호의무위반,건조,맑음,교차로 - 교차로횡단보도내,이륜,남,31세,상해없음,보행자,여,9세,중상,37.47538551378568,126.89213645508109
2019070400100508.0,2019년 7월 4일 18시,목요일,서울특별시 강남구 개포동,경상사고,0.0,0.0,1.0,0.0,차대사람 - 횡단중,보행자보호의무위반,건조,맑음,단일로 - 기타,승합,남,44세,상해없음,보행자,남,8세,경상,37.470143457881214,126.91979506207892
2019070400100510.0,2019년 7월 4일 18시,목요일,서울특별시 강남구 역삼동,경상사고,0.0,0.0,1.0,0.0,차대사람 - 횡단중,보행자보호의무위반,건조,맑음,단일로 - 기타,승용,남,60세,상해없음,보행자,남,10세,경상,37.48256539074663,127.06237269929764
2019070500100122.0,2019년 7월 5일 08시,금요일,서울특별시 마포구 아현동,경상사고,0.0,0.0,1.0,0.0,차대사람 - 횡단중,신호위반,건조,맑음,단일로 - 기타,승용,남,43세,상해없음,보행자,여,10세,경상,37.49235838132997,127.03975895303854
2019070600100212.0,2019년 7월 6일 10시,토요일,서울특별시 영등포구 여의도동,부상신고사고,0.0,0.0,0.0,1.0,차대사람 - 기타,신호위반,건조,맑음,교차로 - 교차로횡단보도내,승용,여,29세,상해없음,보행자,여,3세,부상신고,37.55632112748328,126.95561787412252
2019070600100507.0,2019년 7월 6일 17시,토요일,서울특별시 동대문구 장안동,경상사고,0.0,0.0,1.0,0.0,차대사람 - 횡단중,안전운전불이행,건조,맑음,단일로 - 기타,승용,남,40세,상해없음,보행자,남,7세,경상,37.51958631024088,126.92051011005246
2019070700100247.0,2019년 7월 7일 14시,일요일,서울특별시 중구 황학동,중상사고,0.0,1.0,0.0,0.0,차대사람 - 차도통행중,안전운전불이행,건조,맑음,단일로 - 기타,승용,남,37세,상해없음,보행자,남,2세,중상,37.57051543599324,127.0661051292217
2019070700100248.0,2019년 7월 7일 14시,일요일,서울특별시 영등포구 대림동,경상사고,0.0,0.0,1.0,0.0,차대사람 - 기타,안전운전불이행,건조,맑음,교차로 - 교차로안,승용,남,72세,기타불명,보행자,남,4세,경상,37.570019466448514,127.01949851891814
2019070700100284.0,2019년 7월 7일 15시,일요일,서울특별시 송파구 잠실동,부상신고사고,0.0,0.0,0.0,1.0,차대사람 - 길가장자리구역통행중,안전운전불이행,건조,맑음,단일로 - 기타,자전거,남,13세,상해없음,보행자,남,4세,부상신고,37.503814776887296,126.89575275708395
2019070700100435.0,2019년 7월 7일 20시,일요일,서울특별시 영등포구 여의도동,경상사고,0.0,0.0,2.0,0.0,차대사람 - 기타,안전운전불이행,건조,맑음,단일로 - 기타,자전거,남,6세,경상,보행자,남,5세,경상,37.51923526175542,127.07542133845548
2019070800100306.0,2019년 7월 8일 13시,월요일,서울특별시 송파구 가락동,부상신고사고,0.0,0.0,0.0,1.0,차대사람 - 보도통행중,안전운전불이행,건조,맑음,단일로 - 기타,자전거,기타불명,미분류,기타불명,보행자,남,9세,부상신고,37.5308291663973,126.92852682017944
2019070800100392.0,2019년 7월 8일 16시,월요일,서울특별시 서대문구 충정로2가,중상사고,0.0,1.0,0.0,0.0,차대사람 - 횡단중,안전운전불이행,건조,맑음,교차로 - 교차로안,승용,여,49세,상해없음,보행자,남,12세,중상,37.4988809454673,127.1313109222237
2019070800100434.0,2019년 7월 8일 17시,월요일,서울특별시 동대문구 장안동,경상사고,0.0,0.0,1.0,0.0,차대사람 - 횡단중,보행자보호의무위반,건조,맑음,교차로 - 교차로횡단보도내,자전거,기타불명,미분류,기타불명,보행자,남,6세,경상,37.56577112977036,126.9663402128668
2019070900100370.0,2019년 7월 9일 15시,화요일,서울특별시 강동구 성내동,경상사고,0.0,0.0,1.0,0.0,차대사람 - 기타,안전운전불이행,건조,맑음,단일로 - 기타,승용,남,47세,상해없음,보행자,여,11세,경상,37.57046310204033,127.07400962294392
2019070900100480.0,2019년 7월 9일 18시,화요일,서울특별시 양천구 목동,경상사고,0.0,0.0,1.0,0.0,차대사람 - 횡단중,신호위반,건조,맑음,교차로 - 교차로부근,이륜,남,45세,상해없음,보행자,남,11세,경상,37.53344189482417,127.12363670398352
2019070900100481.0,2019년 7월 9일 18시,화요일,서울특별시 도봉구 창동,부상신고사고,0.0,0.0,0.0,1.0,차대사람 - 횡단중,안전운전불이행,건조,맑음,교차로 - 교차로안,화물,남,27세,상해없음,보행자,남,2세,부상신고,37.53749470568363,126.8726054276698
2019070900100560.0,2019년 7월 9일 20시,화요일,서울특별시 송파구 잠실동,경상사고,0.0,0.0,1.0,0.0,차대사람 - 기타,안전운전불이행,건조,맑음,기타 - 기타,기타불명,기타불명,미분류,기타불명,보행자,남,10세,경상,37.65415673863091,127.04372763757642
2019071000100101.0,2019년 7월 10일 08시,수요일,서울특별시 양천구 신정동,경상사고,0.0,0.0,1.0,0.0,차대사람 - 횡단중,안전운전불이행,건조,맑음,단일로 - 기타,화물,남,55세,상해없음,보행자,남,6세,경상,37.51120522794658,127.08587672032228
2019071000100262.0,2019년 7월 10일 13시,수요일,서울특별시 강동구 천호동,경상사고,0.0,0.0,1.0,0.0,차대사람 - 기타,안전운전불이행,건조,맑음,단일로 - 기타,승용,여,25세,상해없음,보행자,여,9세,경상,37.509325789753376,126.86720654836785
2019071100100315.0,2019년 7월 11일 14시,목요일,서울특별시 광진구 구의동,경상사고,0.0,0.0,1.0,0.0,차대사람 - 보도통행중,안전운전불이행,건조,맑음,교차로 - 교차로부근,승용,여,58세,상해없음,보행자,남,10세,경상,37.5450094022787,127.1274613939499
2019071100100349.0,2019년 7월 11일 15시,목요일,서울특별시 성동구 행당동,경상사고,0.0,0.0,1.0,0.0,차대사람 - 횡단중,안전운전불이행,건조,맑음,교차로 - 교차로부근,승용,남,29세,상해없음,보행자,남,12세,경상,37.53393936717219,127.09160272648708