사고번호,사고일시,요일,시군구,사고내용,사망자수,중상자수,경상자수,부상신고자수,사고유형,법규위반,노면상태,기상상태,도로형태,가해운전자 차종,가해운전자 성별,가해운전자 연령,가해운전자 상해정도,피해운전자 차종,피해운전자 성별,피해운전자 연령,피해운전자 상해정도,lat(위도),lon(경도)
2019071100100355.0,2019년 7월 11일 15시,목요일,서울특별시 도봉구 창동,경상사고,0.0,0.0,1.0,0.0,차대사람 - 횡단중,안전운전불이행,건조,맑음,단일로 - 기타,이륜,남,20세,상해없음,보행자,남,12세,경상,37.55857780074453,127.03435884589103
2019071200100361.0,2019년 7월 12일 14시,금요일,서울특별시 중랑구 신내동,경상사고,0.0,0.0,1.0,0.0,차대사람 - 횡단중,안전운전불이행,건조,맑음,교차로 - 교차로횡단보도내,승용,여,37세,상해없음,보행자,여,9세,경상,37.64897649659017,127.03741119694966
2019071200100398.0,2019년 7월 12일 15시,금요일,서울특별시 강서구 방화동,중상사고,0.0,1.0,1.0,0.0,차대사람 - 횡단중,신호위반,건조,맑음,단일로 - 기타,이륜,남,18세,경상,보행자,여,5세,중상,37.60828423137186,127.09994317021622
2019071200100542.0,2019년 7월 12일 18시,금요일,서울특별시 강남구 자곡동,경상사고,0.0,0.0,1.0,1.0,차대사람 - 기타,안전운전불이행,건조,맑음,단일로 - 기타,자전거,남,12세,부상신고,보행자,남,5세,경상,37.57073971342541,126.81175465495238
2019071300100157.0,2019년 7월 13일 10시,토요일,서울특별시 노원구 중계동,경상사고,0.0,0.0,1.0,0.0,차대사람 - 횡단중,신호위반,건조,맑음,교차로 - 교차로부근,승용,여,46세,기타불명,보행자,남,8세,경상,37.472192426701454,127.09575013143586
2019071400100279.0,2019년 7월 14일 15시,일요일,서울특별시 강북구 번동,경상사고,0.0,0.0,1.0,0.0,차대사람 - 차도통행중,안전운전불이행,건조,맑음,교차로 - 교차로안,승용,여,41세,상해없음,보행자,여,6세,경상,37.65059566376643,127.0799119312304
2019071400100283.0,2019년 7월 14일 15시,일요일,서울특별시 도봉구 방학동,부상신고사고,0.0,0.0,0.0,1.0,차대사람 - 기타,안전운전불이행,건조,맑음,교차로 - 교차로안,승용,남,49세,상해없음,보행자,남,8세,부상신고,37.62841994485509,127.04279706781784
2019071400100343.0,2019년 7월 14일 17시,일요일,서울특별시 강남구 일원동,경상사고,0.0,0.0,1.0,0.0,차대사람 - 기타,보행자보호의무위반,건조,맑음,단일로 - 기타,승용,남,38세,상해없음,보행자,남,8세,경상,37.66612343338785,127.03373315127983
2019071500100067.0,2019년 7월 15일 07시,월요일,서울특별시 동작구 신대방동,부상신고사고,0.0,0.0,0.0,1.0,차대사람 - 기타,안전운전불이행,건조,맑음,단일로 - 기타,승용,남,53세,상해없음,보행자,남,7세,부상신고,37.49245696525524,127.08332187265373
2019071500100275.0,2019년 7월 15일 14시,월요일,서울특별시 서대문구 홍은동,경상사고,0.0,0.0,1.0,0.0,차대사람 - 보도통행중,기타,건조,맑음,단일로 - 기타,승용,여,38세,상해없음,보행자,여,12세,경상,37.49687917052299,126.91643198495684
2019071500100325.0,2019년 7월 15일 15시,월요일,서울특별시 서대문구 북가좌동,경상사고,0.0,0.0,1.0,0.0,차대사람 - 횡단중,보행자보호의무위반,건조,맑음,교차로 - 교차로횡단보도내,승용,남,57세,상해없음,보행자,여,9세,경상,37.59305010245859,126.94384177082468
2019071500100330.0,2019년 7월 15일 15시,월요일,서울특별시 송파구 가락동,경상사고,0.0,0.0,1.0,0.0,차대사람 - 횡단중,신호위반,건조,맑음,교차로 - 교차로안,이륜,남,18세,상해없음,보행자,남,4세,경상,37.57331714334688,126.91170262355924
2019071600100322.0,2019년 7월 16일 15시,화요일,서울특별시 강남구 신사동,경상사고,0.0,0.0,1.0,0.0,차대사람 - 길가장자리구역통행중,안전운전불이행,건조,맑음,단일로 - 지하차도(도로)내,승용,남,52세,상해없음,보행자,여,8세,경상,37.50197093990752,127.1279016117436
2019071700100471.0,2019년 7월 17일 18시,수요일,서울특별시 동대문구 답십리동,경상사고,0.0,0.0,1.0,0.0,차대사람 - 길가장자리구역통행중,안전운전불이행,건조,맑음,단일로 - 기타,승용,여,32세,상해없음,보행자,여,8세,경상,37.5213896942505,127.02348845462578
2019071900100057.0,2019년 7월 19일 02시,금요일,서울특별시 도봉구 창동,경상사고,0.0,0.0,1.0,0.0,차대사람 - 횡단중,안전운전불이행,건조,맑음,교차로 - 교차로횡단보도내,승합,여,67세,상해없음,보행자,남,9세,경상,37.57387061845601,127.05698071122151
2019071900100126.0,2019년 7월 19일 08시,금요일,서울특별시 강북구 미아동,경상사고,0.0,0.0,1.0,0.0,차대사람 - 길가장자리구역통행중,안전운전불이행,건조,맑음,단일로 - 기타,승용,남,66세,상해없음,보행자,여,9세,경상,37.6486916786706,127.05236503215308
2019071900100412.0,2019년 7월 19일 15시,금요일,서울특별시 성북구 하월곡동,경상사고,0.0,0.0,1.0,0.0,차대사람 - 차도통행중,안전운전불이행,건조,맑음,교차로 - 교차로부근,화물,남,50세,상해없음,보행자,남,9세,경상,37.62346624561928,127.02100183216632
2019071900100440.0,2019년 7월 19일 16시,금요일,서울특별시 광진구 자양동,부상신고사고,0.0,0.0,0.0,1.0,차대사람 - 횡단중,보행자보호의무위반,건조,맑음,단일로 - 기타,승용,여,37세,상해없음,보행자,여,7세,부상신고,37.60421477153472,127.03941055611708
2019072000100439.0,2019년 7월 20일 18시,토요일,서울특별시 강서구 등촌동,경상사고,0.0,0.0,1.0,0.0,차대사람 - 기타,안전운전불이행,기타,맑음,단일로 - 기타,승용,여,58세,상해없음,보행자,남,6세,경상,37.53481610394329,127.07192610319484
2019072200100304.0,2019년 7월 22일 13시,월요일,서울특별시 동작구 대방동,경상사고,0.0,0.0,1.0,0.0,차대사람 - 기타,안전운전불이행,건조,맑음,단일로 - 기타,승용,남,60세,상해없음,보행자,남,11세,경상,37.55464315675845,126.86174016692333
2019072300100507.0,2019년 7월 23일 18시,화요일,서울특별시 종로구 평동,중상사고,0.0,1.0,0.0,0.0,차대사람 - 횡단중,보행자보호의무위반,건조,맑음,교차로 - 교차로횡단보도내,이륜,남,49세,상해없음,보행자,남,8세,중상,37.50229148493019,126.92834842497273
2019072300100509.0,2019년 7월 23일 18시,화요일,서울특별시 강북구 수유동,중상사고,0.0,1.0,0.0,0.0,차대사람 - 길가장자리구역통행중,안전운전불이행,건조,맑음,단일로 - 기타,승용,남,56세,상해없음,보행자,여,12세,중상,37.56900797551127,126.96457325588716
2019072400100324.0,2019년 7월 24일 14시,수요일,서울특별시 마포구 상암동,중상사고,0.0,1.0,0.0,0.0,차대사람 - 횡단중,보행자보호의무위반,건조,맑음,교차로 - 교차로횡단보도내,승용,남,54세,상해없음,보행자,여,10세,중상,37.63062235555712,127.02309787279444
2019072400100460.0,2019년 7월 24일 17시,수요일,서울특별시 강동구 천호동,중상사고,0.0,1.0,0.0,0.0,차대사람 - 기타,신호위반,건조,맑음,교차로 - 교차로횡단보도내,승용,남,72세,상해없음,보행자,여,5세,중상,37.57611828278869,126.88824950769404
2019072400100511.0,2019년 7월 24일 18시,수요일,서울특별시 동작구 상도동,경상사고,0.0,0.0,1.0,0.0,차대사람 - 차도통행중,안전운전불이행,건조,맑음,교차로 - 교차로부근,승합,남,75세,상해없음,보행자,남,4세,경상,37.53840623558086,127.13153521150863
2019072400100513.0,2019년 7월 24일 18시,수요일,서울특별시 노원구 상계동,경상사고,0.0,0.0,1.0,0.0,차대사람 - 기타,안전운전불이행,건조,맑음,단일로 - 기타,승용,남,51세,기타불명,보행자,남,8세,경상,37.49667002187304,126.93083485199358
2019072500100354.0,2019년 7월 25일 15시,목요일,서울특별시 강북구 번동,경상사고,0.0,0.0,1.0,0.0,차대사람 - 횡단중,보행자보호의무위반,건조,흐림,교차로 - 교차로횡단보도내,승용,여,49세,상해없음,보행자,남,9세,경상,37.665637310565735,127.06699198798783
2019072500100387.0,2019년 7월 25일 16시,목요일,서울특별시 중랑구 면목동,부상신고사고,0.0,0.0,0.0,1.0,차대사람 - 기타,안전운전불이행,건조,맑음,교차로 - 교차로부근,원동기,남,37세,상해없음,보행자,남,2세,부상신고,37.62665550922757,127.03872815308117
2019072700100212.0,2019년 7월 27일 10시,토요일,서울특별시 동대문구 회기동,경상사고,0.0,0.0,1.0,0.0,차대사람 - 차도통행중,안전운전불이행,건조,맑음,단일로 - 기타,승용,여,46세,상해없음,보행자,남,6세,경상,37.58660774340858,127.08711301058015
2019072800100198.0,2019년 7월 28일 14시,일요일,서울특별시 서대문구 홍은동,경상사고,0.0,0.0,1.0,1.0,차대차 - 기타,기타,젖음/습기,흐림,단일로 - 기타,승합,남,66세,상해없음,이륜,남,41세,경상,37.58911829939051,127.04901817279324
2019072900100457.0,2019년 7월 29일 17시,월요일,서울특별시 강남구 율현동,경상사고,0.0,0.0,1.0,0.0,차대사람 - 기타,안전운전불이행,건조,맑음,단일로 - 기타,승용,여,37세,상해없음,보행자,남,5세,경상,37.57785135734918,126.93204081790792
2019072900100499.0,2019년 7월 29일 18시,월요일,서울특별시 구로구 구로동,경상사고,0.0,0.0,1.0,0.0,차대사람 - 기타,안전운전불이행,건조,맑음,단일로 - 기타,이륜,남,66세,상해없음,보행자,여,5세,경상,37.4741276430723,127.113801005497
2019073000100183.0,2019년 7월 30일 10시,화요일,서울특별시 노원구 공릉동,경상사고,0.0,0.0,1.0,0.0,차대사람 - 보도통행중,안전운전불이행,건조,맑음,단일로 - 고가도로위,승용,남,78세,상해없음,보행자,여,7세,경상,37.496279244907015,126.88005480769662
2019073000100376.0,2019년 7월 30일 15시,화요일,서울특별시 노원구 하계동,부상신고사고,0.0,0.0,0.0,1.0,차대사람 - 횡단중,보행자보호의무위반,건조,맑음,교차로 - 교차로횡단보도내,이륜,남,17세,상해없음,보행자,남,8세,부상신고,37.61913392074952,127.07599836750208
2019073100100637.0,2019년 7월 31일 22시,수요일,서울특별시 구로구 고척동,경상사고,0.0,0.0,2.0,0.0,차대사람 - 횡단중,안전운전불이행,젖음/습기,비,교차로 - 교차로횡단보도내,승용,여,45세,상해없음,보행자,여,34세,경상,37.64558227070608,127.07184665524656
2019080100100228.0,2019년 8월 1일 11시,목요일,서울특별시 마포구 중동,중상사고,0.0,1.0,0.0,0.0,차대사람 - 보도통행중,신호위반,젖음/습기,흐림,교차로 - 교차로횡단보도내,이륜,남,27세,상해없음,보행자,여,6세,중상,37.49875042682463,126.85672935235968
2019080200100323.0,2019년 8월 2일 14시,금요일,서울특별시 송파구 잠실동,부상신고사고,0.0,0.0,0.0,1.0,차대사람 - 횡단중,안전운전불이행,건조,맑음,교차로 - 교차로횡단보도내,승용,남,27세,상해없음,보행자,남,11세,부상신고,37.571360791814506,126.90442528151966
2019080200100403.0,2019년 8월 2일 16시,금요일,서울특별시 광진구 중곡동,경상사고,0.0,0.0,2.0,0.0,차대사람 - 기타,안전운전불이행,건조,맑음,단일로 - 기타,승용,남,77세,상해없음,보행자,남,7세,경상,37.51170096566892,127.08587398133209
2019080200100501.0,2019년 8월 2일 18시,금요일,서울특별시 용산구 용산동2가,경상사고,0.0,0.0,1.0,0.0,차대사람 - 횡단중,안전운전불이행,건조,맑음,교차로 - 교차로부근,승용,남,71세,상해없음,보행자,남,9세,경상,37.57153569981399,127.08156809267406
2019080300100151.0,2019년 8월 3일 10시,토요일,서울특별시 강서구 등촌동,경상사고,0.0,0.0,1.0,0.0,차대사람 - 차도통행중,안전운전불이행,건조,맑음,교차로 - 교차로부근,승용,여,67세,상해없음,보행자,남,7세,경상,37.53982454045341,126.9915863041072
2019080500100345.0,2019년 8월 5일 14시,월요일,서울특별시 관악구 신림동,경상사고,0.0,0.0,1.0,0.0,차대사람 - 기타,안전운전불이행,건조,맑음,단일로 - 기타,화물,남,52세,상해없음,보행자,여,11세,경상,37.55045876317583,126.86300983281636
2019080700100183.0,2019년 8월 7일 10시,수요일,서울특별시 양천구 목동,경상사고,0.0,0.0,1.0,0.0,차대사람 - 횡단중,보행자보호의무위반,건조,맑음,교차로 - 교차로부근,승용,여,34세,상해없음,보행자,여,11세,경상,37.461969313112746,126.91637548913836
2019080700100447.0,2019년 8월 7일 17시,수요일,서울특별시 은평구 역촌동,경상사고,0.0,0.0,2.0,0.0,차대사람 - 기타,안전운전불이행,건조,맑음,단일로 - 기타,승용,남,47세,상해없음,보행자,여,35세,경상,37.529964382229394,126.87523765767408
2019080700100637.0,2019년 8월 7일 22시,수요일,서울특별시 강남구 대치동,경상사고,0.0,0.0,1.0,0.0,차대사람 - 횡단중,보행자보호의무위반,건조,맑음,교차로 - 교차로횡단보도내,승용,남,36세,상해없음,보행자,여,12세,경상,37.60677207556181,126.91475876880244
2019080800100185.0,2019년 8월 8일 10시,목요일,서울특별시 양천구 신정동,사망사고,1.0,0.0,0.0,0.0,차대사람 - 횡단중,보행자보호의무위반,건조,맑음,단일로 - 기타,승용,여,42세,상해없음,보행자,남,5세,사망,37.50247177679312,127.05869269848996
2019080800100299.0,2019년 8월 8일 13시,목요일,서울특별시 강서구 화곡동,경상사고,0.0,0.0,1.0,0.0,차대사람 - 길가장자리구역통행중,안전운전불이행,건조,맑음,단일로 - 기타,승용,남,77세,상해없음,보행자,남,10세,경상,37.51581366818091,126.87192699233468
2019080900100238.0,2019년 8월 9일 11시,금요일,서울특별시 광진구 자양동,중상사고,0.0,1.0,0.0,0.0,차대사람 - 기타,안전운전불이행,건조,맑음,단일로 - 기타,승용,여,70세,상해없음,보행자,남,9세,중상,37.53356353439632,126.85727932751566
2019080900100372.0,2019년 8월 9일 14시,금요일,서울특별시 은평구 불광동,부상신고사고,0.0,0.0,0.0,1.0,차대사람 - 횡단중,신호위반,건조,맑음,교차로 - 교차로부근,승용,여,78세,상해없음,보행자,남,12세,부상신고,37.53041543064191,127.0763539562406
2019080900100403.0,2019년 8월 9일 15시,금요일,서울특별시 서초구 반포동,경상사고,0.0,0.0,1.0,0.0,차대사람 - 횡단중,보행자보호의무위반,건조,맑음,교차로 - 교차로횡단보도내,승용,여,70세,상해없음,보행자,남,11세,경상,37.62588950877565,126.92025243906572
2019080900100432.0,2019년 8월 9일 16시,금요일,서울특별시 강서구 화곡동,경상사고,0.0,0.0,1.0,0.0,차대사람 - 기타,안전운전불이행,건조,맑음,기타 - 기타,승용,여,70세,상해없음,보행자,남,6세,경상,37.5028810359347,127.01152295399066
2019081000100353.0,2019년 8월 10일 13시,토요일,서울특별시 서초구 방배동,경상사고,0.0,0.0,1.0,0.0,차대사람 - 횡단중,안전운전불이행,건조,맑음,단일로 - 지하차도(도로)내,승용,여,47세,상해없음,보행자,여,9세,경상,37.54682530555799,126.84470174831608
2019081100100269.0,2019년 8월 11일 15시,일요일,서울특별시 종로구 낙원동,경상사고,0.0,0.0,1.0,0.0,차대사람 - 기타,안전운전불이행,건조,맑음,단일로 - 기타,승용,남,61세,상해없음,보행자,여,5세,경상,37.48292601161009,126.98214302548016
2019081200100294.0,2019년 8월 12일 12시,월요일,서울특별시 강남구 대치동,경상사고,0.0,0.0,1.0,0.0,차대사람 - 횡단중,보행자보호의무위반,건조,기타,교차로 - 교차로안,승용,여,54세,상해없음,보행자,남,9세,경상,37.57335338732742,126.9871117791849
2019081200100382.0,2019년 8월 12일 14시,월요일,서울특별시 성북구 종암동,경상사고,0.0,0.0,1.0,0.0,차대사람 - 차도통행중,안전운전불이행,젖음/습기,비,교차로 - 교차로부근,승용,여,39세,상해없음,보행자,남,11세,경상,37.494077191548506,127.06032584828574
2019081200100520.0,2019년 8월 12일 17시,월요일,서울특별시 구로구 오류동,중상사고,0.0,1.0,0.0,0.0,차대사람 - 기타,보행자보호의무위반,건조,맑음,교차로 - 교차로안,승합,남,53세,상해없음,보행자,남,9세,중상,37.60133000793429,127.0324158648609
2019081300100264.0,2019년 8월 13일 12시,화요일,서울특별시 은평구 갈현동,경상사고,0.0,0.0,1.0,0.0,차대사람 - 차도통행중,안전운전불이행,건조,맑음,교차로 - 교차로안,이륜,남,44세,상해없음,보행자,남,7세,경상,37.48954993011075,126.83918460191256
2019081300100508.0,2019년 8월 13일 18시,화요일,서울특별시 영등포구 대림동,경상사고,0.0,0.0,1.0,0.0,차대사람 - 기타,안전운전불이행,건조,맑음,기타 - 기타,승용,남,66세,상해없음,보행자,남,9세,경상,37.6148459740519,126.91615715746566
2019081300100560.0,2019년 8월 13일 19시,화요일,서울특별시 강남구 논현동,경상사고,0.0,0.0,1.0,0.0,차대사람 - 횡단중,보행자보호의무위반,건조,맑음,교차로 - 교차로부근,승용,남,36세,상해없음,보행자,남,6세,경상,37.494420335742014,126.90416575471367
2019081400100191.0,2019년 8월 14일 09시,수요일,서울특별시 노원구 중계동,경상사고,0.0,0.0,2.0,2.0,차대차 - 추돌,안전운전불이행,건조,맑음,단일로 - 기타,승용,남,40세,상해없음,승용,여,19세,경상,37.508793867241664,127.02700820866949
2019081600100424.0,2019년 8월 16일 16시,금요일,서울특별시 송파구 신천동,경상사고,0.0,0.0,1.0,0.0,차대사람 - 기타,보행자보호의무위반,건조,맑음,교차로 - 교차로부근,승용,남,31세,상해없음,보행자,남,10세,경상,37.65032147848807,127.07134332947749
2019081600100565.0,2019년 8월 16일 19시,금요일,서울특별시 송파구 거여동,경상사고,0.0,0.0,1.0,0.0,차대사람 - 횡단중,보행자보호의무위반,건조,맑음,교차로 - 교차로안,승용,남,61세,상해없음,보행자,여,12세,경상,37.51919454223698,127.1079672764334
2019081800100310.0,2019년 8월 18일 17시,일요일,서울특별시 송파구 잠실동,경상사고,0.0,0.0,1.0,0.0,차대사람 - 기타,안전운전불이행,건조,맑음,단일로 - 기타,자전거,남,31세,상해없음,보행자,남,10세,경상,37.4953835702261,127.14005023187406
2019082000100193.0,2019년 8월 20일 10시,화요일,서울특별시 동작구 노량진동,경상사고,0.0,0.0,1.0,0.0,차대사람 - 횡단중,보행자보호의무위반,건조,맑음,단일로 - 기타,승용,여,48세,상해없음,보행자,여,8세,경상,37.51889599500363,127.08908198820524
2019082000100529.0,2019년 8월 20일 19시,화요일,서울특별시 양천구 목동,중상사고,0.0,1.0,0.0,0.0,차대사람 - 길가장자리구역통행중,안전운전불이행,건조,맑음,교차로 - 교차로안,승용,여,27세,상해없음,보행자,남,9세,중상,37.51163373713796,126.9443446225125
2019082100100210.0,2019년 8월 21일 11시,수요일,서울특별시 용산구 용문동,경상사고,0.0,0.0,1.0,0.0,차대사람 - 횡단중,보행자보호의무위반,건조,맑음,단일로 - 기타,승용,여,46세,상해없음,보행자,남,10세,경상,37.53583901884482,126.86974434390486
2019082100100487.0,2019년 8월 21일 18시,수요일,서울특별시 은평구 진관동,경상사고,0.0,0.0,1.0,0.0,차대사람 - 보도통행중,신호위반,젖음/습기,비,교차로 - 교차로횡단보도내,승용,여,42세,상해없음,보행자,남,9세,경상,37.53722100153984,126.9594241069152
2019082100100624.0,2019년 8월 21일 21시,수요일,서울특별시 강동구 길동,경상사고,0.0,0.0,1.0,2.0,차대사람 - 횡단중,보행자보호의무위반,젖음/습기,비,교차로 - 교차로횡단보도내,이륜,남,20세,상해없음,보행자,여,29세,경상,37.63969023074911,126.91868306311694
2019082200100381.0,2019년 8월 22일 15시,목요일,서울특별시 동대문구 전농동,경상사고,0.0,0.0,1.0,0.0,차대사람 - 횡단중,보행자보호의무위반,건조,맑음,교차로 - 교차로횡단보도내,승용,남,55세,상해없음,보행자,남,8세,경상,37.53531132995801,127.14518954653198
2019082200100498.0,2019년 8월 22일 18시,목요일,서울특별시 강서구 화곡동,경상사고,0.0,0.0,1.0,0.0,차대사람 - 길가장자리구역통행중,기타,건조,맑음,단일로 - 기타,승용,남,65세,상해없음,보행자,여,11세,경상,37.57471895288619,127.05011292188148
2019082300100336.0,2019년 8월 23일 14시,금요일,서울특별시 광진구 군자동,경상사고,0.0,0.0,1.0,0.0,차대사람 - 횡단중,보행자보호의무위반,건조,맑음,단일로 - 기타,승용,여,36세,상해없음,보행자,남,7세,경상,37.53718647002338,126.85719163810268
2019082300100340.0,2019년 8월 23일 14시,금요일,서울특별시 중랑구 면목동,경상사고,0.0,0.0,1.0,0.0,차대사람 - 길가장자리구역통행중,안전운전불이행,건조,맑음,단일로 - 기타,기타불명,기타불명,미분류,기타불명,보행자,여,10세,경상,37.55524482167412,127.07554545124516
2019082300100342.0,2019년 8월 23일 14시,금요일,서울특별시 강동구 천호동,중상사고,0.0,1.0,0.0,0.0,차대사람 - 기타,안전운전불이행,건조,맑음,교차로 - 교차로안,화물,남,42세,상해없음,보행자,여,4세,중상,37.58017018516927,127.089141856872
2019082300100445.0,2019년 8월 23일 17시,금요일,서울특별시 금천구 시흥동,경상사고,0.0,0.0,1.0,0.0,차대사람 - 횡단중,안전운전불이행,건조,맑음,단일로 - 기타,승용,남,48세,상해없음,보행자,여,4세,경상,37.54475816220488,127.13358686519643
2019082700100140.0,2019년 8월 27일 08시,화요일,서울특별시 서초구 서초동,중상사고,0.0,1.0,0.0,0.0,차대사람 - 횡단중,보행자보호의무위반,건조,흐림,교차로 - 교차로부근,승용,남,37세,상해없음,보행자,여,11세,중상,37.45685671585453,126.89450259532272
2019082800100293.0,2019년 8월 28일 13시,수요일,서울특별시 도봉구 쌍문동,경상사고,0.0,0.0,2.0,0.0,차대사람 - 횡단중,안전운전불이행,건조,맑음,교차로 - 교차로횡단보도내,화물,남,56세,상해없음,보행자,여,45세,경상,37.49660863283539,127.02058017049922
2019082800100391.0,2019년 8월 28일 16시,수요일,서울특별시 강서구 화곡동,경상사고,0.0,0.0,3.0,0.0,차대사람 - 기타,안전운전불이행,기타,맑음,기타 - 기타,자전거,여,33세,상해없음,보행자,여,33세,경상,37.65145065984745,127.03626221710226
2019082800100468.0,2019년 8월 28일 18시,수요일,서울특별시 구로구 개봉동,부상신고사고,0.0,0.0,0.0,1.0,차대사람 - 횡단중,안전운전불이행,건조,맑음,단일로 - 기타,승용,남,67세,상해없음,보행자,여,9세,부상신고,37.52888469113218,126.8407730601896
2019082900100360.0,2019년 8월 29일 16시,목요일,서울특별시 송파구 석촌동,부상신고사고,0.0,0.0,0.0,1.0,차대사람 - 횡단중,안전운전불이행,젖음/습기,흐림,단일로 - 기타,승용,남,32세,상해없음,보행자,남,6세,부상신고,37.48814286161157,126.85697868673137
2019082900100506.0,2019년 8월 29일 19시,목요일,서울특별시 서대문구 남가좌동,중상사고,0.0,1.0,0.0,0.0,차대사람 - 횡단중,보행자보호의무위반,건조,흐림,교차로 - 교차로안,승용,여,41세,상해없음,보행자,남,10세,중상,37.50064133819994,127.10161559542829
2019083000100457.0,2019년 8월 30일 16시,금요일,서울특별시 서대문구 북아현동,경상사고,0.0,0.0,1.0,0.0,차대사람 - 기타,안전운전불이행,건조,맑음,교차로 - 교차로안,승용,남,45세,상해없음,보행자,남,11세,경상,37.57061520789351,126.91757838880623
2019083000100514.0,2019년 8월 30일 17시,금요일,서울특별시 양천구 신정동,부상신고사고,0.0,0.0,0.0,1.0,차대사람 - 횡단중,안전운전불이행,건조,맑음,교차로 - 교차로부근,승용,남,61세,상해없음,보행자,남,9세,부상신고,37.56219797412518,126.95563172858382
2019083100100357.0,2019년 8월 31일 13시,토요일,서울특별시 금천구 독산동,중상사고,0.0,1.0,0.0,0.0,차대사람 - 기타,안전운전불이행,건조,맑음,단일로 - 기타,이륜,남,46세,상해없음,보행자,여,7세,중상,37.52932417238672,126.85837957250038
2019083100100446.0,2019년 8월 31일 15시,토요일,서울특별시 강북구 미아동,경상사고,0.0,0.0,2.0,0.0,차대사람 - 횡단중,보행자보호의무위반,건조,맑음,교차로 - 교차로횡단보도내,승용,여,53세,상해없음,보행자,여,39세,경상,37.46567789694533,126.90452963753772
2019083100100449.0,2019년 8월 31일 15시,토요일,서울특별시 강동구 천호동,부상신고사고,0.0,0.0,0.0,1.0,차대사람 - 기타,안전운전불이행,건조,맑음,기타 - 기타,자전거,여,53세,상해없음,보행자,여,6세,부상신고,37.613262091048895,127.03426735314362
2019083100100606.0,2019년 8월 31일 19시,토요일,서울특별시 용산구 후암동,경상사고,0.0,0.0,1.0,0.0,차대사람 - 횡단중,보행자보호의무위반,건조,맑음,교차로 - 교차로횡단보도내,승용,남,66세,상해없음,보행자,남,12세,경상,37.546599575865216,127.12016310234846
2019083100100609.0,2019년 8월 31일 19시,토요일,서울특별시 중랑구 중화동,중상사고,0.0,1.0,0.0,0.0,차대사람 - 보도통행중,안전운전불이행,건조,맑음,교차로 - 교차로안,승용,남,26세,상해없음,보행자,남,5세,중상,37.5466256946343,126.97826127334066
2019083100100611.0,2019년 8월 31일 19시,토요일,서울특별시 구로구 개봉동,경상사고,0.0,0.0,1.0,0.0,차대사람 - 기타,안전운전불이행,건조,맑음,단일로 - 기타,승용,남,28세,상해없음,보행자,남,6세,경상,37.600391400880746,127.08513364526016
2019090100100278.0,2019년 9월 1일 15시,일요일,서울특별시 강남구 수서동,경상사고,0.0,0.0,1.0,0.0,차대사람 - 기타,안전운전불이행,건조,맑음,기타 - 기타,화물,남,64세,상해없음,보행자,남,6세,경상,37.49211752132108,126.85361885237836
2019090100100306.0,2019년 9월 1일 16시,일요일,서울특별시 중구 신당동,부상신고사고,0.0,0.0,0.0,1.0,차대사람 - 기타,안전운전불이행,건조,맑음,교차로 - 교차로횡단보도내,승용,남,62세,상해없음,보행자,남,8세,부상신고,37.48916823792092,127.1019819526766
2019090100100312.0,2019년 9월 1일 16시,일요일,서울특별시 양천구 신월동,중상사고,0.0,1.0,0.0,0.0,차대사람 - 횡단중,보행자보호의무위반,건조,맑음,교차로 - 교차로횡단보도내,승용,남,60세,상해없음,보행자,남,10세,중상,37.56491769489666,127.02391336677675
2019090100100449.0,2019년 9월 1일 20시,일요일,서울특별시 송파구 거여동,경상사고,0.0,0.0,1.0,0.0,차대사람 - 횡단중,신호위반,건조,기타,단일로 - 기타,승용,여,43세,상해없음,보행자,남,9세,경상,37.52952416968832,126.83266392473546
2019090200100118.0,2019년 9월 2일 08시,월요일,서울특별시 양천구 신월동,중상사고,0.0,1.0,0.0,0.0,차대사람 - 기타,안전운전불이행,건조,맑음,단일로 - 기타,승용,여,27세,상해없음,보행자,여,10세,중상,37.494280243237725,127.14479549271938
2019090200100291.0,2019년 9월 2일 12시,월요일,서울특별시 영등포구 양평동1가,경상사고,0.0,0.0,2.0,0.0,차대사람 - 횡단중,보행자보호의무위반,건조,맑음,단일로 - 기타,승용,여,48세,상해없음,보행자,여,38세,경상,37.53320058984864,126.82770770678808
2019090300100166.0,2019년 9월 3일 09시,화요일,서울특별시 동대문구 제기동,경상사고,0.0,0.0,1.0,0.0,차대사람 - 기타,안전운전불이행,건조,맑음,교차로 - 교차로안,화물,남,59세,상해없음,보행자,남,2세,경상,37.522939879358816,126.8867035521583
2019090300100405.0,2019년 9월 3일 16시,화요일,서울특별시 관악구 신림동,중상사고,0.0,2.0,0.0,0.0,차대사람 - 횡단중,보행자보호의무위반,건조,맑음,교차로 - 교차로횡단보도내,화물,남,41세,상해없음,보행자,여,61세,중상,37.584060311895534,127.03243329548762