사고번호,사고일시,요일,시군구,사고내용,사망자수,중상자수,경상자수,부상신고자수,사고유형,법규위반,노면상태,기상상태,도로형태,가해운전자 차종,가해운전자 성별,가해운전자 연령,가해운전자 상해정도,피해운전자 차종,피해운전자 성별,피해운전자 연령,피해운전자 상해정도,lat(위도),lon(경도)
2019090300100457.0,2019년 9월 3일 17시,화요일,서울특별시 은평구 응암동,경상사고,0.0,0.0,1.0,0.0,차대사람 - 횡단중,안전운전불이행,건조,맑음,교차로 - 교차로부근,승용,여,56세,상해없음,보행자,여,8세,경상,37.474680351969454,126.91858380085678
2019090300100504.0,2019년 9월 3일 18시,화요일,서울특별시 강서구 마곡동,중상사고,0.0,1.0,0.0,0.0,차대사람 - 기타,안전운전불이행,건조,맑음,교차로 - 교차로안,승용,남,46세,상해없음,보행자,여,10세,중상,37.59852961085797,126.92121246352816
2019090400100323.0,2019년 9월 4일 14시,수요일,서울특별시 서초구 반포동,경상사고,0.0,0.0,1.0,0.0,차대사람 - 횡단중,보행자보호의무위반,젖음/습기,비,단일로 - 기타,승용,남,48세,상해없음,보행자,여,9세,경상,37.55881087335465,126.81881620402424
2019090400100420.0,2019년 9월 4일 17시,수요일,서울특별시 구로구 구로동,경상사고,0.0,0.0,1.0,0.0,차대사람 - 보도통행중,기타,젖음/습기,흐림,기타 - 기타,기타불명,기타불명,미분류,기타불명,보행자,여,10세,경상,37.49921126485168,126.99832166194938
2019090500100381.0,2019년 9월 5일 15시,목요일,서울특별시 양천구 신정동,경상사고,0.0,0.0,1.0,0.0,차대사람 - 횡단중,보행자보호의무위반,젖음/습기,비,교차로 - 교차로횡단보도내,승용,남,60세,상해없음,보행자,남,9세,경상,37.49448431153994,126.8884635087157
2019090500100604.0,2019년 9월 5일 20시,목요일,서울특별시 동대문구 전농동,중상사고,0.0,1.0,0.0,0.0,차대사람 - 기타,안전운전불이행,건조,맑음,교차로 - 교차로안,이륜,남,18세,상해없음,보행자,여,6세,중상,37.523835121297815,126.868442045045
2019090600100289.0,2019년 9월 6일 14시,금요일,서울특별시 강동구 암사동,경상사고,0.0,0.0,1.0,0.0,차대사람 - 기타,안전운전불이행,건조,흐림,단일로 - 기타,승용,남,61세,상해없음,보행자,남,8세,경상,37.57896868036,127.05843412586276
2019090600100325.0,2019년 9월 6일 15시,금요일,서울특별시 강북구 미아동,경상사고,0.0,0.0,1.0,0.0,차대사람 - 기타,기타,건조,흐림,단일로 - 기타,승용,남,68세,상해없음,보행자,남,9세,경상,37.5525376979412,127.12809188437824
2019090600100328.0,2019년 9월 6일 15시,금요일,서울특별시 송파구 장지동,경상사고,0.0,0.0,1.0,0.0,차대사람 - 횡단중,신호위반,건조,맑음,교차로 - 교차로횡단보도내,승용,여,64세,상해없음,보행자,남,8세,경상,37.63027398361759,127.02164946150388
2019090600100329.0,2019년 9월 6일 15시,금요일,서울특별시 구로구 오류동,경상사고,0.0,0.0,1.0,0.0,차대사람 - 기타,안전운전불이행,건조,맑음,단일로 - 기타,승용,남,68세,상해없음,보행자,남,10세,경상,37.47470106929888,127.14130302699918
2019090600100374.0,2019년 9월 6일 16시,금요일,서울특별시 양천구 목동,경상사고,0.0,0.0,1.0,0.0,차대사람 - 횡단중,안전운전불이행,건조,맑음,단일로 - 기타,승용,여,53세,상해없음,보행자,남,7세,경상,37.49736429633285,126.84235123508462
2019090600100475.0,2019년 9월 6일 18시,금요일,서울특별시 강서구 마곡동,경상사고,0.0,0.0,1.0,0.0,차대사람 - 횡단중,보행자보호의무위반,젖음/습기,비,교차로 - 교차로횡단보도내,승용,남,46세,상해없음,보행자,남,6세,경상,37.53933959834317,126.87546505971608
2019090900100470.0,2019년 9월 9일 16시,월요일,서울특별시 은평구 진관동,경상사고,0.0,0.0,1.0,0.0,차대사람 - 횡단중,보행자보호의무위반,건조,맑음,단일로 - 기타,승용,남,55세,상해없음,보행자,남,5세,경상,37.55871107032415,126.8202663479863
2019090900100552.0,2019년 9월 9일 18시,월요일,서울특별시 송파구 삼전동,경상사고,0.0,0.0,1.0,0.0,차대사람 - 기타,기타,건조,맑음,기타 - 기타,이륜,남,49세,상해없음,보행자,남,5세,경상,37.63499441937766,126.92607526837472
2019091100100402.0,2019년 9월 11일 14시,수요일,서울특별시 동작구 신대방동,경상사고,0.0,0.0,1.0,0.0,차대사람 - 횡단중,보행자보호의무위반,건조,맑음,교차로 - 교차로횡단보도내,승용,남,58세,상해없음,보행자,남,7세,경상,37.50257446107519,127.0922827507646
2019091100100408.0,2019년 9월 11일 14시,수요일,서울특별시 서초구 방배동,경상사고,0.0,0.0,1.0,0.0,차대사람 - 횡단중,신호위반,건조,맑음,교차로 - 교차로안,원동기,남,28세,상해없음,보행자,여,9세,경상,37.49923668462374,126.92665210385115
2019091300100268.0,2019년 9월 13일 15시,금요일,서울특별시 양천구 신월동,경상사고,0.0,0.0,1.0,0.0,차대사람 - 횡단중,보행자보호의무위반,건조,맑음,교차로 - 교차로횡단보도내,승용,남,32세,상해없음,보행자,여,4세,경상,37.48431879317187,126.99572923982362
2019091400100119.0,2019년 9월 14일 12시,토요일,서울특별시 종로구 평창동,중상사고,0.0,1.0,0.0,0.0,차대사람 - 차도통행중,안전운전불이행,건조,맑음,단일로 - 지하차도(도로)내,승용,남,34세,상해없음,보행자,남,8세,중상,37.52335771121623,126.83885256977
2019091500100211.0,2019년 9월 15일 14시,일요일,서울특별시 구로구 개봉동,경상사고,0.0,0.0,1.0,0.0,차대사람 - 기타,안전운전불이행,건조,맑음,단일로 - 기타,승용,남,42세,상해없음,보행자,남,6세,경상,37.61199967323367,126.9700436301916
2019091600100602.0,2019년 9월 16일 20시,월요일,서울특별시 강북구 미아동,경상사고,0.0,0.0,1.0,0.0,차대사람 - 기타,기타,건조,맑음,단일로 - 기타,이륜,남,49세,상해없음,보행자,남,10세,경상,37.49152420335516,126.85390676598928
2019091800100397.0,2019년 9월 18일 16시,수요일,서울특별시 강동구 강일동,중상사고,0.0,1.0,0.0,0.0,차대사람 - 횡단중,신호위반,건조,맑음,교차로 - 교차로횡단보도내,승합,남,52세,상해없음,보행자,여,6세,중상,37.62122065210232,127.02739600513148
2019091800100435.0,2019년 9월 18일 17시,수요일,서울특별시 서대문구 홍은동,경상사고,0.0,0.0,1.0,0.0,차대사람 - 기타,보행자보호의무위반,건조,맑음,교차로 - 교차로횡단보도내,화물,남,45세,상해없음,보행자,남,8세,경상,37.56488000907731,127.17812453942184
2019091800100443.0,2019년 9월 18일 17시,수요일,서울특별시 강남구 도곡동,부상신고사고,0.0,0.0,0.0,1.0,차대사람 - 횡단중,보행자보호의무위반,건조,맑음,교차로 - 교차로횡단보도내,승용,남,56세,상해없음,보행자,남,5세,부상신고,37.59758724418197,126.946481434975
2019091900100425.0,2019년 9월 19일 16시,목요일,서울특별시 구로구 개봉동,경상사고,0.0,0.0,1.0,0.0,차대사람 - 기타,안전운전불이행,건조,맑음,교차로 - 교차로안,승용,여,42세,상해없음,보행자,남,6세,경상,37.48714198662709,127.0521317549304
2019091900100553.0,2019년 9월 19일 19시,목요일,서울특별시 강남구 대치동,경상사고,0.0,0.0,1.0,0.0,차대사람 - 보도통행중,기타,건조,기타,기타 - 기타,승용,남,46세,상해없음,보행자,여,11세,경상,37.49142562321933,126.86063825981806
2019092000100128.0,2019년 9월 20일 08시,금요일,서울특별시 동작구 대방동,경상사고,0.0,0.0,1.0,0.0,차대사람 - 횡단중,안전운전불이행,건조,맑음,단일로 - 기타,승합,남,59세,상해없음,보행자,여,10세,경상,37.50437898186016,127.0625508814411
2019092000100181.0,2019년 9월 20일 09시,금요일,서울특별시 강남구 세곡동,부상신고사고,0.0,0.0,0.0,1.0,차대사람 - 기타,신호위반,건조,맑음,교차로 - 교차로안,승합,남,53세,상해없음,보행자,남,50세,상해없음,37.50478225063949,126.92340781697916
2019092000100413.0,2019년 9월 20일 16시,금요일,서울특별시 성북구 동소문동4가,경상사고,0.0,0.0,1.0,0.0,차대사람 - 횡단중,보행자보호의무위반,건조,맑음,단일로 - 기타,승용,남,28세,상해없음,보행자,여,9세,경상,37.46551426586577,127.10133842586002
2019092000100416.0,2019년 9월 20일 16시,금요일,서울특별시 동대문구 장안동,경상사고,0.0,0.0,1.0,0.0,차대사람 - 기타,보행자보호의무위반,건조,맑음,단일로 - 기타,승용,남,60세,상해없음,보행자,남,9세,경상,37.5926419209885,127.0125793229262
2019092000100420.0,2019년 9월 20일 16시,금요일,서울특별시 강동구 암사동,경상사고,0.0,0.0,1.0,0.0,차대사람 - 길가장자리구역통행중,안전운전불이행,건조,맑음,단일로 - 기타,승용,남,47세,상해없음,보행자,여,3세,경상,37.56737444980271,127.07233999855704
2019092000100449.0,2019년 9월 20일 17시,금요일,서울특별시 서대문구 연희동,경상사고,0.0,0.0,1.0,0.0,차대사람 - 횡단중,안전운전불이행,건조,맑음,단일로 - 기타,승용,남,41세,상해없음,보행자,남,10세,경상,37.55255151545765,127.1296201999741
2019092000100503.0,2019년 9월 20일 18시,금요일,서울특별시 중랑구 면목동,경상사고,0.0,0.0,1.0,0.0,차대사람 - 보도통행중,기타,건조,맑음,단일로 - 기타,자전거,남,56세,상해없음,보행자,여,12세,경상,37.56776810029224,126.93074723588256
2019092000100506.0,2019년 9월 20일 18시,금요일,서울특별시 은평구 진관동,경상사고,0.0,0.0,1.0,0.0,차대사람 - 횡단중,보행자보호의무위반,건조,맑음,교차로 - 교차로횡단보도내,승용,여,54세,상해없음,보행자,남,11세,경상,37.58584993360727,127.07674222332112
2019092300100486.0,2019년 9월 23일 18시,월요일,서울특별시 서대문구 영천동,경상사고,0.0,0.0,1.0,0.0,차대사람 - 횡단중,신호위반,건조,맑음,단일로 - 기타,이륜,여,51세,상해없음,보행자,남,6세,경상,37.63975399174692,126.91881858025091
2019092300100491.0,2019년 9월 23일 18시,월요일,서울특별시 강남구 대치동,부상신고사고,0.0,0.0,0.0,1.0,차대사람 - 보도통행중,기타,건조,맑음,기타 - 기타,개인형이동수단(PM),남,21세,상해없음,보행자,여,10세,부상신고,37.56965806618648,126.96283604749632
2019092400100095.0,2019년 9월 24일 07시,화요일,서울특별시 중구 장충동1가,부상신고사고,0.0,0.0,0.0,1.0,차대사람 - 횡단중,안전운전불이행,건조,맑음,단일로 - 기타,승용,남,60세,상해없음,보행자,남,9세,부상신고,37.49973862998958,127.062996548152
2019092400100403.0,2019년 9월 24일 15시,화요일,서울특별시 금천구 가산동,경상사고,0.0,0.0,1.0,0.0,차대사람 - 기타,안전운전불이행,건조,맑음,단일로 - 기타,승용,남,63세,상해없음,보행자,남,3세,경상,37.56328892912423,127.0069959274095
2019092400100506.0,2019년 9월 24일 17시,화요일,서울특별시 도봉구 쌍문동,경상사고,0.0,0.0,1.0,0.0,차대사람 - 횡단중,신호위반,건조,맑음,교차로 - 교차로안,이륜,남,17세,상해없음,보행자,여,12세,경상,37.47544808247991,126.89203416174269
2019092500100419.0,2019년 9월 25일 16시,수요일,서울특별시 관악구 신림동,경상사고,0.0,0.0,1.0,0.0,차대사람 - 횡단중,안전운전불이행,건조,맑음,단일로 - 기타,승용,남,43세,상해없음,보행자,남,8세,경상,37.65551912806327,127.02804030341204
2019092500100458.0,2019년 9월 25일 17시,수요일,서울특별시 종로구 창신동,경상사고,0.0,0.0,1.0,0.0,차대사람 - 차도통행중,안전운전불이행,건조,맑음,교차로 - 교차로부근,기타불명,기타불명,미분류,기타불명,보행자,남,12세,경상,37.47316807437858,126.91899134087254
2019092500100464.0,2019년 9월 25일 17시,수요일,서울특별시 성북구 석관동,중상사고,0.0,1.0,0.0,0.0,차대사람 - 차도통행중,보행자보호의무위반,건조,맑음,단일로 - 기타,이륜,남,30세,상해없음,보행자,남,11세,중상,37.57261955624981,127.01392155360315
2019092500100510.0,2019년 9월 25일 18시,수요일,서울특별시 강동구 고덕동,경상사고,0.0,0.0,1.0,0.0,차대사람 - 횡단중,보행자보호의무위반,건조,맑음,교차로 - 교차로안,승용,남,44세,상해없음,보행자,남,8세,경상,37.61000668998094,127.05968960112848
2019092600100313.0,2019년 9월 26일 14시,목요일,서울특별시 송파구 석촌동,부상신고사고,0.0,0.0,0.0,1.0,차대사람 - 횡단중,보행자보호의무위반,건조,맑음,교차로 - 교차로횡단보도내,승용,여,39세,상해없음,보행자,남,8세,부상신고,37.55487305616115,127.1489801725227
2019092700100296.0,2019년 9월 27일 12시,금요일,서울특별시 금천구 독산동,중상사고,0.0,1.0,0.0,0.0,차대사람 - 횡단중,신호위반,건조,맑음,교차로 - 교차로횡단보도내,화물,남,41세,상해없음,보행자,여,8세,중상,37.50255968438594,127.1038342219134
2019092700100596.0,2019년 9월 27일 19시,금요일,서울특별시 구로구 항동,중상사고,0.0,1.0,0.0,1.0,차대사람 - 기타,안전운전불이행,건조,맑음,교차로 - 교차로부근,승용,남,65세,상해없음,보행자,여,30세,중상,37.476309849502215,126.9037214637263
2019093000100128.0,2019년 9월 30일 08시,월요일,서울특별시 동대문구 전농동,중상사고,0.0,1.0,0.0,0.0,차대사람 - 기타,안전운전불이행,건조,맑음,교차로 - 교차로부근,승용,여,62세,상해없음,보행자,여,12세,중상,37.479604286323095,126.82261225818638
2019093000100388.0,2019년 9월 30일 15시,월요일,서울특별시 광진구 광장동,중상사고,0.0,1.0,0.0,0.0,차대사람 - 기타,안전운전불이행,건조,맑음,단일로 - 기타,자전거,남,7세,상해없음,보행자,여,9세,중상,37.57407176359845,127.04587009317294
2019093000100391.0,2019년 9월 30일 15시,월요일,서울특별시 강동구 명일동,경상사고,0.0,0.0,1.0,0.0,차대사람 - 횡단중,안전운전불이행,건조,맑음,단일로 - 기타,승용,남,42세,상해없음,보행자,남,11세,경상,37.54246600967853,127.09944614005605
2019093000100437.0,2019년 9월 30일 16시,월요일,서울특별시 영등포구 문래동3가,중상사고,0.0,1.0,1.0,0.0,차대사람 - 횡단중,신호위반,건조,맑음,단일로 - 기타,승용,남,62세,상해없음,보행자,남,8세,경상,37.55072010404106,127.15280353789495
2019100100100411.0,2019년 10월 1일 16시,화요일,서울특별시 강서구 마곡동,경상사고,0.0,0.0,1.0,0.0,차대사람 - 횡단중,보행자보호의무위반,건조,맑음,단일로 - 기타,승용,여,41세,상해없음,보행자,여,7세,경상,37.51688671152203,126.89444788668568
2019100100100494.0,2019년 10월 1일 18시,화요일,서울특별시 동작구 상도동,경상사고,0.0,0.0,1.0,0.0,차대사람 - 기타,안전운전불이행,건조,맑음,단일로 - 기타,승합,남,73세,상해없음,보행자,여,8세,경상,37.5674765404432,126.81791068138052
2019100200100400.0,2019년 10월 2일 15시,수요일,서울특별시 성북구 길음동,경상사고,0.0,0.0,1.0,0.0,차대사람 - 횡단중,보행자보호의무위반,젖음/습기,비,교차로 - 교차로횡단보도내,승용,여,63세,상해없음,보행자,여,8세,경상,37.499693397366336,126.94298501309927
2019100200100539.0,2019년 10월 2일 18시,수요일,서울특별시 영등포구 당산동4가,경상사고,0.0,0.0,2.0,0.0,차대사람 - 횡단중,보행자보호의무위반,젖음/습기,비,기타 - 기타,승용,남,66세,상해없음,보행자,여,59세,경상,37.60554920119782,127.02139998173848
2019100500100513.0,2019년 10월 5일 20시,토요일,서울특별시 노원구 상계동,중상사고,0.0,1.0,2.0,0.0,차대사람 - 횡단중,신호위반,건조,맑음,교차로 - 교차로안,이륜,남,39세,상해없음,보행자,남,38세,중상,37.530213405663446,126.90067817742953
2019100500100534.0,2019년 10월 5일 21시,토요일,서울특별시 성북구 정릉동,중상사고,0.0,1.0,0.0,0.0,차대사람 - 횡단중,안전운전불이행,건조,맑음,단일로 - 기타,승용,남,56세,상해없음,보행자,남,7세,중상,37.66453403861355,127.06600062409036
2019100600100323.0,2019년 10월 6일 16시,일요일,서울특별시 송파구 잠실동,부상신고사고,0.0,0.0,0.0,1.0,차대사람 - 기타,안전운전불이행,건조,맑음,단일로 - 기타,자전거,남,60세,상해없음,보행자,남,4세,부상신고,37.60871547139624,127.00886023170574
2019100600100357.0,2019년 10월 6일 17시,일요일,서울특별시 송파구 장지동,부상신고사고,0.0,0.0,0.0,1.0,차대사람 - 횡단중,신호위반,건조,맑음,단일로 - 기타,원동기,남,17세,상해없음,보행자,남,4세,부상신고,37.51906360051864,127.07530914827016
2019100800100138.0,2019년 10월 8일 08시,화요일,서울특별시 중구 신당동,경상사고,0.0,0.0,1.0,0.0,차대사람 - 길가장자리구역통행중,안전운전불이행,건조,맑음,단일로 - 기타,승용,남,78세,상해없음,보행자,여,9세,경상,37.47851370209284,127.1442367635266
2019100800100397.0,2019년 10월 8일 15시,화요일,서울특별시 금천구 독산동,경상사고,0.0,0.0,1.0,0.0,차대사람 - 기타,불법유턴,건조,맑음,단일로 - 기타,승용,남,54세,상해없음,보행자,남,9세,경상,37.55743262388661,127.0097518077448
2019100800100539.0,2019년 10월 8일 18시,화요일,서울특별시 금천구 독산동,중상사고,0.0,1.0,0.0,0.0,차대사람 - 기타,안전운전불이행,건조,맑음,단일로 - 기타,화물,남,57세,상해없음,보행자,남,7세,중상,37.47738634598509,126.90807853880472
2019100800100612.0,2019년 10월 8일 19시,화요일,서울특별시 금천구 시흥동,경상사고,0.0,0.0,3.0,0.0,차대사람 - 기타,보행자보호의무위반,건조,맑음,단일로 - 기타,승용,남,43세,상해없음,보행자,남,19세,경상,37.47008517276579,126.90624754417198
2019100900100391.0,2019년 10월 9일 16시,수요일,서울특별시 강서구 등촌동,경상사고,0.0,0.0,1.0,0.0,차대사람 - 횡단중,신호위반,건조,맑음,교차로 - 교차로안,원동기,남,27세,상해없음,보행자,남,9세,경상,37.45421168381276,126.8972374606716
2019101000100387.0,2019년 10월 10일 15시,목요일,서울특별시 강남구 도곡동,경상사고,0.0,0.0,1.0,0.0,차대사람 - 횡단중,안전운전불이행,건조,맑음,교차로 - 교차로부근,승용,여,40세,상해없음,보행자,여,8세,경상,37.56133869524964,126.84664667930237
2019101000100479.0,2019년 10월 10일 17시,목요일,서울특별시 은평구 증산동,중상사고,0.0,1.0,2.0,0.0,차대사람 - 횡단중,안전운전불이행,건조,맑음,기타 - 기타,자전거,남,13세,경상,보행자,남,8세,중상,37.48663240884839,127.0391606462768
2019101000100484.0,2019년 10월 10일 17시,목요일,서울특별시 은평구 불광동,중상사고,0.0,1.0,0.0,0.0,차대사람 - 횡단중,보행자보호의무위반,건조,맑음,단일로 - 기타,승용,여,59세,상해없음,보행자,여,3세,중상,37.58317145737786,126.90862371964823
2019101200100438.0,2019년 10월 12일 15시,토요일,서울특별시 강서구 화곡동,경상사고,0.0,0.0,1.0,0.0,차대사람 - 기타,안전운전불이행,건조,맑음,교차로 - 교차로부근,자전거,여,43세,기타불명,보행자,여,7세,경상,37.623369535522535,126.9302781764299
2019101200100491.0,2019년 10월 12일 16시,토요일,서울특별시 광진구 구의동,경상사고,0.0,0.0,1.0,0.0,차대사람 - 기타,안전운전불이행,건조,맑음,단일로 - 기타,승용,남,38세,상해없음,보행자,남,6세,경상,37.547663065081615,126.83654365976538
2019101500100126.0,2019년 10월 15일 08시,화요일,서울특별시 도봉구 방학동,경상사고,0.0,0.0,1.0,0.0,차대사람 - 횡단중,신호위반,건조,맑음,교차로 - 교차로횡단보도내,승용,여,43세,상해없음,보행자,남,9세,경상,37.551526216755136,127.09201623554212
2019101500100347.0,2019년 10월 15일 13시,화요일,서울특별시 강남구 자곡동,경상사고,0.0,0.0,1.0,0.0,차대사람 - 기타,안전운전불이행,건조,맑음,기타 - 기타,자전거,남,62세,상해없음,보행자,여,11세,경상,37.65745381071017,127.0227675791056
2019101500100411.0,2019년 10월 15일 15시,화요일,서울특별시 성북구 삼선동3가,경상사고,0.0,0.0,1.0,0.0,차대사람 - 횡단중,보행자보호의무위반,건조,맑음,단일로 - 기타,이륜,남,36세,상해없음,보행자,여,11세,경상,37.47669410374888,127.11031565793486
2019101500100420.0,2019년 10월 15일 15시,화요일,서울특별시 노원구 월계동,경상사고,0.0,0.0,1.0,0.0,차대사람 - 횡단중,신호위반,건조,맑음,교차로 - 교차로안,이륜,남,19세,상해없음,보행자,남,10세,경상,37.58615736597537,127.01382220878784
2019101600100422.0,2019년 10월 16일 15시,수요일,서울특별시 강서구 방화동,경상사고,0.0,0.0,1.0,0.0,차대사람 - 기타,안전운전불이행,건조,맑음,단일로 - 기타,승용,여,51세,상해없음,보행자,남,10세,경상,37.62342369063441,127.06837017450042
2019101700100643.0,2019년 10월 17일 21시,목요일,서울특별시 구로구 고척동,경상사고,0.0,0.0,1.0,0.0,차대사람 - 횡단중,신호위반,건조,맑음,교차로 - 교차로횡단보도내,승용,남,63세,상해없음,보행자,남,8세,경상,37.57181900062688,126.82069078830386
2019101800100433.0,2019년 10월 18일 15시,금요일,서울특별시 송파구 장지동,경상사고,0.0,0.0,1.0,0.0,차대사람 - 횡단중,보행자보호의무위반,건조,맑음,교차로 - 교차로횡단보도내,승용,남,77세,상해없음,보행자,남,6세,경상,37.5038814315788,126.86047548282843
2019101800100434.0,2019년 10월 18일 15시,금요일,서울특별시 양천구 신정동,경상사고,0.0,0.0,2.0,0.0,차대사람 - 횡단중,신호위반,건조,맑음,교차로 - 교차로안,승용,남,71세,상해없음,보행자,여,34세,경상,37.47828894271852,127.14443010171146
2019101800100763.0,2019년 10월 18일 21시,금요일,서울특별시 강서구 화곡동,부상신고사고,0.0,0.0,0.0,1.0,차대사람 - 기타,안전운전불이행,건조,맑음,기타 - 기타,이륜,남,33세,상해없음,보행자,여,7세,부상신고,37.51491464377435,126.8723645182249
2019101900100585.0,2019년 10월 19일 19시,토요일,서울특별시 도봉구 쌍문동,경상사고,0.0,0.0,2.0,0.0,차대사람 - 기타,안전운전불이행,건조,맑음,단일로 - 기타,승용,여,35세,상해없음,보행자,여,41세,경상,37.53138483845958,126.86274200253295
2019101900100586.0,2019년 10월 19일 19시,토요일,서울특별시 은평구 불광동,중상사고,0.0,1.0,0.0,0.0,차대사람 - 기타,기타,건조,맑음,기타 - 기타,승용,남,53세,상해없음,보행자,남,3세,중상,37.64672305645828,127.03281158016864
2019102100100380.0,2019년 10월 21일 14시,월요일,서울특별시 은평구 녹번동,경상사고,0.0,0.0,1.0,0.0,차대사람 - 횡단중,보행자보호의무위반,건조,맑음,교차로 - 교차로안,승용,남,27세,상해없음,보행자,남,12세,경상,37.62326569306148,126.92744596962946
2019102200100515.0,2019년 10월 22일 18시,화요일,서울특별시 영등포구 신길동,경상사고,0.0,0.0,1.0,0.0,차대사람 - 길가장자리구역통행중,보행자보호의무위반,건조,맑음,단일로 - 기타,승용,여,46세,상해없음,보행자,여,12세,경상,37.60235059415284,126.92660936689964
2019102300100472.0,2019년 10월 23일 18시,수요일,서울특별시 양천구 신월동,경상사고,0.0,0.0,1.0,0.0,차대사람 - 횡단중,보행자보호의무위반,건조,맑음,단일로 - 기타,승합,남,52세,상해없음,보행자,남,11세,경상,37.5126039432504,126.91565328736134
2019102300100540.0,2019년 10월 23일 19시,수요일,서울특별시 은평구 신사동,경상사고,0.0,0.0,1.0,0.0,차대사람 - 길가장자리구역통행중,안전운전불이행,건조,맑음,단일로 - 기타,승용,남,48세,상해없음,보행자,여,8세,경상,37.51324399007014,126.84197429687808
2019102400100385.0,2019년 10월 24일 15시,목요일,서울특별시 강동구 암사동,경상사고,0.0,0.0,1.0,0.0,차대사람 - 횡단중,안전운전불이행,건조,맑음,교차로 - 교차로안,승용,남,50세,상해없음,보행자,남,9세,경상,37.591755289618725,126.91284881393676
2019102500100497.0,2019년 10월 25일 17시,금요일,서울특별시 동대문구 전농동,경상사고,0.0,0.0,1.0,0.0,차대사람 - 횡단중,보행자보호의무위반,건조,맑음,교차로 - 교차로안,승용,여,61세,상해없음,보행자,여,4세,경상,37.55482820407662,127.14007019367168
2019102500100566.0,2019년 10월 25일 18시,금요일,서울특별시 양천구 신월동,경상사고,0.0,0.0,1.0,0.0,차대사람 - 기타,보행자보호의무위반,건조,맑음,단일로 - 기타,승용,여,51세,기타불명,보행자,남,9세,경상,37.57634996673057,127.0500011848583
2019102600100274.0,2019년 10월 26일 12시,토요일,서울특별시 강남구 대치동,경상사고,0.0,0.0,1.0,0.0,차대사람 - 기타,안전운전불이행,건조,맑음,단일로 - 기타,기타불명,기타불명,미분류,기타불명,보행자,여,10세,경상,37.51999826146314,126.83609840177068
2019102600100444.0,2019년 10월 26일 16시,토요일,서울특별시 송파구 마천동,경상사고,0.0,0.0,2.0,0.0,차대사람 - 횡단중,신호위반,건조,맑음,단일로 - 기타,승용,남,62세,상해없음,보행자,남,9세,경상,37.50204463549549,127.057756174773
2019102700100276.0,2019년 10월 27일 13시,일요일,서울특별시 영등포구 신길동,경상사고,0.0,0.0,1.0,0.0,차대사람 - 기타,기타,건조,맑음,단일로 - 기타,승합,남,68세,상해없음,보행자,남,7세,경상,37.49974667944687,127.15225906665356
2019102700100469.0,2019년 10월 27일 18시,일요일,서울특별시 송파구 송파동,경상사고,0.0,0.0,1.0,0.0,차대사람 - 길가장자리구역통행중,안전운전불이행,건조,맑음,단일로 - 기타,기타불명,기타불명,미분류,기타불명,보행자,남,11세,경상,37.50473385440297,126.9027826820331
2019102800100193.0,2019년 10월 28일 10시,월요일,서울특별시 동작구 상도동,경상사고,0.0,0.0,1.0,0.0,차대사람 - 횡단중,보행자보호의무위반,건조,맑음,교차로 - 교차로횡단보도내,승용,남,69세,상해없음,보행자,남,10세,경상,37.50317659495087,127.08916815627391
2019102800100285.0,2019년 10월 28일 12시,월요일,서울특별시 구로구 고척동,중상사고,0.0,1.0,0.0,0.0,차대사람 - 기타,안전운전불이행,건조,맑음,단일로 - 기타,승용,여,61세,상해없음,보행자,여,11세,중상,37.49749257917305,126.95230062354683
2019102800100359.0,2019년 10월 28일 14시,월요일,서울특별시 관악구 봉천동,경상사고,0.0,0.0,1.0,0.0,차대사람 - 횡단중,보행자보호의무위반,건조,맑음,교차로 - 교차로횡단보도내,승용,남,50세,상해없음,보행자,남,10세,경상,37.50654799267941,126.85523684751512
2019102900100350.0,2019년 10월 29일 14시,화요일,서울특별시 영등포구 영등포동,중상사고,0.0,1.0,0.0,0.0,차대사람 - 횡단중,안전운전불이행,건조,맑음,단일로 - 기타,승용,남,60세,상해없음,보행자,여,7세,중상,37.47634185948944,126.95907124351882
2019102900100492.0,2019년 10월 29일 17시,화요일,서울특별시 강서구 화곡동,경상사고,0.0,0.0,1.0,0.0,차대사람 - 횡단중,보행자보호의무위반,건조,맑음,교차로 - 교차로안,화물,남,58세,상해없음,보행자,여,9세,경상,37.51253703410704,126.90585482552976
2019102900100537.0,2019년 10월 29일 18시,화요일,서울특별시 서초구 잠원동,경상사고,0.0,0.0,1.0,0.0,차대사람 - 횡단중,신호위반,건조,맑음,교차로 - 교차로횡단보도내,승용,여,39세,상해없음,보행자,여,7세,경상,37.53438977686208,126.85507644862584