사고번호,사고일시,요일,시군구,사고내용,사망자수,중상자수,경상자수,부상신고자수,사고유형,법규위반,노면상태,기상상태,도로형태,가해운전자 차종,가해운전자 성별,가해운전자 연령,가해운전자 상해정도,피해운전자 차종,피해운전자 성별,피해운전자 연령,피해운전자 상해정도,lat(위도),lon(경도)
2019103000100339.0,2019년 10월 30일 13시,수요일,서울특별시 성동구 성수동2가,부상신고사고,0.0,0.0,0.0,1.0,차대사람 - 횡단중,안전운전불이행,건조,맑음,교차로 - 교차로안,기타불명,기타불명,미분류,기타불명,보행자,여,9세,부상신고,37.519684009916,127.01411804382944
2019103000100385.0,2019년 10월 30일 14시,수요일,서울특별시 강동구 암사동,중상사고,0.0,1.0,0.0,0.0,차대사람 - 횡단중,기타,건조,맑음,단일로 - 기타,승용,남,50세,상해없음,보행자,남,7세,중상,37.54198540766652,127.05103415042396
2019103000100433.0,2019년 10월 30일 15시,수요일,서울특별시 중랑구 중화동,부상신고사고,0.0,0.0,0.0,1.0,차대사람 - 보도통행중,기타,건조,맑음,기타 - 기타,이륜,남,60세,상해없음,보행자,여,9세,부상신고,37.54775818686636,127.13310803443618
2019103000100474.0,2019년 10월 30일 16시,수요일,서울특별시 광진구 화양동,중상사고,0.0,1.0,0.0,0.0,차대사람 - 기타,안전운전불이행,기타,맑음,단일로 - 기타,승용,남,40세,상해없음,보행자,남,8세,중상,37.60149170187216,127.08022218173936
2019103100100355.0,2019년 10월 31일 14시,목요일,서울특별시 용산구 이촌동,경상사고,0.0,0.0,1.0,0.0,차대사람 - 기타,안전운전불이행,건조,맑음,교차로 - 교차로부근,기타불명,기타불명,미분류,기타불명,보행자,여,8세,경상,37.54632044600928,127.06781894204131
2019110300100028.0,2019년 11월 3일 00시,일요일,서울특별시 강서구 화곡동,경상사고,0.0,0.0,1.0,0.0,차대사람 - 기타,보행자보호의무위반,건조,맑음,단일로 - 기타,이륜,남,40세,기타불명,보행자,여,7세,경상,37.521029065102326,126.9745919396443
2019110400100486.0,2019년 11월 4일 16시,월요일,서울특별시 중랑구 묵동,경상사고,0.0,0.0,1.0,0.0,차대사람 - 기타,신호위반,건조,맑음,기타 - 기타,이륜,남,18세,상해없음,보행자,여,7세,경상,37.538233941300206,126.83957017147874
2019110500100342.0,2019년 11월 5일 13시,화요일,서울특별시 동작구 사당동,경상사고,0.0,0.0,1.0,0.0,차대사람 - 횡단중,안전운전불이행,건조,맑음,단일로 - 기타,승용,여,57세,상해없음,보행자,여,8세,경상,37.6158011925624,127.08679300812877
2019110500100473.0,2019년 11월 5일 16시,화요일,서울특별시 서초구 반포동,부상신고사고,0.0,0.0,0.0,1.0,차대사람 - 기타,안전운전불이행,건조,맑음,기타 - 기타,이륜,남,26세,상해없음,보행자,여,7세,부상신고,37.48852469315921,126.97629019819782
2019110500100514.0,2019년 11월 5일 17시,화요일,서울특별시 서초구 내곡동,중상사고,0.0,1.0,1.0,0.0,차대사람 - 보도통행중,신호위반,건조,맑음,교차로 - 교차로부근,승용,남,77세,상해없음,보행자,여,39세,경상,37.50275613993345,126.99049142980172
2019110600100249.0,2019년 11월 6일 11시,수요일,서울특별시 동작구 상도동,경상사고,0.0,0.0,2.0,0.0,차대사람 - 횡단중,중앙선침범,건조,맑음,교차로 - 교차로부근,이륜,남,68세,상해없음,보행자,남,31세,경상,37.45433776997706,127.06321561410438
2019110600100656.0,2019년 11월 6일 20시,수요일,서울특별시 서초구 방배동,경상사고,0.0,0.0,1.0,0.0,차대사람 - 횡단중,신호위반,건조,맑음,단일로 - 기타,이륜,남,20세,상해없음,보행자,여,12세,경상,37.50001188291615,126.9322575944492
2019110700100660.0,2019년 11월 7일 20시,목요일,서울특별시 중랑구 면목동,경상사고,0.0,0.0,1.0,0.0,차대사람 - 횡단중,안전운전불이행,건조,맑음,단일로 - 기타,승용,남,46세,상해없음,보행자,남,8세,경상,37.48138398935089,126.98198400966352
2019110800100493.0,2019년 11월 8일 16시,금요일,서울특별시 양천구 신정동,부상신고사고,0.0,0.0,0.0,1.0,차대사람 - 횡단중,보행자보호의무위반,건조,맑음,단일로 - 기타,승용,여,40세,상해없음,보행자,여,7세,부상신고,37.58801551384539,127.10069730113445
2019110800100673.0,2019년 11월 8일 19시,금요일,서울특별시 동작구 사당동,부상신고사고,0.0,0.0,0.0,1.0,차대사람 - 차도통행중,안전운전불이행,건조,맑음,단일로 - 기타,이륜,남,31세,상해없음,보행자,남,10세,부상신고,37.512657605091306,126.85330596680464
2019110900100347.0,2019년 11월 9일 13시,토요일,서울특별시 강남구 자곡동,부상신고사고,0.0,0.0,0.0,1.0,차대사람 - 기타,안전운전불이행,건조,맑음,단일로 - 기타,자전거,남,42세,상해없음,보행자,남,12세,부상신고,37.483479776421206,126.97486631183024
2019111000100231.0,2019년 11월 10일 13시,일요일,서울특별시 구로구 천왕동,경상사고,0.0,0.0,1.0,0.0,차대사람 - 횡단중,신호위반,건조,맑음,단일로 - 기타,승합,남,72세,상해없음,보행자,남,6세,경상,37.4727667289675,127.10029338039816
2019111000100451.0,2019년 11월 10일 19시,일요일,서울특별시 서초구 서초동,중상사고,0.0,1.0,1.0,0.0,차대사람 - 기타,안전운전불이행,젖음/습기,비,기타 - 기타,승용,남,48세,상해없음,보행자,여,75세,중상,37.48264131594869,126.84327205324944
2019111100100231.0,2019년 11월 11일 10시,월요일,서울특별시 서초구 반포동,경상사고,0.0,0.0,1.0,0.0,차대사람 - 횡단중,보행자보호의무위반,젖음/습기,흐림,단일로 - 기타,승용,남,70세,상해없음,보행자,여,3세,경상,37.48942128756384,127.02193827716783
2019111100100432.0,2019년 11월 11일 15시,월요일,서울특별시 강동구 천호동,경상사고,0.0,0.0,1.0,0.0,차대사람 - 횡단중,기타,건조,맑음,단일로 - 기타,승용,남,52세,기타불명,보행자,남,7세,경상,37.505421391411865,127.01116697639158
2019111200100176.0,2019년 11월 12일 09시,화요일,서울특별시 노원구 중계동,경상사고,0.0,0.0,1.0,0.0,차대사람 - 기타,안전운전불이행,건조,맑음,교차로 - 교차로안,승용,남,63세,상해없음,보행자,여,9세,경상,37.54843411387417,127.12447831598364
2019111300100341.0,2019년 11월 13일 15시,수요일,서울특별시 강남구 일원동,경상사고,0.0,0.0,2.0,0.0,차대사람 - 횡단중,보행자보호의무위반,젖음/습기,비,단일로 - 기타,승용,남,83세,상해없음,보행자,남,12세,경상,37.648187372476855,127.0845165156142
2019111300100416.0,2019년 11월 13일 17시,수요일,서울특별시 강북구 미아동,부상신고사고,0.0,0.0,0.0,1.0,차대사람 - 횡단중,안전운전불이행,건조,맑음,교차로 - 교차로안,승용,여,40세,상해없음,보행자,남,11세,부상신고,37.48791717890562,127.0841954588052
2019111300100623.0,2019년 11월 13일 20시,수요일,서울특별시 광진구 자양동,중상사고,0.0,1.0,0.0,0.0,차대사람 - 횡단중,안전운전불이행,건조,맑음,단일로 - 기타,승용,여,50세,상해없음,보행자,남,10세,중상,37.62473638369704,127.01860257441956
2019111300100698.0,2019년 11월 13일 22시,수요일,서울특별시 동작구 상도1동,중상사고,0.0,1.0,1.0,0.0,차대사람 - 횡단중,신호위반,건조,맑음,단일로 - 기타,승용,남,29세,상해없음,보행자,여,64세,중상,37.53595302669368,127.06978034467626
2019111400100371.0,2019년 11월 14일 14시,목요일,서울특별시 영등포구 신길동,경상사고,0.0,0.0,1.0,0.0,차대사람 - 횡단중,안전운전불이행,건조,맑음,교차로 - 교차로횡단보도내,승용,남,61세,상해없음,보행자,여,10세,경상,37.501390498192364,126.94929668538228
2019111400100374.0,2019년 11월 14일 14시,목요일,서울특별시 관악구 신림동,경상사고,0.0,0.0,1.0,0.0,차대사람 - 횡단중,보행자보호의무위반,건조,맑음,단일로 - 기타,승용,남,71세,상해없음,보행자,여,8세,경상,37.50404212746654,126.9032407497386
2019111400100462.0,2019년 11월 14일 16시,목요일,서울특별시 성북구 하월곡동,경상사고,0.0,0.0,1.0,0.0,차대사람 - 기타,안전운전불이행,건조,맑음,교차로 - 교차로안,승용,남,60세,상해없음,보행자,여,10세,경상,37.47585651925623,126.91764729412893
2019111500100386.0,2019년 11월 15일 13시,금요일,서울특별시 양천구 목동,중상사고,0.0,1.0,0.0,0.0,차대사람 - 기타,신호위반,건조,맑음,교차로 - 교차로부근,이륜,남,18세,상해없음,보행자,남,10세,중상,37.60415296075996,127.03973948251154
2019111500100426.0,2019년 11월 15일 14시,금요일,서울특별시 강남구 대치동,경상사고,0.0,0.0,1.0,0.0,차대사람 - 기타,보행자보호의무위반,젖음/습기,비,단일로 - 기타,승용,남,40세,상해없음,보행자,남,11세,경상,37.52276954194659,126.87484498988503
2019111500100548.0,2019년 11월 15일 17시,금요일,서울특별시 영등포구 영등포동4가,경상사고,0.0,0.0,1.0,0.0,차대사람 - 길가장자리구역통행중,안전운전불이행,젖음/습기,비,단일로 - 기타,승용,남,44세,상해없음,보행자,남,9세,경상,37.50138152461798,127.06609821611276
2019111500100550.0,2019년 11월 15일 17시,금요일,서울특별시 강남구 논현동,중상사고,0.0,1.0,1.0,0.0,차대사람 - 기타,안전운전불이행,젖음/습기,비,교차로 - 교차로횡단보도내,승용,남,35세,상해없음,보행자,여,34세,중상,37.519951232966655,126.90150714757122
2019111500100551.0,2019년 11월 15일 17시,금요일,서울특별시 강서구 가양동,중상사고,0.0,1.0,1.0,0.0,차대사람 - 기타,보행자보호의무위반,건조,맑음,단일로 - 기타,승용,남,45세,상해없음,보행자,여,36세,경상,37.51765200622012,127.04014682163088
2019111600100434.0,2019년 11월 16일 16시,토요일,서울특별시 금천구 시흥동,경상사고,0.0,0.0,1.0,0.0,차대사람 - 기타,안전운전불이행,건조,흐림,단일로 - 기타,승합,남,58세,상해없음,보행자,여,8세,경상,37.57022358280656,126.8445987122605
2019111800100133.0,2019년 11월 18일 08시,월요일,서울특별시 성동구 금호동3가,경상사고,0.0,0.0,1.0,0.0,차대사람 - 기타,안전운전불이행,건조,맑음,단일로 - 기타,기타불명,기타불명,미분류,기타불명,보행자,남,11세,경상,37.45149896480509,126.90801125180587
2019111900100433.0,2019년 11월 19일 15시,화요일,서울특별시 은평구 불광동,중상사고,0.0,1.0,0.0,0.0,차대사람 - 횡단중,안전운전불이행,건조,맑음,단일로 - 기타,승용,여,67세,상해없음,보행자,여,9세,중상,37.54873902578446,127.0196011967086
2019111900100480.0,2019년 11월 19일 16시,화요일,서울특별시 광진구 광장동,경상사고,0.0,0.0,1.0,0.0,차대사람 - 횡단중,보행자보호의무위반,기타,맑음,단일로 - 기타,승용,여,48세,상해없음,보행자,남,7세,경상,37.62581071841717,126.92811772366107
2019112000100140.0,2019년 11월 20일 08시,수요일,서울특별시 송파구 문정동,중상사고,0.0,1.0,0.0,0.0,차대사람 - 기타,안전운전불이행,건조,맑음,단일로 - 기타,화물,남,50세,상해없음,보행자,남,9세,중상,37.54157151782672,127.09616821437388
2019112000100397.0,2019년 11월 20일 14시,수요일,서울특별시 관악구 봉천동,경상사고,0.0,0.0,1.0,0.0,차대사람 - 기타,안전운전불이행,건조,맑음,교차로 - 교차로부근,승용,남,56세,상해없음,보행자,남,11세,경상,37.48906476919899,127.11426708263896
2019112000100486.0,2019년 11월 20일 16시,수요일,서울특별시 강서구 염창동,중상사고,0.0,1.0,0.0,0.0,차대사람 - 횡단중,안전운전불이행,건조,맑음,단일로 - 기타,승용,남,30세,상해없음,보행자,남,12세,중상,37.48060555116064,126.95716297720652
2019112000100576.0,2019년 11월 20일 18시,수요일,서울특별시 광진구 능동,경상사고,0.0,0.0,1.0,0.0,차대사람 - 횡단중,보행자보호의무위반,기타,맑음,기타 - 기타,이륜,남,44세,상해없음,보행자,여,8세,경상,37.55309477168011,126.8704934383592
2019112200100137.0,2019년 11월 22일 08시,금요일,서울특별시 강서구 화곡동,중상사고,0.0,1.0,0.0,0.0,차대사람 - 기타,보행자보호의무위반,건조,맑음,단일로 - 기타,승용,여,40세,상해없음,보행자,남,8세,중상,37.55595289833228,127.08200621806866
2019112200100424.0,2019년 11월 22일 15시,금요일,서울특별시 노원구 월계동,경상사고,0.0,0.0,1.0,0.0,차대사람 - 횡단중,보행자보호의무위반,건조,맑음,교차로 - 교차로횡단보도내,승용,남,69세,상해없음,보행자,여,10세,경상,37.54774233489197,126.84590501457188
2019112200100591.0,2019년 11월 22일 18시,금요일,서울특별시 종로구 동숭동,경상사고,0.0,0.0,1.0,0.0,차대사람 - 횡단중,신호위반,건조,맑음,단일로 - 기타,승합,남,33세,상해없음,보행자,남,8세,경상,37.632194973227776,127.04238860504536
2019112400100165.0,2019년 11월 24일 11시,일요일,서울특별시 서초구 양재동,중상사고,0.0,1.0,0.0,0.0,차대사람 - 기타,보행자보호의무위반,건조,맑음,기타 - 기타,승용,남,36세,상해없음,보행자,남,5세,중상,37.5787447164139,127.00214874366723
2019112400100237.0,2019년 11월 24일 14시,일요일,서울특별시 영등포구 문래동4가,경상사고,0.0,0.0,1.0,0.0,차대사람 - 기타,안전운전불이행,젖음/습기,비,단일로 - 기타,승용,남,33세,상해없음,보행자,여,11세,경상,37.46746234816569,127.03504897504632
2019112400100483.0,2019년 11월 24일 20시,일요일,서울특별시 양천구 목동,중상사고,0.0,1.0,0.0,0.0,차대사람 - 기타,안전운전불이행,젖음/습기,흐림,단일로 - 기타,기타불명,기타불명,미분류,기타불명,보행자,여,11세,중상,37.51555985414819,126.88883472058912
2019112500100171.0,2019년 11월 25일 09시,월요일,서울특별시 강서구 화곡동,중상사고,0.0,1.0,0.0,0.0,차대사람 - 차도통행중,안전운전불이행,건조,맑음,단일로 - 기타,승용,남,64세,상해없음,보행자,남,6세,중상,37.5408839976578,126.86589853258052
2019112500100497.0,2019년 11월 25일 18시,월요일,서울특별시 용산구 원효로2가,경상사고,0.0,0.0,1.0,0.0,차대사람 - 횡단중,신호위반,건조,맑음,교차로 - 교차로횡단보도내,승용,남,38세,기타불명,보행자,남,12세,경상,37.54884571995444,126.8531292847878
2019112500100568.0,2019년 11월 25일 19시,월요일,서울특별시 송파구 풍납동,경상사고,0.0,0.0,1.0,0.0,차대사람 - 기타,안전운전불이행,건조,맑음,단일로 - 기타,화물,남,32세,상해없음,보행자,남,11세,경상,37.53790898914381,126.96601816561672
2019112600100108.0,2019년 11월 26일 07시,화요일,서울특별시 금천구 시흥동,경상사고,0.0,0.0,1.0,0.0,차대사람 - 횡단중,신호위반,건조,맑음,교차로 - 교차로횡단보도내,화물,남,61세,상해없음,보행자,여,12세,경상,37.53680064856512,127.12260111562613
2019112900100332.0,2019년 11월 29일 13시,금요일,서울특별시 구로구 신도림동,경상사고,0.0,0.0,1.0,0.0,차대사람 - 횡단중,보행자보호의무위반,건조,맑음,교차로 - 교차로횡단보도내,화물,남,44세,상해없음,보행자,여,9세,경상,37.45341669845277,126.90399370442526
2019112900100535.0,2019년 11월 29일 17시,금요일,서울특별시 강남구 수서동,중상사고,0.0,1.0,0.0,0.0,차대사람 - 횡단중,보행자보호의무위반,건조,맑음,교차로 - 교차로횡단보도내,승용,남,42세,상해없음,보행자,남,8세,중상,37.50684374594708,126.8853530814068
2019113000100249.0,2019년 11월 30일 11시,토요일,서울특별시 노원구 중계동,경상사고,0.0,0.0,1.0,0.0,차대사람 - 횡단중,신호위반,건조,맑음,교차로 - 교차로횡단보도내,이륜,남,34세,상해없음,보행자,남,10세,경상,37.48838318964217,127.10172594971206
2019120200100097.0,2019년 12월 2일 08시,월요일,서울특별시 동작구 신대방동,경상사고,0.0,0.0,1.0,0.0,차대사람 - 횡단중,보행자보호의무위반,건조,맑음,교차로 - 교차로횡단보도내,승용,여,47세,상해없음,보행자,남,8세,경상,37.65062535208483,127.07561533690442
2019120200100414.0,2019년 12월 2일 17시,월요일,서울특별시 송파구 오금동,경상사고,0.0,0.0,2.0,0.0,차대사람 - 횡단중,보행자보호의무위반,건조,맑음,교차로 - 교차로횡단보도내,승용,여,57세,상해없음,보행자,여,33세,경상,37.49436415113481,126.9163836800728
2019120200100563.0,2019년 12월 2일 20시,월요일,서울특별시 노원구 상계동,경상사고,0.0,0.0,1.0,0.0,차대사람 - 횡단중,중앙선침범,건조,맑음,단일로 - 기타,이륜,남,18세,상해없음,보행자,여,11세,경상,37.5059540013146,127.13627707238084
2019120400100184.0,2019년 12월 4일 08시,수요일,서울특별시 강서구 내발산동,경상사고,0.0,0.0,1.0,0.0,차대사람 - 기타,안전운전불이행,젖음/습기,맑음,교차로 - 교차로부근,승용,여,46세,상해없음,보행자,남,10세,경상,37.66990908264932,127.05954002802888
2019120400100399.0,2019년 12월 4일 13시,수요일,서울특별시 양천구 신정동,경상사고,0.0,0.0,1.0,0.0,차대사람 - 기타,안전운전불이행,건조,맑음,단일로 - 기타,이륜,남,24세,상해없음,보행자,남,10세,경상,37.54945509602945,126.83305230220824
2019120400100443.0,2019년 12월 4일 15시,수요일,서울특별시 동작구 노량진동,중상사고,0.0,1.0,0.0,0.0,차대사람 - 횡단중,보행자보호의무위반,건조,맑음,교차로 - 교차로횡단보도내,승합,남,27세,상해없음,보행자,남,7세,중상,37.52638096248331,126.8525424291768
2019120400100445.0,2019년 12월 4일 15시,수요일,서울특별시 강남구 청담동,경상사고,0.0,0.0,1.0,0.0,차대사람 - 기타,안전운전불이행,건조,맑음,단일로 - 기타,승용,여,31세,상해없음,보행자,남,6세,경상,37.50810019970004,126.94621509114982
2019120400100475.0,2019년 12월 4일 16시,수요일,서울특별시 중랑구 면목동,경상사고,0.0,0.0,1.0,0.0,차대사람 - 차도통행중,보행자보호의무위반,건조,맑음,단일로 - 기타,화물,남,72세,상해없음,보행자,남,11세,경상,37.52631803063823,127.04350015783064
2019120500100129.0,2019년 12월 5일 08시,목요일,서울특별시 동작구 상도동,경상사고,0.0,0.0,1.0,0.0,차대사람 - 횡단중,신호위반,건조,맑음,교차로 - 교차로부근,승용,남,29세,상해없음,보행자,남,9세,경상,37.57803387223999,127.0891082948054
2019120500100334.0,2019년 12월 5일 14시,목요일,서울특별시 강남구 일원동,경상사고,0.0,0.0,1.0,0.0,차대사람 - 기타,안전운전불이행,건조,맑음,교차로 - 교차로안,건설기계,남,34세,상해없음,보행자,남,11세,경상,37.50859181443398,126.94918721137432
2019120500100365.0,2019년 12월 5일 15시,목요일,서울특별시 금천구 독산동,중상사고,0.0,1.0,0.0,0.0,차대사람 - 횡단중,안전운전불이행,건조,맑음,단일로 - 기타,화물,남,26세,상해없음,보행자,남,8세,중상,37.49015810596809,127.08066502871829
2019120500100448.0,2019년 12월 5일 17시,목요일,서울특별시 광진구 능동,경상사고,0.0,0.0,1.0,0.0,차대사람 - 기타,안전운전불이행,건조,맑음,단일로 - 기타,승용,남,36세,상해없음,보행자,여,11세,경상,37.4639173159807,126.89684293063844
2019120600100634.0,2019년 12월 6일 20시,금요일,서울특별시 양천구 신정동,중상사고,0.0,1.0,0.0,0.0,차대사람 - 보도통행중,기타,건조,맑음,단일로 - 기타,이륜,남,55세,상해없음,보행자,여,12세,중상,37.552060495260974,127.08754141873614
2019120700100528.0,2019년 12월 7일 19시,토요일,서울특별시 구로구 개봉동,중상사고,0.0,1.0,1.0,0.0,차대사람 - 기타,안전운전불이행,건조,맑음,교차로 - 교차로안,승용,남,58세,상해없음,보행자,여,48세,중상,37.52025607974621,126.86831378443192
2019120900100439.0,2019년 12월 9일 17시,월요일,서울특별시 중랑구 망우동,경상사고,0.0,0.0,1.0,0.0,차대사람 - 기타,보행자보호의무위반,건조,맑음,교차로 - 교차로횡단보도내,화물,남,59세,상해없음,보행자,남,11세,경상,37.491303741629125,126.85315076186548
2019121000100155.0,2019년 12월 10일 08시,화요일,서울특별시 서초구 서초동,경상사고,0.0,0.0,1.0,0.0,차대사람 - 횡단중,신호위반,건조,맑음,교차로 - 교차로안,승용,여,49세,상해없음,보행자,여,7세,경상,37.59810052834747,127.1030563303324
2019121000100493.0,2019년 12월 10일 18시,화요일,서울특별시 성북구 길음동,부상신고사고,0.0,0.0,0.0,1.0,차대사람 - 횡단중,안전운전불이행,건조,맑음,교차로 - 교차로안,승합,남,63세,상해없음,보행자,여,9세,부상신고,37.48900315886237,127.03005145049728
2019121100100136.0,2019년 12월 11일 08시,수요일,서울특별시 성북구 종암동,경상사고,0.0,0.0,2.0,0.0,차대사람 - 기타,안전운전불이행,건조,맑음,교차로 - 교차로안,화물,남,38세,기타불명,보행자,여,41세,경상,37.60825256012379,127.02123537290696
2019121100100314.0,2019년 12월 11일 14시,수요일,서울특별시 강남구 일원동,경상사고,0.0,0.0,1.0,0.0,차대사람 - 차도통행중,안전운전불이행,건조,맑음,교차로 - 교차로부근,이륜,남,69세,상해없음,보행자,남,7세,경상,37.60078027731341,127.03471901809036
2019121200100503.0,2019년 12월 12일 18시,목요일,서울특별시 송파구 신천동,경상사고,0.0,0.0,1.0,0.0,차대사람 - 기타,안전운전불이행,건조,맑음,교차로 - 교차로안,승합,남,63세,상해없음,보행자,남,5세,경상,37.49112876846976,127.08754865377828
2019121300100135.0,2019년 12월 13일 08시,금요일,서울특별시 도봉구 창동,경상사고,0.0,0.0,2.0,0.0,차대사람 - 횡단중,보행자보호의무위반,건조,맑음,교차로 - 교차로안,승용,남,56세,상해없음,보행자,여,39세,경상,37.52051750333893,127.11281514029892
2019121300100359.0,2019년 12월 13일 15시,금요일,서울특별시 강동구 성내동,부상신고사고,0.0,0.0,0.0,1.0,차대사람 - 차도통행중,안전운전불이행,건조,맑음,단일로 - 기타,화물,남,54세,상해없음,보행자,남,3세,부상신고,37.64257289828589,127.05270779575478
2019121400100370.0,2019년 12월 14일 13시,토요일,서울특별시 강북구 번동,경상사고,0.0,0.0,1.0,0.0,차대사람 - 기타,안전운전불이행,건조,맑음,교차로 - 교차로횡단보도내,승용,남,34세,상해없음,보행자,남,9세,경상,37.53160611527352,127.13028971070511
2019121500100368.0,2019년 12월 15일 17시,일요일,서울특별시 성동구 행당동,경상사고,0.0,0.0,1.0,0.0,차대사람 - 기타,안전운전불이행,건조,맑음,단일로 - 기타,승용,남,65세,상해없음,보행자,여,2세,경상,37.62773037029268,127.0416226882963
2019121600100380.0,2019년 12월 16일 15시,월요일,서울특별시 양천구 신정동,경상사고,0.0,0.0,1.0,0.0,차대사람 - 기타,안전운전불이행,건조,맑음,단일로 - 기타,승용,여,34세,상해없음,보행자,남,6세,경상,37.55961515106996,127.03228039145613
2019121600100610.0,2019년 12월 16일 20시,월요일,서울특별시 영등포구 문래동3가,중상사고,0.0,1.0,0.0,0.0,차대사람 - 횡단중,보행자보호의무위반,건조,맑음,교차로 - 교차로안,승용,여,35세,상해없음,보행자,남,11세,중상,37.51851729652093,126.8718477511661
2019121600100650.0,2019년 12월 16일 22시,월요일,서울특별시 송파구 방이동,경상사고,0.0,0.0,1.0,0.0,차대사람 - 기타,안전운전불이행,건조,기타,교차로 - 교차로부근,승용,여,55세,상해없음,보행자,여,11세,경상,37.51911678261192,126.8951767347404
2019121700100382.0,2019년 12월 17일 16시,화요일,서울특별시 은평구 불광동,경상사고,0.0,0.0,1.0,0.0,차대사람 - 횡단중,보행자보호의무위반,건조,맑음,교차로 - 교차로횡단보도내,승용,남,66세,상해없음,보행자,남,10세,경상,37.51362794549268,127.12297808834808
2019121800100550.0,2019년 12월 18일 21시,수요일,서울특별시 구로구 구로동,경상사고,0.0,0.0,1.0,0.0,차대사람 - 횡단중,보행자보호의무위반,건조,맑음,교차로 - 교차로횡단보도내,기타불명,기타불명,미분류,기타불명,보행자,남,12세,경상,37.621548154834464,126.92641662275382
2019121900100445.0,2019년 12월 19일 17시,목요일,서울특별시 도봉구 창동,중상사고,0.0,1.0,0.0,0.0,차대사람 - 횡단중,보행자보호의무위반,건조,맑음,교차로 - 교차로안,기타불명,기타불명,미분류,기타불명,보행자,남,11세,중상,37.4905359711964,126.88145970520738
2019122200100339.0,2019년 12월 22일 17시,일요일,서울특별시 중랑구 신내동,중상사고,0.0,1.0,1.0,0.0,차대사람 - 횡단중,신호위반,건조,맑음,교차로 - 교차로부근,승용,남,44세,상해없음,보행자,여,38세,중상,37.64160565313494,127.03336503210244
2019122300100430.0,2019년 12월 23일 17시,월요일,서울특별시 서대문구 남가좌동,경상사고,0.0,0.0,1.0,0.0,차대사람 - 횡단중,보행자보호의무위반,건조,맑음,교차로 - 교차로횡단보도내,승용,남,58세,상해없음,보행자,남,12세,경상,37.60572688958214,127.09801953783771
2019122400100280.0,2019년 12월 24일 12시,화요일,서울특별시 마포구 망원동,경상사고,0.0,0.0,1.0,0.0,차대사람 - 횡단중,신호위반,건조,맑음,단일로 - 기타,이륜,남,27세,상해없음,보행자,남,7세,경상,37.57583208344693,126.9263937528756
2019122600100230.0,2019년 12월 26일 12시,목요일,서울특별시 은평구 역촌동,중상사고,0.0,1.0,0.0,0.0,차대사람 - 횡단중,신호위반,건조,맑음,단일로 - 기타,화물,남,52세,상해없음,보행자,남,8세,중상,37.55745052879849,126.90571350428203
2019122700100385.0,2019년 12월 27일 16시,금요일,서울특별시 광진구 광장동,경상사고,0.0,0.0,1.0,0.0,차대사람 - 보도통행중,안전운전불이행,건조,맑음,단일로 - 기타,자전거,남,82세,상해없음,보행자,남,8세,경상,37.6012936096963,126.91509623287888
2019122800100279.0,2019년 12월 28일 14시,토요일,서울특별시 마포구 서교동,중상사고,0.0,1.0,0.0,1.0,차대사람 - 횡단중,중앙선침범,건조,맑음,교차로 - 교차로부근,이륜,남,31세,상해없음,보행자,여,47세,중상,37.54290604250985,127.10162852583196
2019123000100063.0,2019년 12월 30일 06시,월요일,서울특별시 은평구 불광동,부상신고사고,0.0,0.0,0.0,1.0,차대사람 - 횡단중,신호위반,건조,흐림,교차로 - 교차로횡단보도내,이륜,남,68세,상해없음,보행자,남,9세,부상신고,37.55637903525944,126.9259768087136
2019123000100246.0,2019년 12월 30일 13시,월요일,서울특별시 강남구 대치동,경상사고,0.0,0.0,2.0,0.0,차대사람 - 기타,기타,젖음/습기,흐림,교차로 - 교차로부근,승용,여,36세,상해없음,보행자,여,41세,경상,37.62505642394683,126.92870144838176
2019123100100165.0,2019년 12월 31일 10시,화요일,서울특별시 강서구 화곡동,부상신고사고,0.0,0.0,0.0,1.0,차대사람 - 기타,안전운전불이행,건조,맑음,교차로 - 교차로안,승용,남,48세,상해없음,보행자,여,8세,부상신고,37.5032560266254,127.05871071021616
2019123100100287.0,2019년 12월 31일 14시,화요일,서울특별시 노원구 월계동,부상신고사고,0.0,0.0,0.0,1.0,차대사람 - 횡단중,보행자보호의무위반,건조,맑음,교차로 - 교차로안,화물,남,75세,상해없음,보행자,남,7세,부상신고,37.53351809084994,126.85390684551498
,,,,,,,,,,,,,,,,,,,,,,37.63084164438137,127.05860338335924